,20.703125,20.923056722689076,21.14298844537815,21.362920168067227,21.582851890756302,21.802783613445378,22.022715336134453,22.24264705882353,22.462578781512605,22.68251050420168,22.902442226890756,23.12237394957983,23.342305672268907,23.562237394957982,23.782169117647058,24.002100840336134,24.22203256302521,24.441964285714285,24.66189600840336,24.881827731092436,25.10175945378151,25.321691176470587,25.541622899159663,25.761554621848738,25.981486344537814,26.20141806722689,26.421349789915965,26.64128151260504,26.861213235294116,27.08114495798319,27.301076680672267,27.521008403361343,27.74094012605042,27.960871848739494,28.18080357142857,28.400735294117645,28.62066701680672,28.840598739495796,29.06053046218487,29.280462184873947,29.500393907563023,29.7203256302521,29.940257352941174,30.16018907563025,30.380120798319325,30.6000525210084,30.819984243697476,31.039915966386552,31.25984768907563,31.479779411764707,31.699711134453782,31.919642857142858,32.13957457983193,32.35950630252101,32.57943802521008,32.79936974789916,33.01930147058823,33.239233193277315,33.45916491596638,33.679096638655466,33.899028361344534,34.11896008403362,34.338891806722685,34.55882352941177,34.77875525210084,34.99868697478992,35.21861869747899,35.43855042016807,35.65848214285714,35.87841386554622,36.09834558823529,36.31827731092437,36.53820903361344,36.758140756302524,36.97807247899159,37.198004201680675,37.41793592436974,37.637867647058826,37.857799369747895,38.07773109243698,38.297662815126046,38.51759453781513,38.7375262605042,38.95745798319328,39.17738970588235,39.39732142857143,39.6172531512605,39.83718487394958,40.05711659663865,40.27704831932773,40.4969800420168,40.716911764705884,40.93684348739495,41.156775210084035,41.376706932773104,41.596638655462186,41.81657037815126,42.03650210084034,42.25643382352941,42.47636554621849,42.696297268907564,42.91622899159664,43.136160714285715,43.35609243697479,43.576024159663866,43.79595588235294,44.01588760504202,44.23581932773109,44.45575105042017,44.675682773109244,44.89561449579832,45.115546218487395,45.33547794117647,45.55540966386555,45.77534138655462,45.9952731092437,46.21520483193277,46.43513655462185,46.655068277310924,46.875
11.0,1.722299774292495e-32,1.722299774292495e-32,1.7222997742924953e-32,1.722299774292495e-32,1.7222997742924953e-32,1.7222997742925016e-32,1.7222997744221704e-32,1.722302409506456e-32,1.7766671515997532e-32,0.4805914972273567,0.4805914972273567,0.4805914972273567,0.4805914972273567,0.4805914972273567,0.4805914972273567,0.4805914972273567,1.6461481128020633e-11,1.282188350150039e-10,1.0202577748772767e-09,8.261566184758417e-09,6.784412415376827e-08,5.63382151158407e-07,4.719790343710646e-06,3.981586783243907e-05,0.0003375523756513073,0.0028585094125202345,0.023230602725153968,0.14178073446919556,0.36372865462136067,0.4628180800710981,0.4940351151215669,0.5102976586477491,0.5193381190342803,0.5196703882750721,0.5079285469743351,0.48224873560572534,0.4468291050646196,0.41346787327300316,0.3950773752049263,0.3964452133450644,0.41036707208177475,0.4203647008872757,0.41803128099528075,0.4202798520404981,0.4386348010727406,0.4718010117156676,0.5269488350989567,0.6046809354524711,0.6599688079651284,0.6339420649842872,0.5308214444125516,0.4310973559380263,0.41175420836985294,0.45115316839654807,0.4743308205769763,0.420650604011226,0.29326824805165486,0.1816432295711395,0.15094788816659693,0.18736534176296615,0.24015119178075847,0.2626873213437718,0.24579720968339533,0.20678151913349643,0.16594546474937522,0.1333959622576176,0.10134132452922034,0.07553126876014397,0.07195062785138188,0.09372060182472627,0.14094573004643285,0.2147083270260972,0.31357903976296725,0.42993675550252186,0.5453646891850354,0.5086811313129902,0.08737913912988804,0.009640617909824619,0.006258720495900381,0.006628976230286342,0.007446321509314805,0.008920976192448951,0.011879204490804856,0.01818488532105487,0.031561847036707315,0.05523053556477674,0.06588972901298457,0.033252857755379575,0.010034263071454443,0.0026922361314523973,0.000737994393784702,0.00032349077425888016,0.0005987362214265106,0.0021712240294511913,0.00841986244610196,0.03222784767876012,0.11554585101578892,0.33885029655125154,0.6678462263460375,0.887488635760746,0.9686965461018199,0.9918301749738517,0.9979047518557733,0.4805914972273567,0.4805914972273567,0.4805914972273567,0.4805914972273567,0.4805914972273567,0.4805914972273567,0.4805914972273567,2.3345093795591043e-15,8.715340028767247e-19,3.2536665940223063e-22,1.2146796648339365e-25,4.534719970607282e-29,1.69293072133845e-32,6.320157464690666e-36,2.359481689061901e-39,8.808568255017351e-43,3.28847115292291e-46
11.15126050420168,3.3838582727302485e-31,3.3838582727302485e-31,3.3838582727302485e-31,3.3838582727302485e-31,3.383858272730248e-31,3.3838582727302485e-31,3.3838582727383217e-31,3.3838584331538543e-31,3.3870724985181003e-31,6.84696737454352e-30,0.4805914972273567,0.4805914972273567,0.4805914972273567,0.4805914972273567,0.4805914972273567,0.4805914972273567,1.1169381038439337e-11,8.058488081785091e-11,5.985702797940217e-10,4.564904045158335e-09,3.562449177531468e-08,2.834914688106797e-07,2.2927659015789214e-06,1.8789722045682656e-05,0.00015560192328481942,0.0012960293216625687,0.010617466732712643,0.07419951451710204,0.26483744265570625,0.4003874002134293,0.4471956187838044,0.47266926757064065,0.4922362478700607,0.5060039345656642,0.509083964257643,0.494847841497761,0.4642849796922415,0.4322420007794143,0.4153251460670104,0.41792990244437594,0.4305153525569346,0.4371809783617244,0.4350233715624086,0.4392602622710808,0.4544454507613802,0.4770271464673643,0.5140575631684968,0.5709774028734419,0.6156166832797171,0.5983424482719915,0.5187652757082853,0.441115118766601,0.4270484682027887,0.45167498930811667,0.44924206092275154,0.38035138256512796,0.26754549412927536,0.18197259972587812,0.1634862733288805,0.2007406740211099,0.25464571163368804,0.2834494049546954,0.2723895747005203,0.23458237576781898,0.19502167579458066,0.16806579000939534,0.13996560917884163,0.11178251312491615,0.10701829076151094,0.13447024359567095,0.1930234439183907,0.28007168900977475,0.3894950416754102,0.5095157437693526,0.6217212231274476,0.6096106952745445,0.14388286041951814,0.021097791055072382,0.01566480956469034,0.01670436869206581,0.018727833680797293,0.022346403808122594,0.02950513288440137,0.04428198452317385,0.07309012334571488,0.11189028123588883,0.10335495173844096,0.04455673300307191,0.013152955568637556,0.0035445371644825144,0.0010148286313936467,0.0006019566546700061,0.001479632949308779,0.005553657754412066,0.021383476745655314,0.07894254024284222,0.25163209921663937,0.5687997869098691,0.8380564970483521,0.9530560604789524,0.9876002427268892,0.9968098196728302,0.9991848834426982,0.4805914972273567,0.4805914972273567,0.4805914972273567,0.4805914972273567,0.4805914972273567,0.4805914972273567,7.138172890406023e-12,2.6648684502698178e-15,9.948657683449447e-19,3.7140966448995087e-22,1.3865703622110133e-25,5.176433338109823e-29,1.9324992682785422e-32,7.21453011748974e-36,2.6933746196204616e-39,1.005507874175997e-42,3.753826436414543e-46
11.302521008403362,6.648376189115712e-30,6.648376189115712e-30,6.64837618911571e-30,6.64837618911571e-30,6.64837618911571e-30,6.648376189115712e-30,6.648376189116232e-30,6.648376199330024e-30,6.648577783512147e-30,1.065141265188795e-29,8.01101556704834e-26,0.4805914972273567,0.4805914972273567,0.4805914972273567,0.4805914972273567,1.4652821851210688e-12,9.53241965246296e-12,6.371395007436056e-11,4.3825362679270173e-10,3.103653342045895e-09,2.261186984336572e-08,1.691643224631979e-07,1.2961692059919535e-06,1.0141582941922481e-05,8.07739864269606e-05,0.0006520663122528173,0.0052599689948520075,0.038949386352094176,0.17958013690937416,0.33736143645885686,0.4015021401745887,0.43544460362910625,0.4639650378688829,0.49006921964756517,0.5094861080565176,0.5117591975098634,0.49066845439995505,0.4607985304734611,0.4442343557710528,0.4462644891249436,0.4546820347412066,0.4552528363843714,0.4516315968545813,0.45782171804008537,0.47202978996781997,0.4873201775929407,0.5090379881266964,0.5449655106897107,0.575226886525369,0.5633658384080973,0.507043744971573,0.45098988001790996,0.4384888404875452,0.44584922228534773,0.42223246302576456,0.3494602400074476,0.257759041722058,0.19613164538468977,0.18709276558613339,0.22242207194618152,0.2724589725258865,0.30179561834493257,0.29321530885364944,0.25670525005188083,0.22180741939221865,0.20388255926446286,0.18420137273372442,0.15865448796079615,0.15498973995260892,0.1891278902161408,0.25886419969174385,0.3567518676354898,0.4717321132861724,0.589314972254889,0.6930330480275061,0.6992157550934709,0.22930993995230395,0.046644681175124963,0.038215855526731735,0.040811499899711126,0.04551274683281232,0.053778444984465934,0.0696021848383994,0.09998057483657981,0.14982230226854848,0.1901947883557683,0.14279749885800902,0.057765010115596246,0.017138432511693766,0.00467461685618201,0.0014486375235291992,0.0012452977277285944,0.0037207277375634206,0.014149693965950923,0.05323940018847693,0.18072648670873648,0.4639253458215449,0.77247399852808,0.9301643098229085,0.981221723137655,0.9951454826080327,0.998758088292503,0.9996831427017029,0.999919213464905,0.4805914972273567,0.4805914972273567,0.4805914972273567,0.4805914972273567,0.4805914972273567,8.148303834096282e-12,3.0419770078562195e-15,1.1356503518596262e-18,4.239682674616188e-22,1.5827855071771783e-25,5.90895629224631e-29,2.2059694320772516e-32,8.235466459017125e-36,3.0745171175708054e-39,1.1477984341598825e-42,4.285034674000405e-46
11.453781512605042,1.3062280506309622e-28,1.3062280506309624e-28,1.3062280506309622e-28,1.3062280506309624e-28,1.3062280506309622e-28,1.3062280506309624e-28,1.3062280506309657e-28,1.3062280506975384e-28,1.3062293538677052e-28,1.3318331471557235e-28,5.0671775977827513e-26,0.4805914972273567,0.4805914972273567,0.4805914972273567,0.4805914972273567,1.56371469089347e-12,9.673121634102036e-12,6.10219569459103e-11,3.936872050184943e-10,2.603944656547884e-09,1.7688825722968095e-08,1.235159258898742e-07,8.863991254834646e-07,6.5302292350677635e-06,4.9291264990783846e-05,0.0003799651662306415,0.0029622116971946017,0.022132665012047283,0.12002055075727051,0.28205140223302383,0.3638766452398382,0.4058199562189501,0.44202832406260667,0.4788608830195578,0.513454190397208,0.5332020438684516,0.5235082993413722,0.4950410400529054,0.4761211376870122,0.47458176069949753,0.47620217774543155,0.4695888392845386,0.46421782414473567,0.47293737687072257,0.489037709882126,0.5021887331167761,0.5151151587217146,0.534846751897962,0.5498815677703491,0.5374056109040501,0.4972963172096438,0.4589029814849137,0.44778680650190783,0.44199768147755025,0.40625953272093257,0.33835394365600263,0.2679168501468012,0.22617969665468032,0.2249183853326346,0.2570518637669793,0.29888428991465255,0.3215795510714632,0.3094046100091514,0.27298438500631816,0.2449338209675576,0.2371253958605688,0.22900347353554995,0.21291004311940617,0.2153770954774686,0.2578530273119496,0.3374652517230821,0.4419572070159459,0.5564519647821008,0.6658974960972036,0.7570404992085992,0.7723825649324322,0.34539456782788847,0.10004342282312759,0.08744242702949973,0.09287816257709153,0.10233173997387211,0.11838239927330094,0.14705560783253116,0.19483807315711008,0.25298839636558573,0.2667644237525747,0.1796521818229365,0.0731160414752084,0.022214782736949282,0.006191854271388744,0.0021984482727079916,0.0028016814792431607,0.009417616050563349,0.035598515379610694,0.12642662223806167,0.36214597158951467,0.6901513465030247,0.8973122967055588,0.9716562096791511,0.9926192789529669,0.9981082461785592,0.9995171100888104,0.999876866747017,0.9999686100833606,0.4805914972273567,0.4805914972273567,0.4805914972273567,0.4805914972273567,2.49148710184505e-08,9.301379553579572e-12,3.4724506252415336e-15,1.2963575215020557e-18,4.839644979654802e-22,1.8067672799058878e-25,6.745139400641195e-29,2.518138668996286e-32,9.400876660446267e-36,3.50959552279731e-39,1.310224692710144e-42,4.891414791921943e-46
11.605042016806722,2.566388651485282e-27,2.5663886514852815e-27,2.566388651485282e-27,2.566388651485282e-27,2.566388651485282e-27,2.5663886514852815e-27,2.5663886514852822e-27,2.566388651489684e-27,2.566388737247925e-27,2.568063463540949e-27,3.5368248407267197e-26,6.447904650719186e-22,0.4805914972273567,0.4805914972273567,0.4805914972273567,1.824227904901364e-12,1.0937126617026032e-11,6.644099849761699e-11,4.100047957226336e-10,2.577103485295895e-09,1.6543133224834984e-08,1.0871349327194969e-07,7.32731965813841e-07,5.071192209682944e-06,3.605000248670151e-05,0.0002629467920251408,0.0019561821392077,0.01432172049741775,0.084510968201493,0.24083022757513403,0.33977764882969896,0.38938396171584927,0.432085917975703,0.47770911755139506,0.524178419505834,0.5570473691242422,0.5547423802657773,0.5238473959900128,0.49927580369137203,0.4925165594379474,0.4880431616744986,0.4766430447360998,0.4711366118940353,0.4834041039931476,0.5037711135720638,0.5193541910692255,0.5299856061775442,0.5396208044078444,0.5409087954249407,0.5228547427900525,0.49088998786669374,0.46662495137208065,0.4616972192193329,0.4522791498313567,0.41361091468119454,0.35331848008278827,0.2991174600822406,0.27217877490104364,0.27754378880322433,0.3061765594554786,0.33686275449929093,0.34666748369364525,0.3246389307859529,0.28611910771353294,0.2642323964284969,0.2648267972143739,0.2683225258852908,0.26692603973726303,0.28228464352571414,0.33592653828588787,0.42381015757509727,0.5302682464829601,0.6388372324974352,0.7358881766414549,0.8112142666034166,0.8235380304700858,0.47481817804356685,0.19404305516657328,0.1755568383395149,0.18389499825760167,0.19820169296165918,0.22103502735757893,0.2573225905185947,0.30593864558765343,0.34359842928440243,0.32096932838887765,0.21197336398979766,0.09068051013424545,0.02864011615128111,0.008277510765900258,0.003644070055731452,0.0066591533178231195,0.02375110045354836,0.08672852705551316,0.27138784335101507,0.5937065283827834,0.8514733012083906,0.957429445488889,0.9887932841950104,0.997119348395181,0.9992641407194637,0.9998123261024183,0.9999521551122525,0.9999878036174668,0.9999962081829556,0.4805914972273567,0.4805914972273567,0.4805914972273567,2.844060258094126e-08,1.0617628326242848e-11,3.96384105257847e-15,1.4798065450365636e-18,5.524508631113122e-22,2.0624449673919688e-25,7.699651729321966e-29,2.874483328775484e-32,1.0731205381591791e-35,4.006242366726795e-39,1.4956360753740695e-42,5.583604448245006e-46
11.756302521008404,5.042267089036391e-26,5.042267089036391e-26,5.0422670890363905e-26,5.042267089036391e-26,5.0422670890363905e-26,5.0422670890363916e-26,5.042267089036391e-26,5.0422670890366855e-26,5.042267094750375e-26,5.042378279883271e-26,7.210060226241991e-26,4.236822636891887e-22,0.4805914972273567,0.4805914972273567,0.4805914972273567,2.2431523168702047e-12,1.3195006712522523e-11,7.829333652699109e-11,4.695005329433384e-10,2.8516628308822564e-09,1.7586179009450277e-08,1.104042314538246e-07,7.074284984236572e-07,4.63809872674966e-06,3.1179746332654255e-05,0.00021517966991934346,0.00152076053153906,0.010744792991484738,0.06549466148706688,0.21553255450429623,0.33148160933085,0.38838703199334235,0.435936454175579,0.48762701592931174,0.5410661249425661,0.5791906672490862,0.5757912855663618,0.5370793181873816,0.5052483332501042,0.49481753783335813,0.48837241508810025,0.47667096090016053,0.4734503716614084,0.4899599859403605,0.515120926222417,0.53452705661358,0.5455920754385931,0.549120011980098,0.539948167259323,0.5161377692192136,0.48960092726912924,0.4795623307140667,0.48749088433755067,0.484086373080258,0.4485962306684905,0.39414165435589427,0.3489340677760285,0.33090714492413714,0.34065995218241996,0.3649986250759842,0.38318571644003585,0.37727020826802016,0.34216178421114957,0.2989948319578594,0.2797492832831392,0.28491396812460645,0.29669079268532006,0.3102381728441773,0.3432703894853194,0.41172008312124025,0.5077550435966303,0.6135155992122369,0.713038898728422,0.7950801410974492,0.8502060921154908,0.8412762385705901,0.5737236476133746,0.31388458175007794,0.28807669235101135,0.2959211100731271,0.3098952897054412,0.33037641560343994,0.35838093315479513,0.3867433851720573,0.39403998801848916,0.35037964683032286,0.23895147166386752,0.11021019144733217,0.03670260268392651,0.011267041904074265,0.006716822183646135,0.0162844474348286,0.05875679187028587,0.19637127941559093,0.4894395325745601,0.7899592983072574,0.9365279323819549,0.9830178871867516,0.9956157814132373,0.9988787979007877,0.9997139659583463,0.9999270741997961,0.9999814101564025,0.9999952611477161,0.9999981937944047,0.4805914972273567,0.4805914972273567,8.695458364376967e-05,3.246526438625654e-08,1.2120140955954096e-11,4.52476869675103e-15,1.6892156480071638e-18,6.306288114840269e-22,2.354303894490517e-25,8.789238180491167e-29,3.28125472561908e-32,1.2249790429272394e-35,4.5731702689671135e-39,1.7072852331407118e-42,6.373746648096373e-46
11.907563025210084,9.906705822777242e-25,9.906705822777242e-25,9.906705822777242e-25,9.906705822777244e-25,9.906705822777242e-25,9.906705822777242e-25,9.906705822777242e-25,9.906705822777264e-25,9.90670582316178e-25,9.906713290776517e-25,1.00519221763485e-24,2.8380627198828427e-22,0.4805914972273567,0.4805914972273567,0.4805914972273567,2.8533074086224025e-12,1.659030056224701e-11,9.701807384454407e-11,5.713844854274501e-10,3.3945597245558013e-09,2.0382005520377694e-08,1.2395940218243441e-07,7.655390867924924e-07,4.813956523835911e-06,3.091227615178864e-05,0.00020322751698141425,0.001368109273749986,0.009279452559683132,0.056645725654216536,0.20499188335314827,0.3389353868120295,0.40241522230484417,0.4522183430353642,0.5060822265006963,0.5606003156566729,0.5957542258792187,0.5834280800564057,0.5338349792612571,0.49611422429124374,0.48544533662610634,0.4814522695086511,0.4731894499103944,0.4737598634478214,0.4937664935608986,0.5215537346160563,0.5421956386779404,0.5521906750168254,0.5516870980466303,0.5378468747231699,0.513918693601657,0.4962636019074543,0.5029731676267792,0.5275902437293661,0.5352956059301485,0.5057443706580956,0.4542888198327393,0.4111404631740779,0.3952853209150507,0.4050142978954084,0.4231949051618338,0.42934968519110633,0.4092756041610982,0.36214758349963805,0.3124478896290848,0.2910611703003276,0.2958630585060369,0.31030005986089376,0.3335119743064309,0.3830923608514164,0.46861198784704083,0.5751623972077652,0.6812448168832107,0.7714747834206551,0.8362556274969923,0.8623507123524659,0.8102758032184881,0.603526239781001,0.4110713137878494,0.3814060231608661,0.3851397277268439,0.39284852754826416,0.40280068739694164,0.41395182317397394,0.4201022854637459,0.4084426714191624,0.3609787964181726,0.25967393366695823,0.13097734946103584,0.046713152101395004,0.015847149108528663,0.013712607187876678,0.03999662979336792,0.13821782994363224,0.3860518491720897,0.7115852330440946,0.9063659490296438,0.9743431953548011,0.9933326557385673,0.9982920088065289,0.9995640775146922,0.999888847000557,0.9999716646835136,0.9999927771562402,0.9999981586854115,0.9999990065449958,0.4805914972273567,0.4805914972273567,9.925840404305081e-05,3.7059460609866087e-08,1.3835275852431875e-11,5.165073848200845e-15,1.9282584707055426e-18,7.198698100207786e-22,2.68746410946528e-25,1.0033013246458386e-28,3.7455888042961984e-32,1.398327216982541e-35,5.2203247818109154e-39,1.9488851033305742e-42,7.27570276703402e-46
12.058823529411764,1.946402650356327e-23,1.9464026503563268e-23,1.946402650356327e-23,1.946402650356327e-23,1.946402650356327e-23,1.946402650356327e-23,1.946402650356327e-23,1.9464026503563274e-23,1.9464026503589394e-23,1.9464027010360204e-23,1.9473868008913682e-23,2.1078034764383825e-22,3.723352647665705e-18,0.4805914972273567,6.458171708760435e-13,3.719119648186564e-12,2.147458150066154e-11,1.2447651756980473e-10,7.2499018359496e-10,4.2477168182237295e-09,2.5070627676062282e-08,1.4931332594276114e-07,8.991727497232143e-07,5.4885110664104715e-06,3.405331728547195e-05,0.00021540690742674997,0.0013912205800218772,0.009070957532074713,0.05452684612742538,0.2081103960553482,0.3621502896255536,0.43076444693942606,0.47902975034275347,0.5299523538453115,0.579169896609071,0.6045039994164089,0.5789931442221008,0.5195574121585488,0.47971784188020195,0.4722871227986383,0.4735406725967658,0.47034634383062857,0.474170525284929,0.4946792101704037,0.520379385422511,0.5370926782635775,0.5426684663100744,0.5401547194563218,0.5299055611297883,0.515769611055328,0.513731586051852,0.5388617310054415,0.5787845391858671,0.5968338450213212,0.5730966224721281,0.522429817819455,0.47592959729131995,0.4553863046273385,0.4597514989654497,0.470363688990215,0.4670784562257926,0.43748386287868335,0.38217020694367787,0.3252854078826656,0.2971955284791387,0.29657219767102905,0.3077188507703845,0.3327789657855222,0.39179451667006937,0.4923103410120414,0.6122057080812675,0.7221361789131299,0.8041870635084896,0.8478509280358278,0.8333518725530217,0.7351856138282689,0.5767391791143085,0.45569491338813706,0.43113285188868905,0.4313899737139808,0.43157028223003396,0.43011364185365625,0.42663390559848796,0.41861709377698136,0.3997665660319808,0.35762518906199153,0.27273598799178167,0.1516000404747638,0.05899929047877916,0.023522937381306234,0.03018071427717905,0.09576736943592178,0.29195032612707017,0.6180476441851103,0.8639430173633545,0.9614102766218471,0.9898725759331903,0.9973989119911365,0.999335695678054,0.9998305847158064,0.9999568104940969,0.9999889906094241,0.999997193668648,0.9999992844784634,0.9999993584626897,0.9987715161516896,0.4805914972273567,0.00011330298193112236,4.2303786701417645e-08,1.57931214338563e-11,5.895989308033402e-15,2.2011285144286748e-18,8.217394035008786e-22,3.0677702044183164e-25,1.1452796333024655e-28,4.275631325215716e-32,1.5962060878051133e-35,5.959058863938655e-39,2.2246740452365807e-42,8.305295719596375e-46
12.210084033613445,3.8241604677548067e-22,3.8241604677548062e-22,3.824160467754807e-22,3.824160467754807e-22,3.8241604677548067e-22,3.8241604677548067e-22,3.8241604677548067e-22,3.8241604677548067e-22,3.8241604677549863e-22,3.8241604712296456e-22,3.824227915426071e-22,5.134341598938983e-22,2.547569549062772e-18,0.4805914972273567,8.607149196443258e-13,4.9441723582499756e-12,2.8437029274437345e-11,1.6400012944897383e-10,9.489780381892836e-10,5.514071674239027e-09,3.220563334411159e-08,1.893133325683957e-07,1.1217640402696e-06,6.713362904423351e-06,4.06760820311388e-05,0.0002502008631056253,0.0015650553971621975,0.009865688062073222,0.05795480745729579,0.22549890321232263,0.402540960174587,0.4739240838789255,0.5157477901557068,0.557562746921296,0.5947398555679235,0.6046605441080048,0.5647311555364478,0.4993391425056988,0.462002088624336,0.46054826816420846,0.46832011100306337,0.4700243138373337,0.47462289498788,0.4907080233580483,0.5083226534242807,0.515878772590935,0.5148201949186867,0.5135520986731517,0.515975215290209,0.5225325876570726,0.5424668449298364,0.584607376375292,0.633790138709965,0.6568077385722679,0.636054462073826,0.5842745343700279,0.5309881059069043,0.5007130704437085,0.49629923822684496,0.5001808377405857,0.4916489632478078,0.4578701073346738,0.39859410138462437,0.33489281646306723,0.2967258361009076,0.2867880531696461,0.29080834916988335,0.3116515370421753,0.370849997163022,0.47890269897788024,0.611193923705445,0.7271329787513158,0.8013207672036168,0.8201833351190877,0.7656130356748623,0.6493239963063974,0.5308818120677791,0.4556621282999688,0.44337117907502394,0.44395480039040836,0.4378375831077732,0.42659479742348155,0.4122386982529584,0.39609108911892205,0.37596477897646535,0.34235667374555584,0.2762981585809272,0.16988152696856032,0.07391203895282425,0.03767371281760449,0.0686684310092553,0.212944458447798,0.5146289570908017,0.8063489408739417,0.9423376249420807,0.9846440542305432,0.9960406272211234,0.9989877809780274,0.9997417910830053,0.9999341697915518,0.9999832189988438,0.9999957224204427,0.9999989095726738,0.9999997217860026,0.9999995266788285,0.9989236674804338,0.4805914972273567,0.00012933454173934863,4.829024326043425e-08,1.802802396459772e-11,6.730337443781775e-15,2.512612707599427e-18,9.380246787214046e-22,3.501893846310502e-25,1.3073494534859126e-28,4.880680764582999e-32,1.8220870221236026e-35,6.802332044093123e-39,2.539490193183441e-42,9.480587538908638e-46
12.361344537815127,7.513452203973366e-21,7.513452203973366e-21,7.513452203973364e-21,7.513452203973366e-21,7.513452203973366e-21,7.513452203973366e-21,7.513452203973366e-21,7.513452203973366e-21,7.513452203973378e-21,7.513452204214247e-21,7.513456880696622e-21,7.604302007901418e-21,1.773527202152039e-18,0.4805914972273567,1.1650678410232189e-12,6.6896968154918265e-12,3.840661476007974e-11,2.2093854796216996e-10,1.2741205888227546e-09,7.370271449748483e-09,4.279742001391752e-08,2.497039242550444e-07,1.4656454053147164e-06,8.66744698018325e-06,5.1742476680060746e-05,0.00031251336902701716,0.0019120952014402984,0.01174703560863115,0.0672983765852127,0.2594884751789626,0.461935113511788,0.5326310644199763,0.5625784317675445,0.5885962072129263,0.6067962347803625,0.5964115100278927,0.5423297509941307,0.4755434948499727,0.4444573285434661,0.4503912660615147,0.4647930131873293,0.4702937350200122,0.47254861443379836,0.4791194007318116,0.4834566930442905,0.47888056040190125,0.4718850383444826,0.47629605506781597,0.49863741730192196,0.5336225670290654,0.5784403468146274,0.6329699325489884,0.6828833931389886,0.7028858975051483,0.6799259860413633,0.6248681698741528,0.5638219144176758,0.5226284951158114,0.5096587744342498,0.509802392775817,0.5004938070767433,0.466838936528117,0.40677777958736566,0.33737984127887904,0.288115361172871,0.26818250094209756,0.2655367614169341,0.28035534593929384,0.332153231700376,0.4367450410792597,0.5742844309153117,0.6943271374910521,0.7610371179482679,0.7591514014584316,0.6849580457495713,0.5779405386063623,0.48630734882165205,0.43009777627091733,0.42804061158270196,0.43387721880249225,0.42314673706862294,0.40332254597147876,0.3804098656777499,0.359248475548653,0.34019697685447814,0.3155697785766587,0.2684088000912106,0.18277096924860606,0.0918632963294853,0.06565041387482101,0.15289809772814017,0.4091865972809717,0.7316406331868639,0.9146354774348208,0.9767758802838151,0.9939770317104603,0.9984579107260702,0.9996064754569648,0.9998996614300265,0.9999744216528105,0.999993479745585,0.9999983376387522,0.9999995756869804,0.9999998907261941,0.9999996181120696,0.9990569784540386,0.4805914972273567,0.00014763411742504674,5.512384999091008e-08,2.05791900878614e-11,7.68275513075513e-15,2.8681753823123702e-18,1.0707656151594703e-21,3.9974508172630926e-25,1.4923539577853724e-28,5.571351436520001e-32,2.0799326237105613e-35,7.764937768631592e-39,2.898856331372831e-42,1.0822196236894247e-45
12.512605042016807,1.4761923433232119e-19,1.476192343323212e-19,1.476192343323212e-19,1.476192343323212e-19,1.4761923433232119e-19,1.476192343323212e-19,1.4761923433232119e-19,1.4761923433232119e-19,1.4761923433232124e-19,1.4761923433249019e-19,1.4761923761648614e-19,1.476830775930698e-19,1.3893451187526158e-18,0.4805914972273567,1.6010067935597158e-12,9.207519909569095e-12,5.2842417335153093e-11,3.0375473748620094e-10,1.7495648300074962e-09,1.0102112422823163e-08,5.85103136912108e-08,3.4019117046204735e-07,1.987493631908697e-06,1.168199769968836e-05,6.918804585450402e-05,0.00041362544358958394,0.002497406360369182,0.015074230493038843,0.08418418156642135,0.3130853893012988,0.5394576818647507,0.6047243766867857,0.6181601687589038,0.6225309748390282,0.6155674635395496,0.5809392489309547,0.5136414850209857,0.44898941352385063,0.42568004433074624,0.43846110021177415,0.4584944949067568,0.4666371456712218,0.46464323994946577,0.4588741327140094,0.4475791845067295,0.4310820329971621,0.42127309179887484,0.4353990774113749,0.48067176086559255,0.545681660962584,0.6136379516356458,0.6742696408595741,0.7162922234121751,0.724591865523019,0.6930798827693916,0.6329134177151637,0.5661398852773959,0.5170700549829723,0.49841768879272885,0.4980395364714696,0.49118766076995135,0.4601888462088526,0.4012567983031218,0.3284174200828286,0.27112113478616606,0.2455621665820351,0.24098308926693274,0.2513869137535524,0.29136840848856477,0.38155211093699576,0.5129952293786557,0.6327690514444027,0.6959547570169942,0.6868873270661586,0.615022453153369,0.524467304856362,0.44740777539057486,0.39454645296277874,0.389985838476552,0.40290410293867973,0.39000556026875893,0.3632740783352512,0.3342278604269899,0.3105592994732713,0.2938432226565472,0.2775704349460624,0.24771379639616525,0.1867179337373905,0.11339234944684252,0.12158480262241572,0.3097293990305869,0.6394078310935185,0.8751335186325956,0.9649951075053587,0.9908457767915851,0.9976511586736249,0.9994002766996206,0.9998470652540277,0.9999610121085429,0.9999900606951172,0.999997464734437,0.9999993508267079,0.9999998295102555,0.9999999478474074,0.9999996633594312,0.9991737635125955,0.3110498922971818,0.00016852246811503203,6.292448804811622e-08,2.3491374623409673e-11,8.769950525092422e-15,3.274054134495788e-18,1.2222908721022497e-21,4.563134617365044e-25,1.7035386593685701e-28,6.359759698781473e-32,2.3742662488937658e-35,8.863762921287771e-39,3.309076779464126e-42,1.2353657503734005e-45
12.663865546218487,2.900323014410987e-18,2.900323014410987e-18,2.9003230144109867e-18,2.9003230144109867e-18,2.9003230144109867e-18,2.9003230144109867e-18,2.9003230144109867e-18,2.9003230144109867e-18,2.9003230144109867e-18,2.9003230144111065e-18,2.9003230167475265e-18,2.9003685333721466e-18,3.78675267083094e-18,0.4805914972273567,2.233272597431912e-12,1.2895810543391453e-11,7.405912307143271e-11,4.259273850482553e-10,2.453961995603862e-09,1.4169708647587497e-08,8.204432966930187e-08,4.766784119405119e-07,2.7814007837902277e-06,1.631665209250765e-05,9.636123427141591e-05,0.000573683132429573,0.0034420212643475677,0.02054031919310084,0.11148591506277289,0.38786917564920714,0.6279872491651057,0.6819409691208276,0.6767355290425602,0.6565639973566595,0.6209612939867176,0.5604233698689255,0.48162510101989386,0.42090744955750375,0.4043568661308298,0.42151927124607547,0.44540096759997766,0.4558390439409576,0.45019350815052916,0.432877442442256,0.40699009213353965,0.38085910456552075,0.3713569100653872,0.3966772499342028,0.46291919358490635,0.5536740298585809,0.6396765155761264,0.7005543077132225,0.7280110031411405,0.7176408214641331,0.6729343528695969,0.6079726588562285,0.5400838929362839,0.4882410434258079,0.46657183160991594,0.4666017620486488,0.46276435380705017,0.4349457302099117,0.3784705167379242,0.3066195511821061,0.24937082236298228,0.22657734124830078,0.2258174273307518,0.23418860028637065,0.2611813656916254,0.32984645311865357,0.44475667678856506,0.5611510533711396,0.6281548565303955,0.6247739263449359,0.5632829976086412,0.48439805827954835,0.4135278767729599,0.3577741464878114,0.33607297389785123,0.3461778213259262,0.3339680257447499,0.3047483821333925,0.27435894870322614,0.25188050832405257,0.23896420614349803,0.2300900441780943,0.21465342979041982,0.17884649589202584,0.139163429876018,0.2249147609063643,0.5279847873083329,0.8192740716731649,0.9473864120284338,0.9860950289217465,0.9964227335366574,0.9990860442507522,0.9997668973816995,0.9999405707161435,0.999984845824995,0.9999961284323794,0.9999989982019066,0.9999997190971,0.999999884698065,0.9999998957486678,0.9999995751249868,0.9992758868467395,0.3400968181546683,0.00019236568623529917,7.182900309753977e-08,2.681566569631498e-11,1.0010996173060385e-14,3.73736924935326e-18,1.3952586400541087e-21,5.208868973764187e-25,1.9446083476530745e-28,7.259736508651979e-32,2.710251359285913e-35,1.01180840678678e-38,3.7773479885428736e-42,1.4101837591823432e-45
12.815126050420169,5.698358771449378e-17,5.698358771449378e-17,5.698358771449379e-17,5.698358771449378e-17,5.698358771449378e-17,5.698358771449378e-17,5.698358771449377e-17,5.698358771449378e-17,5.698358771449378e-17,5.698358771449385e-17,5.69835877161561e-17,5.698362060659088e-17,5.762663072905274e-17,0.4805914972273567,3.1606491151064798e-12,1.8392776161080804e-11,1.0577612358110941e-10,6.091760295214929e-10,3.5144642525529585e-09,2.0319776897477764e-08,1.178016792421447e-07,6.85242746708785e-07,4.002741917348541e-06,2.3503702504782026e-05,0.00013890152742793312,0.0008270636946243402,0.004955024007265329,0.02932995037492229,0.1532839645658534,0.4807970557458364,0.7135822518722419,0.750323995841217,0.7274500710262902,0.6841217765607808,0.621050736552572,0.5369539204208346,0.4499395041261216,0.3938225990213198,0.3816165726194039,0.40000764161342606,0.42610277507934496,0.43973578906067073,0.4332188322058466,0.40778733773802894,0.3702265583356636,0.33655964468815935,0.32816128582622417,0.36266852392068655,0.44428778456626283,0.5535847378790021,0.6519790190184639,0.7094982914477298,0.7195536832496275,0.6884957648599942,0.631106201311495,0.5648037174365726,0.5007826422549118,0.45011709111904863,0.4258042041049996,0.42376604863919926,0.42022747316165876,0.39427185034451717,0.3418327245356565,0.2776570527622537,0.23104684677032214,0.21906451904851065,0.22546329815788724,0.23334752104313033,0.2489491193304081,0.29506887745958044,0.3886142946285927,0.5013976365657924,0.577642111200891,0.583065511029987,0.5281610988212924,0.45341216240982435,0.3832759231186662,0.3227974961597299,0.2781957898596021,0.2642667329341297,0.2518499680596672,0.22794544960460913,0.20380622461584127,0.18737500096481072,0.17996809233011746,0.17743315242182225,0.17273314510326016,0.1590453646343147,0.16964060635622122,0.38198774174043704,0.734268844920098,0.9202889665299057,0.9788185029607602,0.9945467095240145,0.9986067368755581,0.9996446656565481,0.9999094002502995,0.9999768796351498,0.999994062134638,0.9999984103819699,0.9999994646970104,0.9999996409654869,0.9999995276896995,0.9999992280720209,0.9999984518685943,0.9993635845616601,0.37039750697165996,0.00021958159500664226,8.199360597920141e-08,3.0610380970083506e-11,1.1427663598547216e-14,4.266248611711105e-18,1.5927032730680361e-21,5.945981931475466e-25,2.2197920810025353e-28,8.287070057844701e-32,3.093782103800028e-35,1.154990562283538e-38,4.311884787637571e-42,1.609740462736001e-45
12.966386554621849,1.1195750448074651e-15,1.1195750448074651e-15,1.1195750448074653e-15,1.1195750448074651e-15,1.1195750448074651e-15,1.1195750448074651e-15,1.1195750448074653e-15,1.1195750448074651e-15,1.1195750448074651e-15,1.119575044807465e-15,1.1195750448084224e-15,1.1195750681592953e-15,1.1200470580836437e-15,1.0294340429407456e-14,0.4805914972273567,2.673467425965223e-11,1.5404489039706377e-10,8.889212179657157e-10,5.138990902279331e-09,2.977717232276938e-08,1.7303013886223505e-07,1.0090077366955819e-06,5.9098354847006615e-06,3.480315422900412e-05,0.00020631781517774984,0.0012322034890140565,0.007392843165174119,0.043383354068338605,0.2141793646348103,0.5810681104890025,0.7795791035259051,0.7949300631473425,0.7569969324614232,0.6951176412084838,0.6106895155251583,0.5105466317081315,0.4212862420753373,0.37090177623634896,0.3613477076267377,0.3791363633108393,0.4069588647376752,0.42535385471879184,0.42110934900517266,0.3912245591132322,0.3445732782821988,0.30380435649731574,0.2946432847100883,0.3339349268483121,0.42422954890118303,0.5451916669547816,0.6520404409258332,0.7057960926594236,0.700537669157111,0.6531437827037853,0.588679185971329,0.525548591119696,0.46818337824517564,0.42021713293553065,0.39225984068683506,0.3841814928333469,0.37634780901127546,0.3497290236365897,0.3028070962384074,0.25257820966017075,0.22476232214794722,0.22825486432505773,0.2426619865342964,0.25079833305146415,0.25821831607723195,0.2861876933417282,0.3603491755173414,0.47073391508824897,0.5551145180381126,0.5628567505781754,0.5059824498429598,0.4285224171407551,0.3553819653051184,0.28969880899333456,0.2257699664302278,0.17674439050293958,0.15769288127882225,0.14449282589665904,0.1323810166947307,0.1252457082756206,0.1241543886900323,0.12667660218917726,0.12897089325371275,0.1319674849922247,0.204483728970995,0.5590767696341898,0.8693874290918909,0.9668524036648175,0.9916198930044736,0.9978711020376503,0.9994579459583609,0.9998618087755439,0.9999646473793995,0.9999907625623473,0.9999972580282839,0.9999986383603174,0.9999985191706192,0.9999976829591355,0.9999960912236358,0.9999933269737666,0.9999883799566022,0.9994248882784508,0.40174987280127755,0.00025064704363457257,9.359661308637203e-08,3.4942090705227703e-11,1.3044805237847303e-14,4.869970292359934e-18,1.818088519992469e-21,6.787404579683065e-25,2.5339173765033784e-28,9.459782742530456e-32,3.53158671887573e-35,1.3184345869663105e-38,4.9220644953111464e-42,1.8375366616972287e-45
13.117647058823529,2.1996654321518018e-14,2.199665432151802e-14,2.199665432151802e-14,2.199665432151802e-14,2.199665432151802e-14,2.199665432151802e-14,2.1996654321518018e-14,2.1996654321518018e-14,2.1996654321518018e-14,2.199665432151802e-14,2.1996654321516516e-14,2.199665433149827e-14,2.199698390693377e-14,2.886865999027186e-14,0.4805914972273567,3.9628064232604297e-11,2.2882608428513165e-10,1.3235657109564796e-09,7.671195221045193e-09,4.457225217421808e-08,2.597856528023788e-07,1.5200055111838536e-06,8.936350171053462e-06,5.2849855578272795e-05,0.000314782943662798,0.001889131942584562,0.011362970860779843,0.06574345927185998,0.2967660527299606,0.6695987124043037,0.8116011890833547,0.803959805303952,0.7532309361742828,0.6783775925008699,0.5822978655841711,0.4785358593669526,0.39629628410916007,0.3547789819956199,0.34858334807125047,0.36649200250593894,0.39678103340183546,0.420905706196011,0.4207362616234183,0.38877382433883007,0.33445278643662574,0.2857490715751968,0.27283540551617297,0.31232647045167194,0.4058568102669892,0.5337775410497348,0.6472993696365388,0.6993403469400175,0.6843719197097181,0.6282472736701292,0.5627020657431049,0.5048527606944188,0.453964756221643,0.4088969540049358,0.37753790255424047,0.36154475697970206,0.3458430891916919,0.3158086237731814,0.274409748928969,0.2406357397533724,0.23464395118354514,0.25559639733485334,0.2784507296920845,0.28718978175233895,0.2894547721735715,0.3058221447661963,0.36674350495514274,0.475418053684088,0.5610317506914916,0.5606410938607613,0.4932136187227315,0.40759125612918296,0.3287634197958959,0.2577538012796537,0.18140967806914918,0.10874118040421646,0.08183893742398098,0.07676024907750327,0.07530996913403497,0.07662910784068688,0.08111176939676382,0.08745506412559242,0.0939499951849153,0.10811617024396561,0.24331348437105077,0.7036815921823972,0.9384030800143464,0.9863905205404748,0.9966953932272459,0.9991693447036044,0.9997887319841631,0.999945536332504,0.9999849684862991,0.9999941956945756,0.9999951449664124,0.999992987699244,0.9999883333465992,0.999980125263655,0.9999660208173898,0.9999418759722939,0.9999003789726555,0.9993430879141173,0.4338816339246884,0.0002861061937040662,1.0684157442331435e-07,3.98867855663189e-11,1.489079041293124e-14,5.559125308390076e-18,2.0753682872028086e-21,7.747897895063817e-25,2.8924948965680907e-28,1.079844732079241e-31,4.0313455584064025e-35,1.5050077597720864e-38,5.6185914210480597e-42,2.097568557484066e-45
13.26890756302521,4.3217540761046175e-13,4.321754076104617e-13,4.321754076104617e-13,4.321754076104618e-13,4.3217540761046175e-13,4.321754076104618e-13,4.3217540761046175e-13,4.3217540761046175e-13,4.3217540761046175e-13,4.3217540761046175e-13,4.3217540761044847e-13,4.3217540757654946e-13,4.321755191440867e-13,4.36995013929014e-13,0.4805914972273567,6.012448087946049e-11,3.4688682185508413e-10,2.0105437617334825e-09,1.1684734201389182e-08,6.810327769515807e-08,3.98318438507784e-07,2.3397603772448245e-06,1.3817855397764528e-05,8.214176174160921e-05,0.0004921054508892237,0.0029707430571517075,0.017899067363874883,0.10076537862525824,0.3957273022868096,0.7228196957233438,0.7992472031987972,0.7695333452717517,0.7079940598903102,0.6263077597467361,0.5305598645846419,0.4383740312187125,0.3744072797566133,0.3470518936303476,0.347366756658016,0.36788396005885804,0.4013752801075037,0.43064564123586874,0.43474095020316633,0.4022420298697057,0.3417031327382585,0.2848180452894983,0.2660921241245212,0.302824057893466,0.39659232664427885,0.5289377002162758,0.6479770699752938,0.7001718854437702,0.6808451515054733,0.6217628363810745,0.557378886049664,0.5033932960686647,0.45689320778473225,0.41498397120535807,0.38306016455924635,0.36163072353226267,0.33808752089107796,0.3029854549376007,0.2651724749063339,0.24561828183976253,0.25949179365374525,0.2980818199423832,0.3303300437444554,0.33966731475304124,0.3381437992638934,0.3480580939748597,0.4020730138637575,0.5090499422597458,0.5883486749144238,0.5711861570492093,0.4867553663382474,0.3889238611932397,0.30254821310538377,0.2264272197710513,0.14420694719313087,0.06667481776556447,0.039269927203183494,0.03848484949929981,0.043844886529709755,0.05228026249129036,0.063089787448598,0.07473242328587705,0.0859719316245097,0.10823415456416434,0.2912413189632696,0.7963965420223195,0.9695566678053306,0.994289838111165,0.998687115618727,0.9996731757380687,0.9999139373750582,0.9999722355434596,0.9999828761815367,0.9999784422293982,0.9999650918725366,0.9999407842831508,0.9998988279621782,0.9998269631409245,0.9997040183720672,0.9994937435018191,0.9991338287195247,0.9980879736046468,0.4660969561455636,0.000326579286464388,1.2196084156900984e-07,4.553120924958131e-11,1.699800283866113e-14,6.345803355781409e-18,2.3690559774821966e-21,8.844311602140697e-25,3.3018150883413538e-28,1.2326547693050466e-31,4.6018257825993775e-35,1.7179830931360523e-38,6.413684584630712e-42,2.3943978328703893e-45
13.420168067226891,8.491090518212813e-12,8.491090518212813e-12,8.491090518212815e-12,8.491090518212813e-12,8.491090518212813e-12,8.491090518212813e-12,8.491090518212813e-12,8.491090518212813e-12,8.491090518212813e-12,8.491090518212815e-12,8.491090518212904e-12,8.491090518538062e-12,8.491091802367505e-12,8.498939621983703e-12,0.4805914972273567,1.0307379873826648e-10,5.460559404370306e-10,3.123131539545474e-09,1.8154690815330244e-08,1.0611706503459934e-07,6.229626416714617e-07,3.675290770854735e-06,2.181500132888823e-05,0.00013044388260578696,0.0007866668107180864,0.004778676106482652,0.028733457597801167,0.15323466092237234,0.48942468308648607,0.7199705822871594,0.7368498947567772,0.6892878080445991,0.6212406635461432,0.5411570372416116,0.45877023609559425,0.39194022879845614,0.35587389262525215,0.34843573436222125,0.3592765279765597,0.384400057566242,0.4200948872501669,0.45208952100053273,0.4596749370298717,0.42865405126082884,0.3653397794121111,0.3026403763824398,0.2782785224874111,0.31130131058186955,0.404202980633442,0.5390217181880622,0.6606226112804262,0.7118379383822573,0.6901141494724882,0.6297802524953603,0.5651814006903981,0.5118607335635552,0.4676373170147072,0.43004334545212536,0.40248033789019283,0.3822426611600181,0.35567272397078237,0.31646569580068934,0.2792973960790714,0.26780762413877096,0.29496165087641013,0.3482804791781231,0.3902000222752776,0.3999558167501721,0.39473187686859357,0.4008043485568989,0.4518872348500563,0.557245453551518,0.6267056640945966,0.5890037736454368,0.4838846159315551,0.37114039838004653,0.276187384101713,0.19573947582821075,0.11309313093691352,0.04336929741123505,0.02259054088985466,0.027231066744735643,0.04141286735037367,0.06282837183704082,0.08965673585700748,0.11807468509269697,0.14445931354692576,0.1786441804473971,0.37138624096442496,0.8501205569032394,0.9830903469104187,0.9974500166531057,0.999457450190091,0.9998520095393644,0.9999328786961189,0.999931738749155,0.9998950363936152,0.9998234510023195,0.9996987692525892,0.9994849693642461,0.9991192739307893,0.998494236468775,0.9974267344542287,0.99560551471964,0.9924984962455862,0.9866934281461233,0.4805914972273567,0.0003727537231929106,1.392195620791809e-07,5.1974372190202084e-11,1.9403405811065302e-14,7.243803809410025e-18,2.704303261897347e-21,1.0095878249498e-24,3.769057970117357e-28,1.4070888763750306e-31,5.253034370168395e-35,1.9610964564839013e-38,7.321290973221837e-42,2.7332312664866196e-45
13.571428571428571,1.668272116090231e-10,1.668272116090231e-10,1.6682721160902313e-10,1.668272116090231e-10,1.6682721160902313e-10,1.668272116090231e-10,1.6682721160902313e-10,1.668272116090231e-10,1.6682721160902308e-10,1.668272116090231e-10,1.6682721160902928e-10,1.6682721163002763e-10,1.668272832189056e-10,0.4805914972273567,0.4805914972273567,6.211555306274775e-10,1.3178190336316014e-09,5.381908796197052e-09,2.916200314092705e-08,1.6882176455809073e-07,9.92853667213885e-07,5.883081276275636e-06,3.511213850936906e-05,0.00021132380525301273,0.0012837032162901572,0.007842417305676384,0.046613153614138265,0.22354885268328592,0.5390239986848822,0.6528104637070449,0.6282817692275383,0.5718483257856383,0.5059122994004774,0.43812592701835906,0.380044348027596,0.3462915703621951,0.34246415759996796,0.35858015421709394,0.38256974534954996,0.4117567991784797,0.44595301970571294,0.4766097513196835,0.4864382394490486,0.45992721960723,0.40005798206164284,0.3372942715736676,0.3098946982685058,0.3395383805886371,0.43066983107060997,0.5644936532951047,0.682656566490197,0.7283983536767175,0.7026645805125531,0.6397724547762682,0.5725168937655764,0.5176291008864915,0.4755300803681968,0.44486718588549284,0.42741676019680797,0.4170938434445557,0.3964006949205649,0.35763064365785463,0.3187279192135317,0.3067275920358112,0.3362594911372068,0.3966100803623283,0.4464536102332617,0.45749863358485254,0.44961261463284724,0.45331622645377984,0.5026860234948403,0.6060267227298464,0.6665087722090522,0.609252158806119,0.48230910084710943,0.35325730720160736,0.24960900393367183,0.1663063505727935,0.08768146945600572,0.03164987985880733,0.021934282369494594,0.03797699464900155,0.07184238092970978,0.12423443620722016,0.19101949234409762,0.26157588681362615,0.32501385350459283,0.38237174299998616,0.5267937916614484,0.8840461331542305,0.9890400694322932,0.9986752708022131,0.9996715888580663,0.9997702541802224,0.9996811922226321,0.9994729403536569,0.9991032610968859,0.9984680344194266,0.9973823102879001,0.9955301315277648,0.9923773263977057,0.9870296370358093,0.9780131251799843,0.9629571778439765,0.9380755951828739,0.8939880280017211,0.4805914972273567,0.00042473569488903084,1.589176838593238e-07,5.932914825489822e-11,2.214914139118426e-14,8.268859425541006e-18,3.0869835938883352e-21,1.1524524989935097e-24,4.302409527104925e-28,1.6062030977493285e-31,5.996380342146449e-35,2.2386071386652958e-38,8.357311636922402e-42,3.120005140262392e-45
13.722689075630251,3.277708368715685e-09,3.277708368715685e-09,3.2777083687156853e-09,3.2777083687156853e-09,3.2777083687156853e-09,3.2777083687156853e-09,3.277708368715685e-09,3.2777083687156853e-09,3.2777083687156853e-09,3.277708368715685e-09,3.2777083687158648e-09,3.2777083693266198e-09,3.2777104475570784e-09,0.4805914972273567,0.4805914972273567,0.4805914972273567,2.2259437175068013e-08,2.8774224373866074e-08,6.701891682309977e-08,2.924850098879588e-07,1.628780050229794e-06,9.601504480183984e-06,5.7559394648677096e-05,0.00034885151113587864,0.0021356223104526794,0.013089174818960521,0.07515302236253309,0.2953029074340328,0.5124588643441209,0.5351455137763298,0.4930517416872491,0.4400572728141416,0.3865940777578812,0.3398715896005309,0.31081949280760257,0.30970464871348613,0.335846522395794,0.37483433801473914,0.4111478275593477,0.44055617820999643,0.46736976357682697,0.4918800992101513,0.5027057285922177,0.48437127802635793,0.4357768312385447,0.3810040512158807,0.3550904340213993,0.3822651920359119,0.46952119735674397,0.5964691837265353,0.7035421135719627,0.7383839841401862,0.7053279301495505,0.6374288081365929,0.5662757126531626,0.5106194843532704,0.4734892033647554,0.4537275549034732,0.4516083514047355,0.4591245386945061,0.45438900694747575,0.42340370218884604,0.38245843754695286,0.361411943854328,0.37979504540682424,0.434818371334614,0.4890163021118465,0.505215020775605,0.4989549043624169,0.502654371033601,0.5497055377965672,0.6483774181729696,0.7017813244891342,0.6285039016995826,0.4804027207652332,0.33485010322138214,0.22328395930787195,0.1391260085266104,0.06799147644892975,0.028319656538621004,0.034518429324166426,0.07334458792641739,0.146589029363747,0.2551247304496492,0.382317814358894,0.5017536704216858,0.5961438848619883,0.6646402038446733,0.7396083714805853,0.9138811336608741,0.9915925031331526,0.998730073577763,0.9989848304995413,0.998420434666252,0.9973320061145664,0.9954518484564642,0.9922461722273133,0.9868082122607442,0.9776416831492005,0.9623484768556423,0.9372658221036656,0.8972573164474489,0.8361872568013059,0.748854835023336,0.6330456593914032,0.46564406557648436,0.12786566231829502,0.00045937936971691615,1.8130220098086942e-07,6.772170917922209e-11,2.528243714312755e-14,9.438601956447685e-18,3.5236793738794714e-21,1.3154825662627066e-24,4.911043822432849e-28,1.8334223534695094e-31,6.844649829527476e-35,2.5552885400460784e-38,9.539566939893728e-42,3.561372266752767e-45
13.873949579831933,6.43981963344723e-08,6.439819633447228e-08,6.43981963344723e-08,6.43981963344723e-08,6.43981963344723e-08,6.439819633447228e-08,6.43981963344723e-08,6.43981963344723e-08,6.43981963344723e-08,6.43981963344723e-08,6.439819633447673e-08,6.439819634958019e-08,6.439824773968756e-08,0.4805914972273567,0.4805914972273567,0.4805914972273567,9.200013572894717e-07,9.305993479672274e-07,9.930296407152446e-07,1.362605194071749e-06,3.564009068135858e-06,1.6778701379462936e-05,9.686192446593396e-05,0.0005875695712094324,0.003622782582469017,0.022112792930529167,0.11613569868010672,0.3283948889278907,0.42122117661213837,0.40250458092287017,0.36372827329514085,0.3248000179293381,0.2907039208103993,0.2676264266574683,0.26444740432192854,0.2880208103243858,0.33531354398821694,0.3903793709431335,0.43326888037606026,0.45652335679673467,0.4700156224634257,0.4847741544881242,0.4964532917466568,0.49017699598961145,0.46017906372169765,0.42151300214169185,0.4025422466017873,0.4283582714221448,0.5081655685961769,0.6210181490321568,0.7105656548329066,0.7309309313684941,0.687833933021862,0.6135125768967943,0.5401546363309694,0.4880574144601826,0.46079177732848986,0.4558186710015912,0.4721260821322107,0.5017726997026901,0.5199660732180451,0.5038104320837227,0.4629345246162409,0.427527250539112,0.4226669711959922,0.4583530657544698,0.5129338266046879,0.5427390674696712,0.5472245558179405,0.5556961355502151,0.5990711985320364,0.6863677724167859,0.7314020879609285,0.6454691905156804,0.4775549304698334,0.3161526213699322,0.19809574125908133,0.11521785514466079,0.05423669523289484,0.033817148240664736,0.06480019972747322,0.14436802109348232,0.2785186751456674,0.44920672553744506,0.6114965258214586,0.733459076769122,0.8128499407224951,0.8614435751830977,0.8947103775228185,0.9468871191129318,0.9908405634562544,0.9948261708622884,0.9920351852327721,0.9865634107034204,0.9772574011598079,0.9617200254901048,0.9362493128468504,0.895665948603683,0.8338315606360723,0.7457528233698492,0.6316132923007848,0.5005479753879588,0.3693753518073301,0.25462576632592426,0.16178590662106182,0.0693906083229669,0.006937974814474672,0.00019268022021214402,2.0322880088144045e-07,7.72440395948992e-11,2.884236019551352e-14,1.0767633510631536e-17,4.01984201803378e-21,1.5007131846085342e-24,5.60255863782782e-28,2.0915830961021367e-31,7.80843205881428e-35,2.915093898528041e-38,1.0882815363224126e-41,4.0628423767011283e-45
14.025210084033613,1.265250747778719e-06,1.2652507477787188e-06,1.2652507477787186e-06,1.2652507477787188e-06,1.265250747778719e-06,1.2652507477787188e-06,1.2652507477787188e-06,1.265250747778719e-06,1.2652507477787188e-06,1.2652507477787188e-06,1.2652507477788226e-06,1.2652507481316724e-06,1.2652519487164513e-06,0.4805914972273567,0.4805914972273567,0.4805914972273567,0.4805914972273567,4.0295690564527456e-05,4.039899032664395e-05,4.1013577074575586e-05,4.469740358948682e-05,6.69877916346145e-05,0.0002034488841419991,0.00104994662245825,0.006337807789151833,0.03762724394819828,0.16128969280806818,0.3009624517836161,0.3191613373551053,0.2987578929403453,0.27633518503931426,0.2572925441961466,0.24372177019934588,0.23971309959403245,0.25159174180987814,0.2846729840405616,0.3370004274441163,0.39388793340684264,0.4326901729822661,0.44339620040478156,0.44091761429665294,0.4459786563565938,0.460530203368686,0.46982517385716843,0.4631935646104417,0.4463391175751649,0.4390050097603461,0.4642618974566617,0.5324026956750413,0.624748848508897,0.6933091936665211,0.6986822190412078,0.6457587528659935,0.5675765018338814,0.4979392263768992,0.4559927298969547,0.4430037021155572,0.4542783969638349,0.48812301261826174,0.5383743872984045,0.5798753963195552,0.5814741337729037,0.5435707299805262,0.49374611785583244,0.46071608602658565,0.46806692741577505,0.5207244888002743,0.5768256526883829,0.6058357837935783,0.6257822445970718,0.6635138821733073,0.728721744039239,0.7585831636308107,0.6615703159705761,0.4745957104320286,0.2980346054476678,0.17505217148436938,0.09532981381013556,0.04705425672491078,0.0520913383811889,0.12324620931313574,0.26347912292138587,0.45928510618087337,0.6526412711435402,0.7930224684124942,0.8770262928572143,0.9233467138781919,0.9485311681467129,0.962594996356828,0.9721180236749019,0.974314476072218,0.9603341249831764,0.93487631273636,0.8939154531013183,0.8313926624005556,0.7424720065601422,0.6276104237773442,0.49626306466970427,0.3654267267866275,0.2518388681510795,0.1644101786368232,0.1031459544590171,0.0629625730246255,0.037519490017389016,0.02002306036735978,0.00459507460295311,0.0002587314244861832,9.999443336191221e-06,1.459246402630212e-07,8.687938340900129e-11,3.262473755129296e-14,1.2180377570344156e-17,4.547259185282178e-21,1.697611950734501e-24,6.337633730625265e-28,2.366006040663018e-31,8.832925382544435e-35,3.2975643118701523e-38,1.231067842190638e-41,4.5959013645935476e-45
14.176470588235293,2.485820565130047e-05,2.4858205651300468e-05,2.485820565130047e-05,2.4858205651300464e-05,2.4858205651300468e-05,2.485820565130047e-05,2.4858205651300468e-05,2.4858205651300468e-05,2.4858205651300464e-05,2.485820565130047e-05,2.4858205651302836e-05,2.48582056593578e-05,2.4858233066648712e-05,0.4805914972273567,0.4805914972273567,0.4805914972273567,0.4805914972273567,0.0017643176150577604,0.0017644688111036998,0.0017654561793783283,0.001771618888850604,0.0018098616515213343,0.0020496019050923317,0.0035770306996998004,0.013295558363815643,0.0660767562117097,0.1950587533519334,0.26202985745445634,0.26862794687955555,0.2675480665785412,0.2681567541258856,0.26981023569489104,0.27137557558470693,0.27392294693757147,0.28195605328346407,0.3019273977242935,0.3362729738773006,0.3751691627641733,0.3977465511723471,0.3932051709661947,0.3779493329525052,0.3778720898096316,0.3987256418186851,0.42508644287649805,0.4421664610408862,0.4482112271683444,0.45434407991933895,0.4789921585704367,0.5322787610474038,0.6003387787309289,0.6467335194900368,0.6390572226099097,0.5813602883188755,0.5077099543626563,0.4509129164984297,0.4252209243258708,0.4281228998140566,0.45312175769920743,0.49855083930498706,0.5613189093038968,0.6191815299120709,0.6360217607066925,0.603075078124618,0.5439067286344571,0.4890716506112874,0.4721180156215503,0.5248782536661502,0.6177282148311471,0.6818565249844325,0.7153338882975062,0.7433365950009756,0.7777793874254052,0.7850114991254985,0.679838267703941,0.47418028629992776,0.28194785504282316,0.15501703060547223,0.0799010550065734,0.04818123555463877,0.09116964423206757,0.22257923828774812,0.42748740526911294,0.6455800485144122,0.8065973327776654,0.8986090617762462,0.9452750646390954,0.9683374336612688,0.9797997394162001,0.9845284142501424,0.9746181260998645,0.878240041149073,0.7405545878005962,0.6219121436648394,0.4913987151762414,0.36132308743860236,0.24859515225746043,0.16206386992507632,0.10157302124623768,0.0619890536966765,0.03719253430329178,0.022081315625991943,0.013025377817898264,0.007642669874891101,0.0043714716929379735,0.0018573310301796806,0.00020815383798647883,9.066685198390034e-06,3.4805970728980364e-07,1.2552480185940843e-08,7.49325224951898e-11,3.279813965771731e-14,1.2265163870895942e-17,4.5789857275328755e-21,1.7094565763382753e-24,6.3818528558951925e-28,2.3825142079345117e-31,8.894554730571773e-35,3.3205721750431425e-38,1.2396572851221474e-41,4.6279680234218515e-45
14.327731092436974,0.00048817094916371985,0.00048817094916371985,0.0004881709491637199,0.0004881709491637199,0.0004881709491637199,0.00048817094916371985,0.00048817094916371985,0.0004881709491637198,0.0004881709491637198,0.00048817094916371985,0.0004881709491637733,0.0004881709493456819,0.4805914972273567,0.4805914972273567,0.4805914972273567,0.4805914972273567,0.4805914972273567,0.4805914972273567,0.07192690662510644,0.07186754942801966,0.0717410583825842,0.07149527639855217,0.07118108322093615,0.07204542651094124,0.08394176127561437,0.14562919179214812,0.2423106086273583,0.29352101634563993,0.32328501630852474,0.3488191625556429,0.37013639162623246,0.3832594338472646,0.38466956584713435,0.373884609244532,0.35543832097924194,0.33879805035394805,0.33318612418854027,0.33734116926284924,0.33628165504270463,0.31884182352608964,0.2980395664905939,0.299304831111337,0.3289704984816985,0.3704256547921372,0.4065001099323182,0.43098156589474734,0.44821534934655305,0.47127856970977244,0.5091400248989653,0.5524353865704643,0.5760626253426163,0.5580372046269133,0.5048068124388327,0.44728914124105407,0.4111634778165356,0.4042171191144824,0.42093901655000204,0.4536187941366192,0.500858343117347,0.5633942509854384,0.6258199404392507,0.6525129797501402,0.6268990662402499,0.56794487717858,0.5072075720491362,0.48284485832544805,0.5413990531268925,0.665681982258153,0.7565706393689383,0.7934655485248354,0.8053433821487868,0.8086634052026526,0.7929474530122071,0.6930680717475618,0.47846231229789127,0.2695790764821509,0.13854724393153672,0.06930115522726751,0.0614964769210692,0.16249590582528275,0.3654828061044853,0.6021984615404878,0.7878462911689067,0.8948544021480014,0.9471350452250292,0.9713883252223479,0.9825766137597068,0.9870355831990196,0.9838536606000553,0.9380550880748286,0.6116582091774608,0.2628077962938418,0.15888739069459942,0.0996965738832598,0.06094270223618377,0.0365747450922619,0.02171299425060495,0.012808065042447142,0.007526865323050963,0.004413504915549533,0.0025845180359620155,0.001511815437055256,0.0008793995199849816,0.00047416278897891446,0.00012617150891755811,7.870392584026681e-06,3.124566296183073e-07,1.1921514515851209e-08,4.5160504898520286e-10,1.1731317513339787e-11,1.3390067545267888e-14,5.101856033671047e-18,1.905042701999288e-21,7.112041614404115e-25,2.655113006510024e-28,9.912238037496073e-32,3.7005002292745705e-35,1.3814944611938113e-38,5.157483659130382e-42,1.9254248526780754e-45
14.478991596638656,0.00950473075456229,0.00950473075456229,0.00950473075456229,0.009504730754562289,0.009504730754562289,0.009504730754562289,0.00950473075456229,0.00950473075456229,0.00950473075456229,0.009504730754562289,0.00950473075456347,0.009504730758583995,0.4805914972273567,0.4805914972273567,0.4805914972273567,0.4805914972273567,0.4805914972273567,0.4805914972273567,0.7685850825288116,0.7633397887351313,0.751895066040605,0.7275348331279358,0.6782583212211173,0.588014004369457,0.4514821437642412,0.31947132254422556,0.31447735291511514,0.4089100455656452,0.4854701152704148,0.5313958375007597,0.555806431433221,0.5604654548618203,0.5440267924229623,0.5060018182250505,0.4500418827441187,0.38721170848737657,0.3340844635311644,0.29979354189707835,0.27573942636834103,0.24962146873819008,0.22924551414694422,0.23667277486336372,0.2760086057520047,0.3286020957715438,0.37628933811807463,0.41105113858762143,0.4334453589546869,0.4529366249630983,0.47687601317880185,0.4977538131426204,0.49931368906081397,0.47383808910181785,0.4337432347285123,0.4000656246874448,0.386221258173265,0.3951636506910006,0.42026140405888024,0.45293651245848987,0.4918545090870315,0.5416181511165287,0.5970842424715042,0.6297549879104073,0.616890472216329,0.5705036645875803,0.5210451972254804,0.5061938486447156,0.571683221667453,0.703667587076097,0.7969628411461045,0.8236342014015043,0.8147455631131088,0.7882492786065843,0.7442774803480932,0.6536869641554807,0.4675785453445129,0.25780297642049643,0.12502148778312733,0.0641694080974293,0.09386918268633636,0.27235484633906704,0.5220068539828523,0.7317511224460077,0.8596878845894268,0.9244647937602821,0.9552493118134758,0.9697717498204974,0.9758277406499638,0.9744244508273849,0.9520488432456347,0.8082221846142067,0.2976485849480054,0.050449716899970194,0.02152089469530488,0.01253259284783625,0.007387972298644178,0.0043370080841752465,0.0025405002361653974,0.0014866894831950903,0.0008695715760252354,0.0005084763400989803,0.00029726076035205897,0.0001735704460812944,9.961823551326303e-05,4.550763377893724e-05,6.10515546981416e-06,2.7799588410312724e-07,1.0714415597642245e-08,4.080010401300393e-10,1.5502337882789807e-11,5.149710192898796e-13,1.4060114320802618e-15,5.59564320778157e-19,2.0903558462315991e-22,7.803900058379311e-26,2.913402164944495e-29,1.0876499681652688e-32,4.060484566005658e-36,1.5158861208339034e-39,5.659203215731597e-43,2.1127300129463845e-46
14.630252100840336,0.15862770499435466,0.15862770499435466,0.1586277049943547,0.1586277049943547,0.1586277049943547,0.1586277049943547,0.15862770499435466,0.15862770499435466,0.15862770499435466,0.15862770499435466,0.1586277049943738,0.15862770505953877,0.4805914972273567,0.4805914972273567,0.4805914972273567,0.4805914972273567,0.4805914972273567,0.9909076146835962,0.9879234030875613,0.9813354169063832,0.9669606414110227,0.9363782647135187,0.8746681579407752,0.7624581204888543,0.5929707751665507,0.40503979309350524,0.3066220319164951,0.4183907553024632,0.6088273478683855,0.7032231557523215,0.7276763150596072,0.7177916127891106,0.6825897789742186,0.6216013403974189,0.5354525974437443,0.43511407116342254,0.34421352319303505,0.28114501579443674,0.2410208204366931,0.20998170329050184,0.19267618698359806,0.2086556180284582,0.25798894289429103,0.3183629371418883,0.3709892347192562,0.40761389549051347,0.42790090937568565,0.44061458889862226,0.4519731602888535,0.4544023635902697,0.4382479361119006,0.4098366501302048,0.3863651440845586,0.3755620869101185,0.37828618547972875,0.39522307010348906,0.42071680625795294,0.4460496945257164,0.4699050517315884,0.5003729333273867,0.5435991863351355,0.5824391500020656,0.5892613180852615,0.5653158342397631,0.5366184831060109,0.5368120244461605,0.6018232629990364,0.7175954861867,0.794468750373205,0.8035228574226587,0.771210566497579,0.7127727589310886,0.6287745773274459,0.514007738084333,0.3662178864475397,0.21278948171440293,0.10629107582882778,0.06501723115933128,0.15022801323155013,0.387486198607226,0.608167759552165,0.7529979115945897,0.837252007084519,0.8849559663194203,0.9122789893500604,0.9269032504376868,0.9303097016277757,0.9143141636189572,0.8313080475192979,0.5193510885794088,0.10878501364540434,0.010615840586922767,0.002687963432876998,0.001455537760117332,0.0008526726040672219,0.0004994913076403938,0.00029218290977221843,0.0001708336918456938,9.986803893415528e-05,5.83779963599313e-05,3.4115735714488525e-05,1.9861589143285153e-05,1.0932181880482195e-05,3.3690717911877426e-06,2.3832230148074053e-07,9.604843352759929e-09,3.6685973769651044e-10,1.3961716927728649e-11,5.308975289287873e-13,1.900804819921877e-14,1.0314006926000127e-16,4.440145198787053e-20,1.6601179230468665e-23,6.197750135998085e-27,2.3137841358586837e-30,8.637967233034077e-34,3.224781286100893e-37,1.2038960165619845e-40,4.494461763780843e-44,1.6779012695609987e-47
14.781512605042018,0.787423937253381,0.7874239372533811,0.7874239372533811,0.7874239372533811,0.7874239372533811,0.7874239372533811,0.7874239372533811,0.7874239372533811,0.787423937253381,0.787423937253381,0.7874239372534084,0.7874239373467617,0.4805914972273567,0.4805914972273567,0.4805914972273567,0.4805914972273567,0.4805914972273567,0.9979660888739285,0.9956634058659153,0.9905685009234291,0.9793966853730169,0.9553766206968689,0.9058464421754608,0.8119862737348025,0.6597560804966545,0.4679559766236961,0.3073888169148131,0.29669836677784833,0.5166501565373269,0.741360783419235,0.8164678640218617,0.8115448218017867,0.7695915560806725,0.6973846608089139,0.5946705105605344,0.47314650060852453,0.3622953373745859,0.2858936926694139,0.23955384647502267,0.20822813483471272,0.19598115831431134,0.22159691075402435,0.2802725423371536,0.34505559130824864,0.3969923295492294,0.4287259010448765,0.44113445724807776,0.4442099065062057,0.44375335634696883,0.43211807894315496,0.40531723822284227,0.3794994115133713,0.3714560655511744,0.3768327562010841,0.38653467730667235,0.4004415505488714,0.4169689311727781,0.4295200611077056,0.4371847983856601,0.4506811314160322,0.48477337180720237,0.5322356599892795,0.5616679464452446,0.5622995543615669,0.5537468521102904,0.5644876564510504,0.6200692549331724,0.7083670260336442,0.7612245572947607,0.7488209217023543,0.6896623517245496,0.5967032887115339,0.4736631700878109,0.33234646129804984,0.20278281128620554,0.11434077971241235,0.06941743099877266,0.06904498913525257,0.1958985485655872,0.39200583150814233,0.5179659607659831,0.6065700325088301,0.6755845247833575,0.729267409011491,0.767968651456191,0.7892143067557549,0.7852662038457683,0.7294344515660438,0.5403640521289744,0.21039359549727316,0.03334467543015973,0.002847143557300019,0.00038347720598532733,0.00016920820707244126,9.78461355352541e-05,5.732176984021603e-05,3.3535432906815e-05,1.9607179378290756e-05,1.14617123547609e-05,6.69947924713297e-06,3.9126264320186624e-06,2.256425638208784e-06,1.093839259731978e-06,1.7652181800019164e-07,8.512310403132389e-09,3.296137609667141e-10,1.2555625115227252e-11,4.777511889019848e-13,1.817262086439031e-14,6.727583826379872e-16,6.821329773375397e-18,3.4259397469240004e-21,1.2833419542465056e-24,4.7912142533323935e-28,1.7886873962392e-31,6.677642441687228e-35,2.4929402717866637e-38,9.306804389082321e-42,3.474475859565622e-45,1.2971135949591476e-48
14.932773109243698,0.9864457487694499,0.9864457487694498,0.9864457487694498,0.9864457487694498,0.9864457487694499,0.9864457487694498,0.9864457487694499,0.9864457487694499,0.9864457487694498,0.9864457487694499,0.9864457487694522,0.9864457487779603,0.4805914972273567,0.4805914972273567,0.4805914972273567,0.4805914972273567,0.9993539151253713,0.9985652236249501,0.9968116211218891,0.9929247010624422,0.984368254859109,0.9658145153157849,0.9268665882186341,0.8504032755245423,0.7183133462523059,0.534273621566858,0.34727711838668923,0.2408059772768354,0.3244289231011994,0.6038600140637641,0.8001350149789385,0.8390936496083174,0.8042219933508303,0.7291308524614614,0.6208660103376362,0.49465462405046445,0.3827804714672629,0.3086893172456213,0.2665295718482822,0.24139463261121472,0.2376097478412604,0.27234246188694083,0.33612939673878406,0.39959076643111185,0.44531409084313833,0.46800322862301597,0.47077808634072826,0.4645336679247913,0.454301613975749,0.4331328404055945,0.4022788926548809,0.3825628221628129,0.38652387781004977,0.4009714298846797,0.4089550096796298,0.40937695822573955,0.40845633559047656,0.40569735518333944,0.4010859163258982,0.40572739383619616,0.4373799843045432,0.4937444789868582,0.541723538862176,0.5616631995207155,0.5670292138707015,0.5816154048997896,0.6237043897740024,0.6839416049960895,0.7110888262171641,0.6737940049423445,0.5843078321078942,0.45980247604259816,0.3184228399908114,0.18965711162001037,0.10214322771240433,0.062088191025151944,0.05519261497518842,0.07756696330717457,0.18422373483019872,0.2874535397469198,0.3234995312988728,0.359930756716766,0.4058062993666641,0.4541599133657323,0.4946160639215583,0.5139112024880279,0.49368620385923867,0.40277116480930336,0.21988711344704157,0.061353841596401976,0.009436641952091294,0.0008786961026641058,7.502406065951659e-05,2.0569688425723883e-05,1.124541910320149e-05,6.5748988323837e-06,3.847884251137077e-06,2.2500363439583634e-06,1.3153260230584857e-06,7.68720252659386e-07,4.4801570892754947e-07,2.504984810569626e-07,8.780029530960708e-08,7.176992986085994e-09,2.9513160571282254e-10,1.1288533885908435e-11,4.296541076240599e-13,1.634783129401531e-14,6.219282435996205e-16,2.3375361826507762e-17,3.971486577633714e-19,2.632240600149574e-22,9.90218225137679e-26,3.697024225128584e-29,1.380197795776986e-32,5.152642902012908e-36,1.9236176703444624e-39,7.181372766887192e-43,2.68099610499624e-46,1.0008866477656022e-49
15.084033613445378,0.9993011317920666,0.9993011317920666,0.9993011317920665,0.9993011317920666,0.9993011317920666,0.9993011317920666,0.9993011317920665,0.9993011317920665,0.9993011317920666,0.9993011317920666,0.9993011317920667,0.999301131792568,0.4805914972273567,0.4805914972273567,0.4805914972273567,0.4805914972273567,0.999511324274567,0.998911448241779,0.9975768464082816,0.9946146296850781,0.988074165592677,0.973798587721834,0.9434094591494887,0.8820301765110772,0.7702626492371891,0.6007198529969325,0.40533527331703667,0.25205875707591174,0.21976358967303747,0.3934475627253559,0.6697074538265397,0.7946211064364891,0.7836664538620757,0.7112817493138847,0.6065930819278517,0.49227906058946447,0.39821301724947,0.3412267297412726,0.3132182114123732,0.3008421441594017,0.30779096868392114,0.34692922106329904,0.4072379532290119,0.46259807276197684,0.4985879632223379,0.5120087134320518,0.5079460264872705,0.4967280973447861,0.4813793056910386,0.4557467925647322,0.4254152245707888,0.41215525430708033,0.42367461572188064,0.441232498624489,0.4420570350696138,0.4236478456224915,0.40130962973496737,0.3838274707722889,0.3724363673451531,0.3755639987387347,0.40849699617939084,0.4696787666665812,0.527230411399668,0.5581294303210881,0.5711053990876879,0.5857281500193897,0.6155953090477592,0.652789902572236,0.6556765166817392,0.5912178471980056,0.4716194523742987,0.32926055965858203,0.19974853969527223,0.11031608468002892,0.06689047873530932,0.0582045482913088,0.06755845851033819,0.09520113923466435,0.19002636965560019,0.257795053147274,0.23151045235392054,0.20940860842043577,0.2081400352889466,0.2210334134236702,0.23667438103990754,0.24044316352061842,0.21684036435947127,0.15469023573914142,0.06992569196712202,0.01775933132657342,0.002948679936060388,0.00032934534302299096,2.5074006790024097e-05,3.1490585332804842e-06,1.3194770968941188e-06,7.549645374909365e-07,4.414878892945487e-07,2.5819325224422956e-07,1.509385772519296e-07,8.817476607834223e-08,5.103405587028515e-08,2.591181351359722e-08,5.017906681017559e-09,2.601833035681795e-10,1.0138873148541521e-11,3.863721948651324e-13,1.470220247537266e-14,5.59393010476712e-16,2.1282660559213622e-17,8.053653084949183e-19,1.972507256760443e-20,2.0114597485150534e-23,7.639095785469e-27,2.852359907506477e-30,1.0648630529220033e-33,3.975415058553535e-37,1.4841274273599434e-40,5.5406396259262e-44,2.0684670937552294e-47,7.722133917404674e-51
15.235294117647058,0.9999644057352663,0.9999644057352665,0.9999644057352665,0.9999644057352665,0.9999644057352665,0.9999644057352665,0.9999644057352665,0.9999644057352665,0.9999644057352665,0.9999644057352663,0.9999644057352665,0.9999644057352903,0.9999644057932967,0.4805914972273567,0.4805914972273567,0.4805914972273567,0.999628517772953,0.999172311077131,0.998156868880865,0.9959006993184735,0.9909076956528738,0.9799545978192243,0.956383561513768,0.9076910490301112,0.8151010666431366,0.6639872487460683,0.47056148762134953,0.2928412040645984,0.19916150194929466,0.25872855252180893,0.48906300012751586,0.6809024829232398,0.7064215544087374,0.6419491564597825,0.5491767416323308,0.46105254630179404,0.40039894040856655,0.3734078386843241,0.3683367683171137,0.3723367570002848,0.38702650921899917,0.421915060235137,0.4708297986027337,0.5150299742679784,0.5419651458048937,0.5491581431353467,0.5430674090145479,0.5328922268736133,0.5185658009348901,0.49378588118566014,0.46709356769223653,0.45926827110516627,0.47389420453859776,0.489250654909633,0.48017373609025155,0.444046091991799,0.4029143740304435,0.374047085015619,0.3600313909097105,0.36496447844705643,0.3986761429346936,0.457937241485353,0.5147433978693435,0.5484191236691263,0.5647070384682213,0.5788305004617201,0.6008327275645454,0.6226228535139969,0.6061127620160683,0.5163599201898521,0.3740151521488744,0.23390559446478892,0.1347148435932525,0.08301394291140214,0.0680288585630943,0.07509686746620149,0.08984216185594775,0.11778381782472074,0.21850385895160576,0.30985849949018235,0.2604920223947611,0.19509112873917067,0.15303351378065996,0.13267644101656767,0.12498849235879841,0.11835562262941832,0.10187513488776052,0.0698589999610178,0.031157567722102833,0.00836701433876403,0.001592654451810778,0.00022398844255017885,2.0293518239468846e-05,1.4070153754001682e-06,2.0209741491184995e-07,8.885803247218822e-08,5.0746168932339644e-08,2.9630696952711618e-08,1.7319424235490572e-08,1.0102361367350803e-08,5.714976637329668e-09,2.2345047820369234e-09,2.1458551168947934e-10,9.063650449002717e-12,3.4734363472259906e-13,1.3221948135876083e-14,5.030842283464478e-16,1.9141388119579904e-17,7.282745412215124e-19,2.764245262224522e-20,8.439385309170676e-22,1.5191813856361723e-24,5.892470186692444e-28,2.2006560004205603e-31,8.215660843545673e-35,3.067123271199734e-38,1.1450381164609384e-41,4.2747296790797926e-45,1.5958694794912738e-48,5.957802216209109e-52
15.386554621848738,0.9999981882791696,0.9999981882791698,0.9999981882791698,0.9999981882791696,0.9999981882791698,0.9999981882791696,0.9999981882791696,0.9999981882791696,0.9999981882791698,0.9999981882791696,0.9999981882791696,0.9999981882791664,0.9999981882481102,0.4805914972273567,0.4805914972273567,0.9998732796734543,0.99971757084376,0.9993706559397764,0.9985982026845412,0.996880553762363,0.9930726156763868,0.9846867300385539,0.9664878329831968,0.9282205783038397,0.8528504925082397,0.7219176031654644,0.5378646280377911,0.34677405492053504,0.21730044213972038,0.21004848885135113,0.36201462602287965,0.5542919600344997,0.6055218095018691,0.549507234707961,0.47010423568330384,0.41003602510544307,0.38611573500577034,0.3951555071888316,0.41844384194095763,0.43871811623738577,0.4554986700704298,0.48037862943707815,0.5160438888700005,0.5503687880810957,0.5707224132179943,0.5744200118071179,0.5694774566396414,0.564681493369119,0.5563465725578195,0.5368060353267377,0.5163719611377623,0.5136310350950688,0.5279108553362035,0.536371180216504,0.5159681918321353,0.4668986600241467,0.4144662674156139,0.38003122969317843,0.36693502116891485,0.37527326195805394,0.4083584652465854,0.45943463462027395,0.5062906948571557,0.5354514455733288,0.5518067868297083,0.5663353547604455,0.5856840955109138,0.6002026489919329,0.5720738786619808,0.4650861583766155,0.313035528604635,0.1884217003158416,0.11774377420477844,0.08964595044506689,0.08914847484342169,0.10262580060155777,0.1172875578437379,0.14244589155356135,0.24893177774957811,0.38731755730738004,0.35101251235560255,0.2597591873039146,0.1870901247162321,0.14245660314134226,0.11957237216877514,0.10629358105062475,0.08993334202765985,0.062497634524608874,0.029014240273985734,0.008333075361224277,0.001748637971602244,0.0002895933612360479,3.27007234036254e-05,2.325123355783678e-06,1.388408462023732e-07,1.5789215162140442e-08,6.084515556277042e-09,3.4120394504103746e-09,1.9873317594474446e-09,1.1530623760206657e-09,6.066370780390962e-10,1.3985024494296235e-10,7.93349849268616e-12,3.118189474433692e-13,1.188964004326223e-14,4.524405799432031e-16,1.7214621411965618e-17,6.54982432911107e-19,2.4920517382469835e-20,9.471587544466274e-22,3.248511684407757e-23,1.1189142426295518e-25,4.543971235563323e-29,1.6978471865983774e-32,6.33856555516184e-36,2.3663541118118486e-39,8.834224831260058e-43,3.2980494304188757e-46,1.2312489497563612e-49,4.596577486972982e-53
15.53781512605042,0.9999999077877533,0.9999999077877533,0.9999999077877532,0.9999999077877533,0.9999999077877533,0.9999999077877533,0.9999999077877532,0.9999999077877533,0.9999999077877532,0.9999999077877532,0.9999999077877532,0.9999999077877492,0.9999999077560692,0.4805914972273567,0.4805914972273567,0.9999036627438083,0.999785279255611,0.9995214912168792,0.9989339692533739,0.9976267392344474,0.9947247490846254,0.9883148348433374,0.974313207703919,0.9444596283010401,0.8839752157385325,0.7732411597410835,0.6039923457519127,0.40766301168360153,0.25256863812767755,0.20465951036447216,0.30269249637722156,0.4697017065034512,0.5299754947864211,0.47878453329352527,0.40515890835125085,0.3607932345954655,0.3626196944460604,0.4033527350436926,0.45469209821606066,0.4894897757813107,0.5061349853556993,0.5218506576875175,0.5469218924383283,0.5732592118042102,0.5877663700474077,0.5880602896023216,0.5845307850977213,0.5866283241614267,0.5869530201733134,0.5755222684320183,0.5634182845711535,0.565911840563109,0.5772386538163186,0.5748239671040769,0.5419126134259167,0.48495497000120175,0.4303505371516517,0.3983059873636685,0.39127512889691124,0.40610886428570103,0.4389244212852519,0.47804521270845024,0.508567958673732,0.5271581303188125,0.5402409523202933,0.5557084816569136,0.576221974292696,0.5887066088468622,0.5554331368441926,0.44256886970453635,0.29377976220736646,0.18629699306950076,0.13335379020065644,0.1167116841577202,0.12229866316983018,0.13681339881691834,0.1480008655954804,0.16736595343859006,0.27276303894621473,0.45681960679179767,0.4632525255210749,0.3654230087131538,0.2697555582378039,0.2040097228698894,0.16718153145473202,0.14491115816570274,0.12055382844733507,0.08354238741449849,0.03929782235336702,0.011563106327290386,0.00252106336101384,0.0004554055075413403,6.116078537409242e-05,5.133552838793374e-06,2.991264699444535e-07,1.5954392400049185e-08,1.3741425788562513e-09,4.234114261240237e-10,2.2928032554754017e-10,1.300262644909719e-10,5.562296928226036e-11,6.3568400985896395e-12,2.7814226301439104e-13,1.0687097572554605e-14,4.068839256077805e-16,1.5481771351071318e-17,5.890522151671083e-19,2.2412268334501853e-20,8.527382646840713e-22,3.2429545880392285e-23,1.1767715915083224e-24,7.831660211586544e-27,3.5019521842405665e-30,1.3099129347204446e-33,4.890344204182805e-37,1.8256949810498114e-40,6.815801520099471e-44,2.544518704335088e-47,9.499360299435969e-51,3.5463620979105943e-54
15.6890756302521,0.9999999953066253,0.9999999953066253,0.9999999953066253,0.9999999953066253,0.9999999953066253,0.9999999953066254,0.9999999953066254,0.9999999953066253,0.9999999953066253,0.9999999953066255,0.9999999953066254,0.9999999953066216,0.9999999952788556,0.4805914972273567,0.4805914972273567,0.999926761505999,0.9998367580205174,0.999636188241423,0.9991893736539871,0.9981947451112921,0.9959844006734248,0.9910908943815445,0.980347437312751,0.9571899876700409,0.9092004967303364,0.8174327110763203,0.6664456748432689,0.47215532400456767,0.29728468774648964,0.21791162211183857,0.2798551688150909,0.424386105311989,0.48951803235837804,0.44384010907701477,0.36983256858085595,0.32788941500566127,0.3412028084817503,0.4036593140938119,0.4778231024913707,0.5248457636047018,0.542519815137097,0.5529924641801313,0.5706376123112047,0.5893866890589582,0.5965972713574959,0.5916838529553134,0.5882964699595024,0.5972489041313909,0.6076181110703514,0.6062513388300576,0.6035776067985442,0.6106086598359155,0.6163880402593923,0.5998605803748076,0.5530902949255904,0.49153355965649875,0.4424991878380799,0.42135883343432784,0.4272226999663481,0.45307483036858076,0.48699914731334604,0.5132484038738286,0.5256056174033062,0.5305189186857073,0.5373949326364692,0.5528126392034959,0.5742415014956392,0.5834012763246322,0.5455095190924107,0.4356215001829364,0.3003739813140194,0.2089360922640414,0.16659754677616864,0.15537117544087622,0.16277347846598522,0.17511699570282638,0.18034305776348344,0.19084543414530705,0.28711702144034196,0.502177380363441,0.5694791407401063,0.48861917072758143,0.3820121413099217,0.2987451165726231,0.2471310455011128,0.2122622468942794,0.17437902565796604,0.12056373674601728,0.0573233653340261,0.017112959019537334,0.00380238780168052,0.0007225951696705924,0.00011076432617280759,1.1176871678768668e-05,7.247011653236985e-07,3.76786868091651e-08,1.8909550286984055e-09,1.308146800520601e-10,3.007046351048479e-11,1.4246207752132495e-11,3.8162385665442935e-12,2.411473859023892e-13,9.587835773452158e-15,3.6586881966957627e-16,1.3923239777429674e-17,5.297581676078538e-19,2.0156261080731483e-20,7.669056759244421e-22,2.917917550045832e-23,1.1099750758624709e-24,4.134227450812273e-26,4.996891144627493e-28,2.695207431645925e-31,1.0106026181865702e-34,3.773008736465643e-38,1.4085643962392818e-41,5.258542897293096e-45,1.9631529374251255e-48,7.328970001128098e-52,2.736219832593489e-55
15.840336134453782,0.9999999997611189,0.9999999997611189,0.9999999997611189,0.9999999997611189,0.9999999997611189,0.9999999997611189,0.9999999997611189,0.999999999761119,0.999999999761119,0.9999999997611189,0.9999999997611189,0.9999999997611156,0.9999999997370044,0.4805914972273567,0.4805914972273567,0.9999443221656406,0.9998758962736222,0.9997233997551465,0.9993836221882281,0.9986269820767464,0.9969441371950264,0.9932117374110129,0.9849849481319534,0.9670996398021972,0.9293614343656723,0.8545644810255518,0.7233757285040842,0.537477446280256,0.3482308566923384,0.24032487271899014,0.2724811844572094,0.3979659980820651,0.46804642182136735,0.43258272163372247,0.35891626914324654,0.3131790681534568,0.32843648860661107,0.4033184253406876,0.4932568379014133,0.549500495559102,0.5697097556456925,0.5784332207578654,0.5906886778722001,0.6009761681264267,0.5984719316080233,0.5862536462520587,0.5818110958084817,0.5973825330365082,0.6190490928374667,0.6296276318275135,0.6366678954004001,0.646367021647745,0.6440164141377853,0.6114693150902337,0.550094077144507,0.4851117231848709,0.4454298337103552,0.4407157570356461,0.46459040885496644,0.5038983220149768,0.5389403133587337,0.5540984606966435,0.5518081561838458,0.5444646242626958,0.5438830745509855,0.5563561349429522,0.5735213062924281,0.5728616486801382,0.5270998172132076,0.4250600804589184,0.3113222595983295,0.2384843746776367,0.20625323965265768,0.19937716725849658,0.20701433889501278,0.21535913087705227,0.2125690894952005,0.21119955320768966,0.29138941398833385,0.5185791254678149,0.649064742305769,0.6063354436137133,0.5062528224041845,0.41436637988944636,0.35000929582106405,0.301126800664125,0.24714566935280727,0.17255973385258536,0.08381987309562884,0.025491486447755004,0.005744162679425629,0.0011265505748198575,0.00018989209303537846,2.2893736268011615e-05,1.7189821636232144e-06,9.452072718307703e-08,4.6523895308421274e-09,2.262207305226908e-10,1.3223285738963477e-11,1.7394168587008526e-12,1.9035472740959166e-13,8.542554858146999e-15,3.288481380598196e-16,1.2521285337709127e-17,4.764319639267345e-19,1.8127340048374187e-20,6.897093579555764e-22,2.624206953315437e-23,9.984576430431358e-25,3.798576812843455e-26,1.4316115038512337e-27,2.7733341194020894e-29,2.0679764325919083e-32,7.796599698838655e-36,2.9109588389206573e-39,1.0867388436099292e-42,4.057083249310031e-46,1.5146247797596772e-49,5.660770992219998e-53,2.5789924423458717e-56
15.991596638655462,0.9999999999878416,0.9999999999878415,0.9999999999878416,0.9999999999878415,0.9999999999878415,0.9999999999878416,0.9999999999878415,0.9999999999878415,0.9999999999878415,0.9999999999878416,0.9999999999878415,0.9999999999878388,0.9999999999669147,0.4805914972273567,0.9999813056526167,0.9999576723932401,0.9999056516413811,0.9997897090578951,0.9995313425154709,0.9989558236315549,0.9976749767397948,0.9948301029293807,0.9885398667847999,0.974771284869906,0.9452957998031273,0.8851291378045664,0.7736394838153332,0.601035440124906,0.40311691639754504,0.26811026160407964,0.2714664922998629,0.3779827780034106,0.45167833906986826,0.43088774007640696,0.3628274997656241,0.3132717613625823,0.3256530800126006,0.4057914812101411,0.5044783031127553,0.5664571388119324,0.5898780840461118,0.5991861001532475,0.6072552023251804,0.607970555902344,0.5936819088501877,0.5728528401773804,0.566764994349396,0.5885785302882796,0.6226324232405532,0.6471963462984344,0.6639138427078941,0.6739926593595831,0.6616970984866148,0.6133180955496453,0.5384355002330747,0.4702398163869009,0.43918860365733303,0.4504771455652393,0.4915993419873005,0.5416711895627776,0.5761557537164759,0.5840826816942599,0.5737159397417538,0.5585120627072524,0.5508132831570325,0.5566089502163685,0.5632052232824388,0.5476262960410336,0.49280484811671116,0.4016051190956391,0.31434854332977563,0.2643747071967719,0.2453585256324452,0.24447331989193977,0.25240535422747135,0.2557244526229769,0.24295867264826718,0.22698553741300292,0.2862325041276378,0.5083012262214729,0.6907261971603255,0.6965477796206165,0.6196400018502447,0.533059372536427,0.46377900329636385,0.4045024911522111,0.3362250653459325,0.2404888016071876,0.121071991917385,0.03783826585397598,0.00864644554640066,0.0017306367998156794,0.00031100198159088424,4.368040250305791e-05,3.904740198289665e-06,2.345146860689638e-07,1.1840238597381966e-08,5.667064668659298e-10,2.5642673763467695e-11,7.425703308746471e-13,1.1019649359141675e-14,3.0685257345754237e-16,1.1295747236868057e-17,4.285831267350096e-19,1.630298856281847e-20,6.202846168369243e-22,2.3600559880016993e-23,8.9795425508031e-25,3.4165359445878136e-26,1.2998699594149467e-27,4.924886637067778e-29,1.3104929323764531e-30,1.5759476361754905e-33,6.014511537649614e-37,2.2458669719471627e-40,8.384438377597949e-44,3.1305683730249885e-47,1.2010741521452597e-50,2.8485085109762585e-53,1.7913148535855996e-54
16.142857142857142,0.9999999999993813,0.9999999999993812,0.9999999999993813,0.9999999999993813,0.9999999999993813,0.9999999999993812,0.9999999999993812,0.9999999999993812,0.999999999999381,0.999999999999381,0.9999999999993813,0.9999999999993787,0.9999999999812209,0.999999865129842,0.9999857608531826,0.9999678216265742,0.9999282731740101,0.9998401239788457,0.9996436702768252,0.9992059572472851,0.9982312849985668,0.996063928275951,0.9912595319356192,0.9806850668530761,0.9577785723917048,0.9098638000891156,0.816779677151077,0.6605608059221058,0.4595762281700407,0.2989747225615823,0.2728049563039888,0.3591072304231809,0.43371169374450214,0.4296997631771342,0.3736601097445878,0.32397396105483117,0.3314257772224415,0.4105095125511323,0.5110324737552412,0.5752773991669543,0.6021273704354968,0.6138266581267056,0.619101409467796,0.6102411024659344,0.5837237118977435,0.5543697425780031,0.5463502329636084,0.5730344775748536,0.6193126377771182,0.6594140971097456,0.6857730453804765,0.6943983008942314,0.6716416414715736,0.6097741138589327,0.5246151891585864,0.45363162301442905,0.42774476693161073,0.4495821942133348,0.5015124811032008,0.5561263610597061,0.5883042063214764,0.59276344604136,0.5795882700521151,0.5601716256597418,0.546064002278351,0.5430815344015493,0.5368530479146921,0.5066414884562975,0.4451189737949362,0.3669223142900917,0.30785511015130307,0.28370156609940134,0.28139364971353537,0.2888947006204052,0.2977634306510194,0.2950926329592817,0.2701538506167417,0.2373311506280411,0.27311996772250546,0.47645898590205676,0.6908881496212712,0.7419112232716124,0.6972183284731639,0.6309304978824829,0.5705657211017326,0.5110528992213603,0.43589869784605395,0.3237644704918364,0.17165035097167905,0.055801320506695465,0.012968447268838949,0.00263292691079286,0.0004930758396286039,7.789332107413354e-05,8.367046943709976e-06,5.686752577792415e-07,2.9981202672936324e-08,1.4376419522859573e-09,5.706400878310696e-11,7.663125341680405e-13,3.2475541311692182e-15,1.9458969646113923e-17,4.1405543223062757e-19,1.4749868358710436e-20,5.581172892496327e-22,2.1225770401676832e-23,8.075692114889666e-25,3.0726312826545954e-26,1.169074610125711e-27,4.4480143229623436e-29,1.689207624813867e-30,5.395926477875355e-32,1.1832024315809276e-34,4.6390451387909105e-38,1.7327621904216713e-41,6.491363705154262e-45,4.0907432825027385e-48,1.2522996815450957e-49,9.224440160861875e-51,6.843497057297895e-52
16.294117647058822,0.9999999999999685,0.9999999999999686,0.9999999999999686,0.9999999999999686,0.9999999999999686,0.9999999999999685,0.9999999999999686,0.9999999999999685,0.9999999999999685,0.9999999999999687,0.9999999999999686,0.9999999999999665,0.9999999999842093,0.9999998833054013,0.9999891568608593,0.9999755373260504,0.9999454709885738,0.9998784533356311,0.9997290798940842,0.9993961950799273,0.9986546103159704,0.9970039366229962,0.9933370341234642,0.9852287322847032,0.9674893285670833,0.9296043719748344,0.8529069051829022,0.7143280209565519,0.5150650117711627,0.3307200924906428,0.2741899088932708,0.3393890805137525,0.41214702037711626,0.42442846306329723,0.3853037439035387,0.3407204800034238,0.34288902939203164,0.4145204850934681,0.5098130178217948,0.5732370367266346,0.6038355650088,0.6199510307763659,0.6250646215874548,0.6090781019026247,0.5725179015712938,0.5361445722915718,0.525618083882364,0.5542353576404899,0.6102146771008989,0.6656442750359735,0.7014114303821228,0.7075847957044786,0.6751533257498299,0.6037690104883876,0.5130250437750192,0.44011571754263384,0.41512971662015175,0.4403494774259789,0.49522546639881854,0.5487582808869312,0.5777872373927099,0.5807789906264419,0.5668970904279483,0.5447892693107758,0.5253612675643132,0.5146414955317854,0.49785679280161627,0.45664820471382567,0.3917966898215966,0.3275622865435676,0.29614268046245606,0.29908437636665436,0.316134515970351,0.33398476732026705,0.34396698372242757,0.33356228343030686,0.2936433228190567,0.2422235087557055,0.2539974184744282,0.42827460253907046,0.6488001437724311,0.7287642144771732,0.7155572821028531,0.6821020408201368,0.6487353678154761,0.6052644970663895,0.5361860216186409,0.41836599705365146,0.2373800851300933,0.0815350560088346,0.01938267643800907,0.003980930001529889,0.0007652145321612647,0.00013133426286020755,1.6732501704998365e-05,1.3315787311322535e-06,7.501998262517777e-08,3.5622245136661217e-09,1.035653900122044e-10,6.979343059133564e-13,2.3324823776160946e-15,7.523815283830743e-18,3.524482240471358e-20,5.694813078803987e-22,1.9297075553927017e-23,7.269275843723347e-25,2.763563974855498e-26,1.051408986791339e-27,4.000372106938575e-29,1.5220467922466604e-30,5.786258658680054e-32,2.029371183356228e-33,8.607149574938796e-36,3.5784622347647814e-39,1.453247441612781e-42,9.136096893886841e-45,6.4097911275078655e-46,4.754141330654383e-47,3.5271610498600865e-48,2.616851756366811e-49
16.445378151260503,0.9999999999999983,0.9999999999999984,0.9999999999999984,0.9999999999999983,0.9999999999999984,0.9999999999999984,0.9999999999999984,0.9999999999999983,0.9999999999999983,0.9999999999999983,0.9999999999999983,0.9999999999999966,0.9999999999863227,0.9999998990720883,0.9999917446387521,0.999981402966778,0.9999585453453101,0.9999075936796458,0.9997940189104324,0.9995408640717863,0.9989766651810477,0.9977197178808013,0.9949221439489261,0.9887107642333312,0.9750021512650708,0.9451824156095461,0.8825292434232345,0.7612709745255203,0.5670719413300199,0.36091993837582487,0.2739065425114819,0.31840095785870764,0.38755787615208276,0.4139235566397458,0.39359443323696747,0.35870128027982856,0.3565443867166298,0.414885674768618,0.49816043155828676,0.5581274526809046,0.5929371689126051,0.6158736747759092,0.6250933514440776,0.6074456154837345,0.565668773395756,0.524489187501601,0.5102798500342017,0.5369587742156325,0.5978890727400543,0.6655910004907039,0.7095008548584403,0.7127311858709096,0.6723783358895021,0.5964517773515332,0.5053976744424965,0.43157962992304627,0.4034236237665558,0.42553877856051925,0.4773947101255941,0.5270771959807078,0.5534913067602482,0.5562939227210254,0.5427091173474702,0.5194245024454707,0.49724634693386743,0.4818104059709243,0.4577879423380042,0.4086754889331934,0.34211473209443477,0.2910339468305842,0.2859410864673246,0.3168971404211975,0.3553631194148152,0.38458851133077054,0.3945778046541864,0.37316054857380365,0.3143862089750607,0.24272082043134813,0.230966607916468,0.36816404425355653,0.5646426814696305,0.6473214638905609,0.6569309446411974,0.6637248854695503,0.6758651469453973,0.6689639770880822,0.6234399893974228,0.5159461222135406,0.31795923738369153,0.11759952220022997,0.02885312744964671,0.005994502645764491,0.0011716674505091226,0.00021242768843417393,3.1156062825216835e-05,2.967677251094499e-06,1.8372731720844382e-07,8.224990985453956e-09,1.3420905765384384e-10,5.684812049288886e-13,1.7907398020335485e-15,5.522062531157376e-18,1.7394889982822698e-20,6.955079140138425e-23,8.223385556114458e-25,2.5578239261686227e-26,9.529841326552338e-28,3.612989710298682e-29,1.3725877135440215e-30,5.217531374042843e-32,1.9832220104916585e-33,7.269457094364889e-35,5.9501045302436455e-37,8.741648256305207e-40,4.461753647121685e-41,3.3027055694543844e-42,2.4502971728793085e-43,1.8179107950169942e-44,1.3487343002405066e-45,1.0006454761813823e-46
16.596638655462186,0.9999999999999999,0.9999999999999999,1.0,0.9999999999999999,1.0,0.9999999999999999,1.0,1.0,0.9999999999999999,1.0,1.0,0.9999999999999981,0.9999999999881322,0.4805914972273567,0.9999937159700163,0.9999858621379983,0.9999684848378284,0.9999297476054169,0.9998433918204088,0.9996508706012355,0.9992216313083502,0.9982645360337529,0.9961304649369077,0.991373853450486,0.980789114786886,0.9573627073014811,0.9063799924372897,0.8009613630018725,0.6133837975985901,0.38702733213856433,0.2706524044775091,0.2965132509210106,0.36172969163261465,0.3994870136026836,0.3969959810409193,0.3741979321042932,0.3696597550083006,0.41147645215562,0.4776406339804739,0.5317352345811922,0.5706477422406193,0.6022879831226297,0.620399481013536,0.6084003481500957,0.5676601478783894,0.523871927445442,0.504784984490373,0.5264127000124427,0.5869798283786989,0.6611265975016573,0.7098408182104493,0.7092667671075185,0.6631516614648263,0.5878883151478569,0.5013985936801287,0.427518984158024,0.3927927860369059,0.4068396073649955,0.4522793168727549,0.49824521202894173,0.5246769775207227,0.5303072469530246,0.5200739269008146,0.4992346879347088,0.4779411992426294,0.46040945909354997,0.4310283284681668,0.37481525481554606,0.3052739014429973,0.2648100667726099,0.28544262844749135,0.34630949533372196,0.4077988879785749,0.44801320325519195,0.4553451553769099,0.418174282707501,0.3354650735645892,0.24116312847683835,0.20610021843126738,0.30015875115619,0.44473071160141037,0.5042840037893558,0.5244493733491206,0.5677670054078756,0.6340631681473713,0.682892997022018,0.6813355267039741,0.6039913775803435,0.40932231924176266,0.16656534072671061,0.04272575064303634,0.008999250787464387,0.0017791509585721452,0.00033399155222246834,5.4400325143763483e-05,6.208150832445697e-06,4.3241163942587277e-07,1.5923908443306652e-08,1.2967339837353642e-10,4.444617431350645e-13,1.3762405454612621e-15,4.242281081319752e-18,1.3340830813828127e-20,4.887839568647526e-23,3.553070784558186e-25,6.508296976513068e-27,1.6611808512672216e-28,4.56420855117331e-30,1.304532654684256e-31,3.8813768482364184e-33,1.2058895559308687e-34,4.530116443909129e-36,2.0035305310659363e-36,2.2815824461578067e-37,1.7021118530142405e-38,1.2628907394595876e-39,9.36957404746166e-41,6.95142248003312e-42,5.15736083586139e-43,3.8263205647906924e-44
16.747899159663866,1.0,1.0,1.0,1.0,1.0,1.0,1.0,1.0,1.0,1.0,1.0,0.9999999999999987,0.9999999999897013,0.4805914972273567,0.999995217319459,0.9999892520756203,0.9999760410759218,0.9999465898982178,0.9998809288069418,0.9997345144080829,0.9994079343993435,0.9986790920629556,0.9970508975916699,0.9934073242807863,0.9852307714939055,0.9668126723274182,0.9252759059935243,0.8334822745303999,0.6522747444982343,0.4066599357321647,0.2636577418218958,0.2745459273190223,0.33670834205895556,0.38357729333484464,0.3964542704129258,0.385945754478466,0.3814475899118915,0.4076158612394474,0.45491906858370645,0.5009222920714119,0.542297546750513,0.5822269723363446,0.6118267555403153,0.6118576458993096,0.5784688490109438,0.5347392242390079,0.5111047168064482,0.5271260359452916,0.583713168008682,0.6573491488218567,0.7051975669694597,0.6987170773897685,0.6485829656275829,0.5780433351076941,0.4990888636532543,0.4253513557720685,0.3818062787589303,0.38471453825722535,0.4224741794742924,0.46720913357622645,0.499135716731122,0.514132056078869,0.513613673274535,0.5002549425483998,0.48237383423508023,0.46351583287793696,0.42923849468252756,0.36524950167140585,0.2893169696857407,0.25606645162678254,0.30319611709817185,0.3954683428297912,0.47847256253905496,0.526332851027908,0.5278425461668794,0.47204675593402207,0.36174577577805156,0.24138184023353843,0.18150123385079808,0.22915256711916607,0.3096027393907551,0.3374426819711576,0.35814201432311155,0.4189377809264913,0.5236744858776284,0.6317847041295911,0.6919713229979897,0.6665258586111918,0.5022169515359004,0.2300703348375842,0.06280296462550686,0.013473583414884398,0.0026876944185990795,0.0005156200289813177,9.025600114073597e-05,1.2083563007463197e-05,9.440644036381262e-07,2.263399298599394e-08,1.0789072494901924e-10,3.434676385908186e-13,1.0680093520477388e-15,3.5432241262976335e-18,1.745291183091793e-20,2.185193995509778e-22,4.81205820446229e-24,1.1876235926533823e-25,2.9760175984190854e-27,7.471978782409673e-29,1.8766296299625316e-30,4.714302505028324e-32,1.2001373010641327e-33,1.4791251205487435e-34,5.1201128080360335e-34,8.661792996468449e-35,6.50816373994436e-36,4.829104391895055e-37,3.5827867583009773e-38,2.6581213248104317e-39,1.972098639929279e-40,1.4631284918620006e-41
16.899159663865547,1.0,1.0,1.0,1.0,1.0,1.0,1.0,1.0,1.0,1.0,1.0,0.9999999999999988,0.9999999999910629,0.4805914972273567,0.4805914972273567,0.9999918291584627,0.9999817854819577,0.9999593939490604,0.9999094665937606,0.9997981099930532,0.999549606351513,0.9989944478846439,0.9977516138038093,0.9949579221019371,0.9886293458397866,0.9740934713834546,0.9400174917016333,0.8592543252318311,0.6825662361561832,0.4179231240156937,0.2528159639458016,0.2534995022328652,0.3141932656773473,0.3685882469314767,0.3941030723142117,0.39470163572997863,0.3921911614057928,0.4063806369985112,0.4365069826197262,0.4729405989785179,0.5135229527993318,0.5579382111354322,0.5971090484962753,0.6120087133460314,0.5918237847996204,0.5529141544801894,0.528355611097378,0.5418407123883573,0.5941695950903959,0.6619258473292069,0.7024238179305056,0.6866467682140072,0.6326787075372827,0.5675598627498419,0.49519074950119696,0.4203692155538015,0.367401137068495,0.35872528301006545,0.3895222048379367,0.43726825579296236,0.48282842749515004,0.5168221216381161,0.5339960876035783,0.5322125486501327,0.5180870925789938,0.49709755951012413,0.45777079513380065,0.3852017536542054,0.2987895560038656,0.26888701867539494,0.3408831456185686,0.4575521349064403,0.5514498640127625,0.5991237186955363,0.593512260674287,0.5252390018456883,0.3946528555542693,0.24801693509146944,0.1596005894913581,0.16194915054353917,0.18939440130246266,0.1961504532065172,0.21261299762466923,0.26820851183889605,0.3760628328455392,0.5177752122303353,0.6405034542612739,0.6851831371425015,0.5814441171306061,0.3070384277588499,0.09132716776941587,0.020112018831285206,0.004046672837037502,0.0007870305492086088,0.00014435039433185361,2.187995834721178e-05,1.7977070677982446e-06,2.347960983698613e-08,8.53406311842297e-11,2.742614171811403e-13,1.076754688700257e-15,9.173538122482431e-18,1.754566431084641e-19,4.2369387978993156e-21,1.0586757480299763e-22,2.656645260790988e-24,6.67010178378682e-26,1.6747860693593807e-27,4.2052341385430053e-29,1.0562480129717244e-30,2.918624664186401e-32,2.0820382618453983e-32,1.1428543328518952e-31,3.260164716292952e-32,2.488231566582946e-33,1.8465753517401198e-34,1.3700047389181095e-35,1.0164263497318404e-36,7.541014036800722e-38,5.5947873353769617e-39
17.050420168067227,1.0,1.0,1.0,1.0,1.0,1.0,1.0,1.0,1.0,1.0,0.9999999999999999,0.999999999999999,0.9999999999922445,0.4805914972273567,0.4805914972273567,0.9999937882933485,0.9999861524806429,0.999969127919004,0.9999311622613412,0.9998464605420689,0.9996573283687508,0.9992342860388072,0.9982847753951484,0.9961388239473946,0.9912221120877923,0.9796639754592245,0.9513287693662362,0.8788641643708301,0.7035697188683148,0.4196762529874393,0.23868401666532213,0.23431357376766757,0.2952663689456876,0.3561351573234283,0.39173515458899916,0.4012088092657305,0.40065107900659974,0.4058042999676359,0.4217170195367604,0.4482252705923174,0.4843981472819875,0.527508591861412,0.5705297708440815,0.598689126100102,0.596431528110914,0.5702039839009669,0.552676143195525,0.5703024067978355,0.6216283143791232,0.6820548086057439,0.7110806022140547,0.6827185348459125,0.6223549148827633,0.5577705817900469,0.4857337646314694,0.40658211064684097,0.3455005124997609,0.32833101308799745,0.35514947348546794,0.4105879424886121,0.47781052294474835,0.5398306473063755,0.581004888973028,0.5933296641897657,0.583043471734268,0.5593089616131549,0.5146441250817669,0.4323566471637573,0.32993869135239967,0.2955555223586341,0.3782578638274,0.49753851144263894,0.5861315542508333,0.6264793604830339,0.6149471057788131,0.546876356579869,0.419676735993643,0.2617468959967413,0.14322166865182814,0.10623677221637083,0.10391681588772574,0.10296860757734756,0.11435515840356414,0.15393432417015512,0.23776674192840866,0.37141348729573637,0.5278396119966458,0.6434896266903458,0.6262789172416048,0.3908619613173256,0.13069086872180177,0.029903041096376166,0.0060782273463979,0.0011929909602378787,0.00022528437494129843,3.713887529933979e-05,2.7707906688406457e-06,2.0556745698635215e-08,7.511896337421698e-11,4.4013534964896247e-13,6.5913781436726806e-15,1.5179614683873116e-16,3.769344482861515e-18,9.451534277062167e-20,2.3727949106451197e-21,5.95774546072863e-23,1.495930788269478e-24,3.756142196701291e-26,9.431402838721976e-28,2.3741163444489958e-29,1.0481978413124126e-30,3.439683222945605e-30,2.2551754134489215e-29,1.2040422156584414e-29,9.511233720781911e-31,7.061006767706365e-32,5.2386956728335996e-33,3.886664294034445e-34,2.883572431506836e-35,2.1393640751441843e-36
17.201680672268907,1.0,1.0,1.0,1.0,1.0,1.0,1.0,1.0,1.0,1.0,1.0,0.999999999999999,0.99999999999327,0.4805914972273567,0.4805914972273567,0.9999952776533511,0.9999894723395878,0.9999765278802376,0.9999476559704068,0.9998832190919315,0.999739228307222,0.9994166489222466,0.998690224541315,0.9970369708066198,0.9931936460286165,0.9838912408426037,0.9598273720917365,0.8929242453582826,0.7149635213967268,0.4116848712002607,0.2223192746134291,0.2176878171968233,0.28036919558381007,0.3468234637147578,0.3897074339555832,0.4040546096074428,0.4020006567123034,0.39792286218467865,0.40186731257713076,0.41930665428856595,0.4490628547164507,0.4864167586488002,0.5271375467291575,0.563220639581946,0.5802334884926977,0.5760998267163678,0.5774318238456091,0.6084107985161257,0.6641177791617222,0.7196939567897424,0.7377751180605822,0.6957445368267993,0.6237753580398239,0.5495256414024204,0.46747370446931275,0.3795574643060275,0.3135703319396194,0.29429339596943876,0.32204969944677153,0.3879717377771362,0.4794827590853672,0.5725822440927906,0.6404947782501522,0.6696727863819162,0.6658335519374942,0.6407899357116911,0.5906363606719687,0.49510115992566506,0.3650696727561605,0.30977156599930333,0.3790668299141857,0.4819716272783496,0.5595147619756431,0.5934997220373888,0.5788665555560851,0.5167130074439452,0.41063538301645897,0.2704255986549656,0.1340688051927936,0.06718445923835341,0.0532466136202422,0.05106932031577029,0.058230805629605774,0.08254608763819525,0.13680874594405595,0.23594315859826506,0.38204526070849365,0.5390501126036988,0.6145153582528284,0.46589315556090305,0.18245483602959317,0.04420418590935476,0.00911087164635821,0.0018008399032576085,0.0003464411017624237,6.007998413759909e-05,3.5248952668031667e-06,2.440758066137023e-08,2.6264683898485485e-10,5.48691146403577e-12,1.3435537057789477e-13,3.3630319306564816e-15,8.441031246236428e-17,2.1193652977612812e-18,5.32149889805175e-20,1.336178002516893e-21,3.355018553664686e-23,8.424141605759717e-25,2.1153578008914945e-26,5.412867240441832e-28,9.026281041702519e-29,5.816289731347411e-28,4.12389338389674e-27,4.274747687443275e-27,3.6340304578841177e-28,2.7000034024230695e-29,2.003199725430772e-30,1.4862030418742851e-31,1.1026355244975986e-32,8.180612365865492e-34
17.352941176470587,1.0,1.0,1.0,1.0,1.0,1.0,1.0,1.0,1.0,1.0,1.0,0.9999999999999992,0.9999999999941612,0.4805914972273567,0.4805914972273567,0.9999964098828319,0.9999919961392285,0.9999821534394233,0.999960194768762,0.9999111636008872,0.9998014893382715,0.9995552733128198,0.9989983491737273,0.9977189248590289,0.9946863986734306,0.9870633334945632,0.9660147736875544,0.9019728757824264,0.7166636134449154,0.3946361633837178,0.2050078311070549,0.20399638872489406,0.26938971019035873,0.3401696807407806,0.38613984396848483,0.39833916704290623,0.3880304038666001,0.37262240216650633,0.36683506214115513,0.37783502428710364,0.40218423664663766,0.4329339459690856,0.4676050542007564,0.504472087897558,0.53645678900818,0.5610903693418635,0.594375268514535,0.6486218380617695,0.7140748684210324,0.7685326102785407,0.779144811564054,0.724994085342163,0.6362992404720317,0.541502789035528,0.4394019386620857,0.33965709561749446,0.2734593869789953,0.2594185520881834,0.29321784620781866,0.36925118951068886,0.47966251693303413,0.5986469981487791,0.6923526872787606,0.7413028497733698,0.7478754322229344,0.7238676053342621,0.6674111879475578,0.550881871209298,0.3753355355133941,0.2869882345869483,0.3337417435265901,0.41881179424048554,0.488815485226575,0.521149266742907,0.5071036513904431,0.4511051369448519,0.36494678995165025,0.25669681442683984,0.12963662972988296,0.045599339643363324,0.02784607715469885,0.025731590476185322,0.02971251623163137,0.04328911975455643,0.07464253801417699,0.13709918254217532,0.24516225795236138,0.39643131852536106,0.5349643996800099,0.5056747657588551,0.24473426649228688,0.06474260469860912,0.013630072902710693,0.002719448727102744,0.000540983660808536,0.00011145707651822054,9.187006006468184e-06,2.0061629699110916e-07,4.7987715965504125e-09,1.1969361691994535e-10,3.002917437390691e-12,7.539298432376875e-14,1.8930258172500718e-15,4.753205802949897e-17,1.1934856640393676e-18,2.9967316010362784e-20,7.52451470505447e-22,1.889338751008364e-23,4.746228415215396e-25,1.3637025573417945e-26,1.3345465178535095e-26,9.86269456606141e-26,7.245319590961207e-25,1.4075838636316494e-24,1.3870844253984686e-25,1.0324230429803816e-26,7.659938656824109e-28,5.683020998129851e-29,4.216315451585181e-30,3.1281453894674912e-31
17.504201680672267,1.0,1.0,1.0,1.0,1.0,1.0,1.0,1.0,1.0,1.0,1.0,0.9999999999999994,0.4805914972273567,0.4805914972273567,0.4805914972273567,0.9999972706161376,0.9999939147576234,0.9999864300350337,0.9999697267693849,0.9999324063510769,0.999848814095432,0.9996606119344135,0.9992322955373287,0.9982354851357057,0.9958094729628155,0.989402068226719,0.9702780015377869,0.9064110761209587,0.7087343292917088,0.3700196531469857,0.18798390052915248,0.19328595464806936,0.26171243111268083,0.33431361257550557,0.37614726579770336,0.3760846354790499,0.35100467550841696,0.3246550687544142,0.3133963433918966,0.3223174288087229,0.34457517012965405,0.3706947323259204,0.39824347268742516,0.4294962755798526,0.4677907383912205,0.5209538813172698,0.5955694951611886,0.6813231057662044,0.7604164092030637,0.816137134792085,0.8221179660694734,0.7582553327803105,0.650863169785675,0.5296470591233845,0.4027480100874113,0.2919663668706881,0.23067916867563273,0.22733230182069447,0.27070442267200984,0.35486062444029787,0.4748657468687952,0.6093367907683991,0.7240006056980088,0.7918357333578576,0.8076088632398409,0.7813441651487962,0.7130320067563417,0.5668844684851234,0.3422209174871035,0.23389128357031172,0.2659783244698952,0.3373726673611311,0.4017679350875997,0.43467571430536617,0.4240999632743752,0.37509708886167903,0.3037346935059025,0.22232746520083257,0.12511320242566598,0.04297718365459681,0.02314004741501867,0.019611137403522563,0.020231071301279557,0.026279593753516184,0.04235484850467194,0.07718889120935213,0.14444339559671027,0.25708841038980335,0.40248253136636636,0.47722941189169144,0.30467948705714,0.09318279451423747,0.020534854448832462,0.004468590758014847,0.0014293875285230522,0.0009579151648634325,0.00014467965257359427,4.187973584141532e-06,1.0648703827950115e-07,2.680179606267212e-09,6.733131182390702e-11,1.6908136132896447e-12,4.245576652511364e-14,1.0660302623203971e-15,2.6767058496595017e-17,6.72096127765675e-19,1.6875710915582932e-20,4.237385297168857e-22,1.0678251889697104e-23,5.597684653509395e-25,2.2192897355468663e-24,1.672806075975258e-23,1.2486711492057456e-22,4.0988727530274676e-22,5.2824482232517304e-23,3.9476747011024876e-24,2.929046295819776e-25,2.1731033166868647e-26,1.6122567785942034e-27,1.1961566127341256e-28
17.655462184873947,1.0,1.0,1.0,1.0,1.0,1.0,1.0,1.0,1.0,1.0,1.0,0.9999999999999996,0.4805914972273567,0.4805914972273567,0.4805914972273567,0.4805914972273567,0.9999953733042637,0.999989681098982,0.9999769727789036,0.9999485533024605,0.9998847783290553,0.9997406139953537,0.9994096692371376,0.9986252867258463,0.9966457066692541,0.9910743877489037,0.972896511392651,0.9064675291664978,0.6913619558806625,0.339899222612422,0.17224349516725396,0.18531834405643224,0.25606528009441826,0.3252700153638008,0.3518199480881701,0.3304116747803389,0.2907444437406142,0.2592312387993231,0.24824027664402867,0.25910654367655883,0.28232394180288145,0.30607756543988496,0.32668942037321724,0.34844774216742436,0.38468195268518734,0.45883620197783975,0.5745125796907458,0.6952293552037707,0.7901715914342982,0.8484694202899211,0.8518051726830518,0.7804746996875012,0.6552823555833616,0.5081541389604194,0.35916615863530077,0.2426851342358351,0.19076558308252356,0.2006801900177269,0.2552903197827957,0.3461835842690656,0.46844098053056726,0.6079251449544784,0.7352069291855415,0.8135523499821384,0.8262952528568013,0.7828203745203983,0.6895025812229658,0.516732573480685,0.2775222742527306,0.1747812476312045,0.19959385399687243,0.259073065407504,0.31674558771249633,0.34960895879659754,0.3436601637217521,0.30283232684751477,0.2440064776014303,0.1825850080326582,0.1243249238794202,0.08151900125807832,0.06320323013110195,0.05106494568856042,0.042467195675842805,0.0383582790080342,0.040887120194014324,0.05457977625455693,0.08756837365893652,0.15049123486945581,0.2460557880990749,0.33651753589164923,0.2974097687459098,0.1268766448832983,0.03958808986795818,0.022952335807579004,0.025385627315678443,0.014785641742944541,0.0016682369533646882,7.575001377263681e-05,2.2710470201450923e-06,5.9458491701213416e-08,1.506582195220756e-09,3.790229171602389e-11,9.520832211905033e-13,2.3908013343986853e-14,6.003191272789412e-16,1.507351486043704e-17,3.784823852815737e-19,9.504207890605934e-21,2.451832278544013e-22,5.561778949138595e-23,3.7538981904787726e-22,2.8371453233728835e-21,2.1329941915405763e-20,1.01929774486499e-19,2.0015873128846616e-20,1.509395810241444e-21,1.1200230633943562e-22,8.309626171770737e-24,6.165031885889679e-25,4.573926285537775e-26
17.80672268907563,1.0,1.0,1.0,1.0,1.0,1.0,1.0,1.0,1.0,1.0,1.0,0.9999999999999999,0.4805914972273567,0.4805914972273567,0.4805914972273567,0.4805914972273567,0.9999964820935762,0.999992152509983,0.9999824807686466,0.9999608253246349,0.9999121001910726,0.9998013206426003,0.999543838255427,0.9989175824467571,0.9972572551155943,0.9922017654503545,0.974049451212537,0.9021781913971224,0.6648894826202714,0.30678259907552075,0.1588554713642395,0.17986549725579332,0.24989769214883506,0.3056779686626046,0.3051987609764001,0.26309336255645754,0.21821489055582338,0.18958565617505788,0.1828630935554328,0.19710144767344992,0.2222084911774277,0.24464123796817536,0.25883138168098585,0.270337327178094,0.30007893255382667,0.38313509606279406,0.5261275204572274,0.6763488851319867,0.7871839527986432,0.8503017326240975,0.8551844593567701,0.7799024400939053,0.6389432831162896,0.47081121075219257,0.3092116672242062,0.1959610521249891,0.15683940360334242,0.18040204373206659,0.24657476974813458,0.34394560611099667,0.4651217943226602,0.6020476426316889,0.7314285744905686,0.8048303233455837,0.7947248449577275,0.7163832712135046,0.5907619922412785,0.413690019310846,0.20892315203125805,0.1261355866995262,0.1462675911020076,0.1945383718985348,0.2438887917611888,0.2748456020686914,0.2729946638827672,0.24043828738409895,0.19309301112383914,0.15013320218080253,0.15289857505365298,0.24649898923951805,0.2590643992026205,0.21990428177791507,0.17986592829789744,0.1457663176926552,0.1185673060889731,0.09920394781363293,0.08922956688201651,0.0894252648215899,0.09660186993536736,0.10412969192895173,0.11177662138781175,0.15088224539154105,0.2683489352226944,0.35858434079894536,0.1909814737011209,0.032637814835104445,0.003895784126720059,0.0003957942622879611,2.7779063655722887e-05,1.125956567084626e-06,3.2506524791688015e-08,8.429906481531642e-10,2.131505665648184e-11,5.359980273341912e-13,1.3462663446784687e-14,3.380576222218053e-16,8.488452840318679e-18,2.1328452336723547e-19,6.464755101919124e-21,8.550657800248296e-21,6.36414807768378e-20,4.811755186079206e-19,3.6290674218205046e-18,2.1794000119204836e-17,7.500207387341833e-18,5.7705283857673045e-19,4.282794250836075e-20,3.1774783015982825e-21,2.357417171667995e-22,1.7490018817598056e-23
17.95798319327731,1.0,1.0,1.0,1.0,1.0,1.0,1.0,1.0,1.0,1.0,1.0,1.0,0.4805914972273567,0.4805914972273567,0.4805914972273567,0.4805914972273567,0.9999973249875409,0.9999940311853339,0.9999866672939012,0.9999701504042511,0.99993284515748,0.9998473185548951,0.9996449272197105,0.9991343683334198,0.9976898172965272,0.9928665570667814,0.9738112281156586,0.8933124588734059,0.6301796434593686,0.27719810239252135,0.1561505104279457,0.18241931595104244,0.2393507118174246,0.26400675389694195,0.23509854089742993,0.18709702692943211,0.14914021669172522,0.12853904917796768,0.12694012790716477,0.14368006280903844,0.1702386074943159,0.19229630965378183,0.2020678621150504,0.20599836019121445,0.22833317910586626,0.30575867414169833,0.44991771738257214,0.6109217831704726,0.7319412334614293,0.8024307171071504,0.8171680073216218,0.7460663385248455,0.5937275244489588,0.413140294405776,0.253207347004601,0.15361041289511412,0.12970956542038412,0.16608235702001165,0.24299055232158007,0.34645405309744065,0.46509258981099694,0.5935258647024778,0.7127029997727184,0.7637546874277515,0.7168722742609049,0.602455473868488,0.45855177543174425,0.30270860325342536,0.15449602866304082,0.09524933709863162,0.1128012711285477,0.15177289855503473,0.19235976898973167,0.21921678228926153,0.21904754640478025,0.19259011395251227,0.15515396290913328,0.13825841807214057,0.2690490056356164,0.5851841288236752,0.6581918847903028,0.6119492150180886,0.5423648286723614,0.4592400002166497,0.3600892738852746,0.24803420975826304,0.14342018656184397,0.07126211960270035,0.034619366037325426,0.023130507549360326,0.04931355862600976,0.23531452197905128,0.6575196420965116,0.7143259290968752,0.2758287832145711,0.04356744506680195,0.00535504873783004,0.0006303841270731179,7.119212914089395e-05,6.9114191491024515e-06,4.426046722708591e-07,1.655876309333105e-08,4.639964518880279e-10,1.1944342923800354e-11,3.015242343995274e-13,7.579638799195936e-15,1.903670495845483e-16,4.805065659966075e-18,3.08793873181036e-19,1.4303546796394754e-18,1.079262896021984e-17,8.160470287614032e-17,6.163385635045864e-16,4.1793656957727775e-15,2.7438318273777608e-15,2.2055494846802884e-16,1.637669889066259e-17,1.2150207360937107e-18,9.014415209509752e-20,6.687924971733498e-21
18.10924369747899,1.0,1.0,1.0,1.0,1.0,1.0,1.0,1.0,1.0,1.0,1.0,1.0,0.4805914972273567,0.4805914972273567,0.4805914972273567,0.4805914972273567,0.4805914972273567,0.9999954592194418,0.9999898489997111,0.9999772338086211,0.9999485820144379,0.999882084922967,0.9997205667684489,0.9992918935389615,0.9979745162672882,0.9931015605851874,0.9719996735288992,0.8787376770541399,0.5990680384842638,0.3189835649873996,0.25445990392266044,0.2570977663376747,0.24601564952602142,0.20870165536271937,0.1608708067750894,0.12169174329597673,0.09705757252326115,0.08634741403827086,0.09014771765774846,0.10934483639140312,0.13870578518687424,0.16431835078018323,0.1748555563327252,0.1753116638426425,0.18828022857880833,0.24468516041631458,0.35985193363834217,0.5012621673112146,0.6164301271729343,0.6917248922461896,0.7241932604775363,0.6713684737505968,0.5184024183724681,0.3376551715149593,0.19429825508843837,0.11703630761602711,0.10985322537662394,0.1576257678202465,0.24266911613949374,0.3486852704054191,0.45925836887657956,0.5683120938909975,0.6625892508223414,0.6833150964989475,0.6057905227662133,0.47425877009189926,0.33578694224915295,0.21337697217265608,0.11970756910336025,0.09113019434229638,0.11489306043387608,0.15043529340390055,0.1840837813638439,0.2040890811335828,0.19929162832044853,0.1712482703202858,0.13948133938883087,0.17430529860868552,0.5004840739572949,0.8446859994334761,0.9053639118378735,0.8838887206578583,0.8284682937553766,0.7226925664336489,0.543988221247673,0.32371425368112616,0.1504620971050108,0.05942396421216098,0.023050208154621506,0.0181957244007764,0.07663031154532808,0.37385217877572274,0.7913221841608501,0.7857061450099487,0.3352740641671189,0.05658657503017031,0.007051084932712345,0.0008394385615798697,9.916081132984981e-05,1.158202596579946e-05,1.2893664342472823e-06,1.1914445543545336e-07,6.932482854354135e-09,2.415610108615453e-10,6.608868974539992e-12,1.6915682211620341e-13,4.265416103881743e-15,1.114115274248714e-16,3.4702028178119324e-17,2.421069899791947e-16,1.8300085893858467e-15,1.3835339035181553e-14,1.0453663556804018e-13,7.51762902002905e-13,9.5566763885716e-13,8.424911428067358e-14,6.262143519845047e-15,4.646059436790063e-16,3.446979283075344e-17,2.5573637680865895e-18
18.26050420168067,1.0,1.0,1.0,1.0,1.0,1.0,1.0,1.0,1.0,1.0,1.0,1.0,0.9999999999999996,0.4805914972273567,0.4805914972273567,0.4805914972273567,0.4805914972273567,0.9999965447653408,0.999992267063415,0.9999826131772426,0.9999605070702964,0.9999082608177082,0.999776394875166,0.9994003118034019,0.998109752423554,0.9926623922829564,0.9662577386595466,0.8580474200011684,0.6823921842137773,0.5862725562451373,0.5117380552778072,0.4215834340704848,0.32195795823180623,0.2268801433463504,0.1495540655646889,0.10097248208241755,0.08185181862636183,0.08130017134085349,0.09214746251599092,0.11537486469652035,0.15072740119365066,0.18562577086158344,0.20201606275172282,0.19940220089392743,0.1974979114967401,0.22170361218849147,0.28838778216872385,0.3845072910915755,0.47536189516928823,0.5474600058462437,0.5958170571115506,0.5710247817037456,0.4315151229259489,0.2602229165332454,0.14100041416189912,0.09013565392971622,0.10135458468548993,0.159548125491254,0.24703821703436693,0.3439237016585244,0.42780496280071717,0.49288132843515287,0.5477067474624193,0.5537228832992771,0.47600810152870443,0.3545272714250006,0.23856567776876791,0.15085305268337068,0.10787790997707704,0.13718137219527646,0.19754510429727976,0.2447944053560315,0.27653953097453815,0.28511542521020683,0.2609084788078863,0.20958212897691675,0.16802611515032295,0.28066111722070297,0.6975722502007258,0.9292237687177944,0.9665667685236154,0.9512939916164903,0.8961955375850842,0.7685618339623859,0.5447537414078598,0.29466557157203244,0.12570737658386624,0.04716665831272316,0.01912928622464928,0.02579737383633971,0.13621092660965725,0.5298713485158247,0.8643474456822797,0.8297066119059503,0.3985954768912564,0.07312588909991043,0.009255959763429574,0.0011047364459658422,0.00013088659398315848,1.548401967149559e-05,1.8261561023283193e-06,2.1241365958597048e-07,2.3234954630870173e-08,2.0249723088617602e-09,1.0682899243663832e-10,3.499056899046622e-12,9.398447125750307e-14,3.1049956611363247e-15,5.4699510983828536e-15,4.0852695747956617e-14,3.07878053932133e-13,2.3144212001953936e-12,1.7322012251114055e-11,1.2602712826277287e-10,2.980315449337293e-10,3.212394989039321e-11,2.39447527027542e-12,1.7765838706282846e-13,1.3180739801504165e-14,9.778981477231555e-16
18.41176470588235,1.0,1.0,1.0,1.0,1.0,1.0,1.0,1.0,1.0,1.0,1.0,1.0,1.0,0.4805914972273567,0.4805914972273567,0.4805914972273567,0.4805914972273567,0.4805914972273567,0.999994122053508,0.9999867592303288,0.9999697400173135,0.9999284394318068,0.9998169041077559,0.9994477026331517,0.9978156655754408,0.9887662387652772,0.9477496739181602,0.8731483093228914,0.8030549523775111,0.724590727403439,0.6279297878092236,0.5164945891706768,0.4006186351484561,0.29239342653424266,0.20219318897300295,0.14104502290670165,0.12119514830271924,0.13104642496197927,0.14597942388584392,0.16840311296628904,0.2071982146907209,0.25242072606192734,0.2779495163918409,0.27386791801926047,0.25642186386968685,0.2484570337426506,0.2667271517306068,0.31356452936679874,0.3755026600758771,0.4407627265774184,0.4966423402403403,0.49458475093172044,0.37325188309763846,0.20673710408096094,0.10572773168714612,0.08144179510851728,0.11520969264836263,0.1843268318795937,0.2655670854352797,0.33447097395887965,0.3660008557667277,0.36353642859963897,0.36991838948469474,0.3824626748568496,0.3408257104556412,0.2526209841371158,0.16696705230722025,0.1128225725306061,0.12934428702809414,0.27142614076886,0.4186812333562214,0.4900652853615652,0.5171412226061319,0.5033719240756146,0.43637823522868163,0.3223972768072877,0.22916713131152291,0.356287536256236,0.7378364225955747,0.9339246933231186,0.9720758501906702,0.9556337205182867,0.8892912148627454,0.7363154627394299,0.4891053960509683,0.24623195770902898,0.10018901398798562,0.03714680953860882,0.017947066875807455,0.04292841118185889,0.22972124289456394,0.6676931264367932,0.9040362325750405,0.8624844819514272,0.46507491437451787,0.09400626178988179,0.012140028122095406,0.0014527528430655046,0.00017219935951443954,2.0387490183648375e-05,2.4130246075529325e-06,2.853605953833945e-07,3.361519552151404e-08,3.888769097773314e-09,4.154459988323634e-10,3.357140961784524e-11,1.586132724944795e-12,1.5425646211925485e-13,8.118163436425883e-13,5.744043951804581e-12,3.869012982633384e-11,2.4568211956330365e-10,1.455328275191377e-09,7.986157344620478e-09,3.307422004139832e-08,1.1629525386753192e-08,9.147724804973477e-10,6.793291551266071e-11,5.040119026796615e-12,3.739338123385448e-13
18.563025210084035,1.0,1.0,1.0,1.0,1.0,1.0,1.0,1.0,1.0,1.0,1.0,1.0,1.0,0.4805914972273567,0.4805914972273567,0.4805914972273567,0.4805914972273567,0.4805914972273567,0.4805914972273567,0.9999916313596036,0.9999819756433378,0.9999574535619504,0.9998732856167528,0.9994793066480726,0.9973309286110756,0.986616608641185,0.953548415752888,0.9031009419821322,0.8459106321342411,0.7760015032046804,0.6880970795029887,0.5833823828796342,0.46937777983827284,0.3577175363078691,0.26106921786477316,0.19450860906279652,0.17954052393245346,0.20656305137489406,0.22548805936685812,0.24136958259972927,0.2772290028390811,0.32880710106529965,0.3662397654959047,0.36902682721654234,0.34585255884010035,0.31717335055897977,0.30108272353655935,0.3107908100287959,0.34899815460289607,0.4056158920910468,0.46117319652674227,0.47182853318925394,0.36752969445969436,0.1942270511709461,0.09785195433650812,0.09852499091632942,0.15746271015648403,0.2356709928184696,0.30385045632821167,0.3375086760926536,0.3171938486887415,0.25915515019314245,0.21869245923988476,0.2205078091653899,0.21633420331130923,0.1710114069060149,0.11793040673603791,0.10139001127711163,0.20718051746007934,0.4962037383073324,0.7007796483213161,0.761633648501687,0.7606029006307365,0.7063232344034355,0.577490314459426,0.3838191066010785,0.22979170951166727,0.3115522240226936,0.669386139629674,0.905644021728521,0.9629468394202748,0.9453101751563379,0.8636845470181589,0.6846324241890818,0.42507232027897474,0.2010994753975842,0.07914637245327415,0.029775278676131344,0.020133056754742456,0.07486336979620965,0.3512185750092532,0.7623513958222142,0.9218209387327793,0.8862263371542709,0.5322336899243095,0.12006071672480718,0.0159080320663024,0.0019101138580836364,0.00022650568386632156,2.681954354617117e-05,3.1749893566275456e-06,3.758374309114509e-07,4.4476719684170007e-08,5.25528914777918e-09,6.155248932287518e-10,6.845586005482808e-11,6.127410790826928e-12,4.15560892565202e-12,2.3761452820544975e-11,1.1548032004275592e-10,5.311393150631846e-10,2.392790681431158e-09,1.0663622167152677e-08,4.7224851586033975e-08,2.0771716307519092e-07,0.4805914972273567,0.4805914972273567,0.4805914972273567,1.927219914618392e-09,1.4298670987556064e-10
18.714285714285715,1.0,1.0,1.0,1.0,1.0,1.0,1.0,1.0,1.0,1.0,1.0,1.0,1.0,0.4805914972273567,0.4805914972273567,0.4805914972273567,0.4805914972273567,0.4805914972273567,0.4805914972273567,0.9999982304256155,0.9999947426715288,0.9999814867326687,0.9999261727218969,0.9996730045325262,0.9984232832935179,0.992319187757519,0.9695054233027887,0.9239009128462702,0.8701703731716582,0.8088777453268591,0.732628294422599,0.6389751816189048,0.5318237495629614,0.420662671610927,0.3188879536479618,0.24532549577702603,0.2302838649667711,0.27396112306404113,0.3028367786977223,0.3126566963542486,0.34074730183772084,0.3924167541960369,0.4404536448221228,0.45719866086238364,0.4409017133195311,0.4068810604895967,0.3736853143137647,0.36038296755001364,0.37857448241487246,0.42162142998579283,0.4695610304467456,0.4843974367858229,0.3950290243102695,0.21403685143442083,0.11362476242574818,0.13266993536647964,0.20982331926997064,0.2919454077208785,0.34797589226737696,0.3565209982275742,0.30552727521065026,0.21878997095817004,0.148408826003415,0.12286963399676545,0.12445369482985268,0.1125376515488312,0.09324473638752366,0.13322631099565346,0.37019028334018234,0.7243094482537111,0.8766370948403136,0.8974817746275603,0.8629084036362059,0.7660667264408387,0.5824913612595912,0.3469286366678616,0.18197696437182515,0.22529877177306143,0.5520621690115065,0.853244279873012,0.9456257782652212,0.9289854975256403,0.8297939571897871,0.6255801250877272,0.3628439535979466,0.16284480332488732,0.0629048802485358,0.02523881516434989,0.02755264269368892,0.12705741792846506,0.47331484700995125,0.8117147541711186,0.9257003219039147,0.9023441014603842,0.5973284979072491,0.1520918791797549,0.020820555421485098,0.0025110922512089125,0.0002979300614473975,3.527890276854416e-05,4.176513069540146e-06,4.944148925222338e-07,5.8519104291873197e-08,6.917579413774506e-09,8.096088972871972e-10,8.796651436614046e-11,8.883769525937444e-12,2.253828490822871e-11,1.1085285472884589e-10,4.951826712455433e-10,2.180346503524979e-09,9.57978238783569e-09,4.2071143512543424e-08,1.847300395114094e-07,8.110320424760446e-07,3.553763143253198e-06,0.4805914972273567,0.4805914972273567,0.4805914972273567,0.4805914972273567
18.865546218487395,1.0,1.0,1.0,1.0,1.0,1.0,1.0,1.0,1.0,1.0,1.0,1.0,1.0,0.4805914972273567,0.4805914972273567,0.4805914972273567,0.4805914972273567,0.4805914972273567,0.9999996545896542,0.9999988054019556,0.9999957642258223,0.9999845364465453,0.9999411644763092,0.9997628057217685,0.9989747517538715,0.9953399991666863,0.9802239012273027,0.9402209070005069,0.8859432698810317,0.8295275823696165,0.7635208311609984,0.6818105542192744,0.5846817695675108,0.4784640067123106,0.375282277165717,0.2957406936962242,0.27635321347550323,0.3287112170639401,0.36828119735299386,0.3740368899712176,0.39184266623604863,0.4378729566569822,0.4917937763342247,0.5235063523839187,0.5214856266916298,0.4936234584969277,0.45674676076964443,0.4314382581970996,0.43304898243590617,0.46029502143119644,0.4972420211317325,0.5101493815625934,0.42869689538029865,0.24461966810327895,0.13824739663917807,0.16448290366456936,0.25097387199541016,0.3358560822192744,0.38516919075196887,0.37971811335541883,0.3135504101061661,0.21449858277492279,0.13131465832345113,0.08910663210960433,0.08250891081932514,0.08938742300691341,0.11240310265190752,0.25133652496202796,0.599695373289241,0.868833429794766,0.9413928060317845,0.9327075096345542,0.8742513263129169,0.7439649778980979,0.5260012453171838,0.28517838405132984,0.13534224878911522,0.1514622600766115,0.4204136578970691,0.7748362028587837,0.9185604568252406,0.907165785652633,0.7891582165808588,0.5630677925656388,0.30647398529124187,0.13267320436124175,0.05179818507136226,0.024333829196905694,0.04295347555975135,0.19722923309152118,0.5619536150535176,0.82651349427724,0.9203788037789498,0.9118488257093764,0.6577534687659062,0.19075048011025006,0.027207431531398422,0.003300524552799217,0.0003918676463794006,4.640620943505439e-05,5.493861409933973e-06,6.503440176532811e-07,7.695569988227395e-08,9.07809634729528e-09,1.0448473806741475e-09,1.0199988927389017e-10,2.0314112270838795e-11,9.446428274368998e-11,4.348905165994338e-10,1.9209916096086033e-09,8.439730856544384e-09,3.705429479862443e-08,1.626710864176484e-07,7.141281521608618e-07,3.1350148431987036e-06,1.3762285257624459e-05,6.034350787274023e-05,0.4805914972273567,0.4805914972273567,0.4805914972273567
19.016806722689076,1.0,1.0,1.0,1.0,1.0,1.0,1.0,1.0,1.0,1.0,1.0,1.0,1.0,1.0,0.4805914972273567,0.4805914972273567,0.4805914972273567,0.4805914972273567,0.9999996671287852,0.9999988444112764,0.9999959520849874,0.9999856128051413,0.9999476613126935,0.9998027089313238,0.9992188815595596,0.9967428510826623,0.9863947300065804,0.9529854221453676,0.8954633544032347,0.8379317301955058,0.7790131072420676,0.7084662633333976,0.6228820742603143,0.5253043715833091,0.42539139423951905,0.3435972715647498,0.31979872203125154,0.3733122791638895,0.41903072429656324,0.4219976656945759,0.42918745129517044,0.46563746957251106,0.5194020733318001,0.5618597635357879,0.5744387653519829,0.5573733669602303,0.5246383656771889,0.4961951048748563,0.48820375431301194,0.5039880043185437,0.5323306259502734,0.5420014040254278,0.46357681029372094,0.2800827002349066,0.16522061890030723,0.18731839283400245,0.27734089286276353,0.36597610574754047,0.4125891444590255,0.3991542580939901,0.32558648727796746,0.22263786284102513,0.13738045219830672,0.09411892249838984,0.09270976577698072,0.12863495095178354,0.22653077376409256,0.4796757849529844,0.7867030528978813,0.9269032921113632,0.9537880886504718,0.9297678074597893,0.854094848646158,0.698573090181677,0.46261003929902644,0.23252428171854903,0.10155503543668858,0.09922168597428811,0.29779441206869917,0.6692511345301294,0.877791747943929,0.8788421366355252,0.7427426881759482,0.5016429577442582,0.2606259196269413,0.11300385672673358,0.04754423418815853,0.02893160180149987,0.06819305803312335,0.2672256687175459,0.6024685627434766,0.8182566718455011,0.9082185121608262,0.915400306336086,0.7113481158012791,0.2363649484246579,0.035480924626704984,0.004337044516207506,0.000515408375004787,6.104289549699867e-05,7.2266638940466515e-06,8.55396457092307e-07,1.0115061749313999e-07,1.1866690793714185e-08,1.3094882670610086e-09,1.0791603524492123e-10,7.746376973911994e-11,3.7726711845200414e-10,1.68809120054464e-09,7.428444363096831e-09,3.262041885154028e-08,1.4320849691188377e-07,6.286862933728173e-07,2.7599216074837737e-06,1.2115912635662241e-05,5.3186525955748655e-05,0.0002334434216676041,0.4805914972273567,0.4805914972273567,0.4805914972273567
19.168067226890756,1.0,1.0,1.0,1.0,1.0,1.0,1.0,1.0,1.0,1.0,1.0,1.0,1.0,0.9999999999999999,0.4805914972273567,0.4805914972273567,0.4805914972273567,0.9999999041435583,0.9999996700153242,0.9999988605368085,0.9999960453665583,0.9999861603966194,0.9999509096919221,0.9998221351624512,0.9993350217553385,0.9974143166552356,0.9897058498835736,0.9622727606617058,0.901299229495005,0.8342579194197238,0.7770054956142621,0.7155778889542761,0.6415194711266663,0.5546601016234669,0.4619862511336831,0.3826695367207476,0.3574944303579952,0.40839606483119645,0.4553608533765757,0.4565354850628244,0.4542197848184918,0.478672702425759,0.5258242718298116,0.5713744103318964,0.5938063253708632,0.5877088714544523,0.5639916209977787,0.540361442611857,0.5316203664667257,0.543504801219961,0.5683521510199459,0.5772592739331983,0.5044140126035497,0.32731380222571405,0.19994583377698194,0.2071155178104396,0.2939217446088969,0.3850360236704341,0.4304617126207482,0.41221049981628805,0.3360549177096536,0.23531860336894578,0.15639960779493073,0.12598420042316902,0.15212145513451752,0.24863853086713522,0.4399589292394005,0.6879321007362351,0.8600855869933509,0.9313759047477858,0.9434968083720052,0.9120992267108606,0.8230132102075737,0.649839637037865,0.4084562154617187,0.19452481397860735,0.0795039178658928,0.06520948206821157,0.19834574772697286,0.5425118017823926,0.8187186254972914,0.8432786718624705,0.6941788609206883,0.4505944380891464,0.23432217349789275,0.11012286208871015,0.054567584111774176,0.041811381268054795,0.09970217035474077,0.31221569542875105,0.6020499375611411,0.7948166056396271,0.8901656194322412,0.9133498615358508,0.756566610060818,0.28874063747598516,0.04614739046024021,0.005697189613642007,0.0006778698814610737,8.02954875778318e-05,9.505821647124678e-06,1.1249310990357002e-06,1.3278952983486082e-07,1.5361721514611773e-08,1.5376471288117228e-09,1.293914255317963e-10,3.1896091314725227e-10,1.4774681339002956e-09,6.534903886648816e-09,2.8714839386622823e-08,1.2607224977213644e-07,5.534633184700883e-07,2.429697346061879e-06,1.0666258169084134e-05,4.6823060298116925e-05,0.00020552008047014059,0.0009016025536031157,0.4805914972273567,0.4805914972273567,0.4805914972273567
19.319327731092436,1.0,1.0,1.0,1.0,1.0,1.0,1.0,1.0,1.0,1.0,1.0,1.0,0.9999999999999999,0.9999999999999999,0.4805914972273567,0.4805914972273567,0.4805914972273567,0.9999999044224142,0.9999996715954432,0.9999988695587547,0.9999960971667858,0.9999864595409341,0.9999526480249509,0.999832292536294,0.9993944006767493,0.9977545301226205,0.9914726486404094,0.9685098770379907,0.9062199847164739,0.8207878231996292,0.7556556697092417,0.6999517787548117,0.6365334648062618,0.5610586921546793,0.4781792819884469,0.40581733364903116,0.3841458272561298,0.43297694621799043,0.479184525580877,0.4800552907436719,0.46998752453656306,0.481170431006438,0.516097446011793,0.5564968950197824,0.5827910651510743,0.5873370380116234,0.5768514695405599,0.5642270097262683,0.561409168902654,0.5749078366317464,0.599598320802882,0.6100758296374761,0.5483902537299955,0.38655648858243613,0.24762882533686384,0.23207627069643127,0.30700161704193824,0.3959964270907638,0.4400477518537064,0.4196017526206056,0.34537379462328177,0.2531148049157629,0.1897187975126925,0.18605180011066957,0.2569069346836534,0.4135183775589824,0.6171930420768146,0.7647104389855093,0.85362714648231,0.9061722673148696,0.9185747350545351,0.8832304185232083,0.782774210168778,0.5993027828984371,0.3637119497555008,0.1687657971532119,0.06640063505105413,0.04450117431098784,0.1261595378192049,0.40985992166943447,0.7391468182409621,0.8026358115982847,0.6550163864775568,0.42995542534359305,0.2456770955667321,0.13683967390805782,0.08021644240580658,0.06422212600679914,0.1266434220496503,0.322836608831948,0.5749166066027794,0.7606830589460567,0.8663841002006581,0.9057809934249239,0.7924872611326251,0.34697031643451265,0.059813818197804486,0.007480618349691891,0.0008914939073835929,0.00010561897157484173,1.2503175483629623e-05,1.4788202443003616e-06,1.737787858515489e-07,1.9413872885086954e-08,1.6009516582277193e-09,2.973705284785591e-10,1.2780634469201747e-09,5.739903909769176e-09,2.5271990512218184e-08,1.1098384280667047e-07,4.872393124041703e-07,2.1389832322458538e-06,9.390050313190757e-06,4.1220905357254215e-05,0.0001809340241277597,0.0007938114135360124,0.003475470541829837,0.015079610052136478,0.4805914972273567,0.4805914972273567
19.470588235294116,1.0,1.0,1.0,1.0,1.0,1.0,1.0,1.0,1.0,1.0,1.0,1.0,1.0,0.9999999999999994,0.4805914972273567,0.4805914972273567,0.4805914972273567,0.9999999045854047,0.9999996725185092,0.9999988747978392,0.9999961269839084,0.9999866298047289,0.9999536239068928,0.9998379040910881,0.9994266604983473,0.9979373954370586,0.9924439113017578,0.9724937782694865,0.9115307500054111,0.8034496298369246,0.7152362792797395,0.6590849423062045,0.605205151309129,0.5414696440091061,0.47016792997081513,0.408890001613646,0.3965565970635219,0.44687319581745505,0.49300279527047663,0.495222863827861,0.4791672293515826,0.47686867022016677,0.49665889409006253,0.526951034594597,0.553406818103337,0.5686038319466976,0.5736561224419051,0.5750191598315243,0.5810415652409944,0.597878902139051,0.6225458322930559,0.6344763574327718,0.5862292116074672,0.4470763161735217,0.3051764365451655,0.2664984057911801,0.3224729644234138,0.40302076850286833,0.44473609505443445,0.42518394927876463,0.35778022916786095,0.2805789495965074,0.2421395291479035,0.2749665338599228,0.38660282499292825,0.5558089993713637,0.7005126699427895,0.7663232278743005,0.8148051156472123,0.8629065924059158,0.8796536170841617,0.8407363519258673,0.7291199405732562,0.5416332003182301,0.3225085798337452,0.1508384187063792,0.06002866014029282,0.03344371618633612,0.07855324978886681,0.2910976360544697,0.6464113450395497,0.7685943596689273,0.6518927846848267,0.47212859748745567,0.3195570459813745,0.20822338204398388,0.12917742640363933,0.09186597933173994,0.13990637932131472,0.30761767531803114,0.5326554537022042,0.7183045054878183,0.8366585580464723,0.8925527471884647,0.8186976700895157,0.4093195075658213,0.07718311818673058,0.009816660178598847,0.0011723570752881199,0.00013892571189871787,1.6443603244096177e-05,1.942095578716299e-06,2.2561494042141093e-07,2.3199365105743853e-08,1.4814711090658478e-09,1.093884766140355e-09,5.017508940443388e-09,2.2228459542206396e-08,9.769392436754791e-08,4.289353077553326e-07,1.8830509515924458e-06,8.266537097287532e-06,3.6288996413356036e-05,0.00015928869109302953,0.0006988981492310981,0.003060902863001395,0.013299329252274936,0.05586524337166535,0.4805914972273567,0.4805914972273567
19.621848739495796,1.0,1.0,1.0,1.0,1.0,1.0,1.0,1.0,1.0,1.0,1.0,1.0,1.0,0.4805914972273567,0.4805914972273567,0.4805914972273567,0.4805914972273567,0.9999999046816797,0.9999996730636949,0.9999988778859917,0.9999961444923436,0.9999867292144266,0.9999541893484346,0.9998411249210565,0.9994449854480492,0.9980405085969591,0.992997939837266,0.9749894496279334,0.916826528617016,0.7898138111993667,0.6616910204169688,0.5933655163888822,0.5472804268043211,0.4964753455185369,0.4392728604881555,0.39378638017277406,0.39689573162694813,0.4528958071812826,0.5001262675469731,0.504302727822103,0.48336426796616233,0.4682022964655326,0.4733070653039604,0.49359732968097847,0.5196647934492952,0.5445080439048312,0.5642278089275411,0.579507491413156,0.5945708751544507,0.614083211649621,0.6371551262689372,0.6485749174666451,0.6110477249565437,0.49528782579168856,0.3609396073774094,0.3070283219726955,0.3433235586488512,0.41125639205765974,0.4501715940257221,0.4350715784349755,0.3791093738816014,0.3221443960700438,0.3136811524626643,0.3788292832350614,0.5041730887006751,0.6452685303095036,0.7302390605383744,0.7476103820877824,0.7679594770235492,0.8085982532755379,0.827380711110701,0.7835020989572251,0.6603669242209708,0.474254257379478,0.2804026676932192,0.13722464705899468,0.05939124621077896,0.030444397297697497,0.051020399052727164,0.2028012515074706,0.5672391971671171,0.7680694201834686,0.7127164331355008,0.5903941241001679,0.4575570478220874,0.3202066110128025,0.192980462237294,0.1168909381523158,0.14013532050509017,0.2791362279868314,0.482668843858206,0.6692022775566198,0.8006678673222312,0.8733535781109496,0.835119895293866,0.47325248143649884,0.09902873148583864,0.012872391839516854,0.0015415589158970496,0.00018272658157956296,2.1618982553119682e-05,2.5439743749954324e-06,2.8715299010811557e-07,2.4744320793157e-08,1.7053106556871814e-09,4.3356738938785055e-09,1.9514428103303655e-08,8.597516419914473e-08,3.775971078785834e-07,1.6577353414259693e-06,7.277447299988873e-06,3.1947149163219595e-05,0.0001402324485312205,0.0006153263440893319,0.002695652661627059,0.011726723014417146,0.04951191100570867,0.18611781579843797,0.5009727258624456,0.4805914972273567
19.773109243697476,1.0,1.0,1.0,1.0,1.0,1.0,1.0,1.0,1.0,1.0,1.0,1.0,1.0,0.4805914972273567,0.4805914972273567,0.4805914972273567,0.9999999722084042,0.9999999047371895,0.9999996733813894,0.9999988796975213,0.9999961547988933,0.9999867877853091,0.9999545220480806,0.9998430139036604,0.9994556865545364,0.998100556341542,0.9933233697890573,0.9765459009746689,0.9213425674247354,0.7836903668504915,0.6078929980319161,0.5100282498660349,0.46727350245788596,0.4313250861258554,0.39239060063764425,0.3684450931468079,0.3921827488189999,0.45648042782569725,0.5048568382995332,0.509925399398476,0.4841015323348332,0.45696594536197765,0.4498977800799022,0.4634900233624179,0.4902710882422288,0.5226099193628057,0.5540337392678789,0.5815423123043242,0.6047699514527883,0.6257607220403187,0.6456628004111656,0.654171585304909,0.6219019971586527,0.5237726628984708,0.40247830798183704,0.3443649957630783,0.3672155919018435,0.42372294824857865,0.4611348802518964,0.45385196602979505,0.4122415058918947,0.3763852065345849,0.3930283205397192,0.4720511359730889,0.5855973320478619,0.6914793150172772,0.7368895218618341,0.7253155128616622,0.7224457296394913,0.7501805034396429,0.7663429003720102,0.7164814032461692,0.5836177207609338,0.4044348049941151,0.24046251428642304,0.12794958689489258,0.06498308174748084,0.03592538880843288,0.040532164533373743,0.1537240820804902,0.5415207082998671,0.8164780244672165,0.81354210935558,0.7330981630494826,0.6089887606361309,0.437687559040049,0.25399208619714575,0.13548104341800657,0.13313458699875141,0.24612646583270853,0.4294738738846567,0.6146686365719958,0.7581986572166972,0.8477745115312764,0.8418377847176904,0.5356325778585194,0.12613556137329504,0.016862330971735992,0.002026763702525178,0.00024030955308856157,2.8400006543945692e-05,3.310699484179855e-06,3.4863898347503677e-07,2.2232409015290955e-08,4.087370188339938e-09,1.7037771271878412e-08,7.560604374301187e-08,3.3237300417827926e-07,1.4593632663509892e-06,6.4066922751284915e-06,2.8124768820244512e-05,0.00012345568434887503,0.0005417423452279461,0.002373883108474645,0.010338124451020066,0.043847561667674596,0.16758065071029596,0.4691529829437899,0.7950732514836902,0.4805914972273567
19.92436974789916,1.0,1.0,1.0,1.0,1.0,1.0,1.0,1.0,1.0,1.0,0.9999999999999999,1.0,1.0,0.4805914972273567,0.4805914972273567,0.4805914972273567,0.9999999722128431,0.9999999047650835,0.9999996735500847,0.9999988806958968,0.9999961606246711,0.999986821462561,0.9999547154916086,0.9998441198068232,0.9994619771659328,0.9981359863652257,0.993517329319264,0.9775130062561974,0.9247569480072504,0.783591159227195,0.5669298441164068,0.42471366255776344,0.3766836406805946,0.35639527218680706,0.3405964259956978,0.34383630548284383,0.39091038165204134,0.46349084139510743,0.5116751670765504,0.5154448561981033,0.4838560967730974,0.44542309550019277,0.42880737962646565,0.4392033198164328,0.4676713720773258,0.5049641752902312,0.5447066428718216,0.5824644731995289,0.6130572780872082,0.6349185683392344,0.6508644682745515,0.6544888028935759,0.6219370481444014,0.5334259806300171,0.4248360166232092,0.37082876339278636,0.3888425624268738,0.43903691164292064,0.4774694410429712,0.479761680341339,0.4519333082416617,0.4319395674842418,0.46095870437329006,0.5369999860895642,0.6322638895067059,0.7117796437786571,0.7315717759317875,0.7009323404646182,0.6801917481808787,0.6939464688525223,0.7050289452001385,0.6511770444042393,0.5140060670173966,0.34672552745953567,0.2117448954977465,0.1265845169290869,0.07803438495516066,0.05075097314100288,0.04549396242933577,0.14223254084678183,0.5773444504877657,0.8801942209759867,0.8955613485723033,0.8375936957755791,0.7216275051774544,0.5295501745730151,0.3029123699640783,0.14897847938030537,0.12372499765957906,0.21321096564397035,0.3759914487682659,0.5561315589350606,0.7093282789756333,0.8154091103993489,0.8389694533329956,0.5930685655016658,0.15919187989260083,0.022059583763425223,0.0026641804323508296,0.0003159510996813992,3.7229883126327924e-05,4.238579586786282e-06,3.828812986041787e-07,1.8071344612459654e-08,1.4878448554976617e-08,6.633644277183003e-08,2.9248086039893963e-07,1.284683533218755e-06,5.640098792254893e-06,2.4759700105136016e-05,0.00010868578955718068,0.0004769537090768912,0.0020904414233468343,0.009112438135657286,0.03880477896692746,0.15054825297056376,0.4375820928642654,0.7735289156273798,0.9374778557454122,0.9850355156917455
20.07563025210084,1.0,1.0,1.0,1.0,1.0,1.0,1.0,1.0,1.0,1.0,0.9999999999999999,1.0,1.0,0.4805914972273567,0.4805914972273567,0.4805914972273567,0.9999999722123867,0.999999904768965,0.9999996735985459,0.9999988810791429,0.9999961632411845,0.999986838105416,0.9999548171838735,0.99984472570283,0.99946552289351,0.9981563786140109,0.993631242756294,0.9781022297278373,0.9271171262982146,0.7861931300625666,0.54315421337256,0.3546408083554366,0.2920901698231691,0.28548992494990755,0.29618071896059595,0.3302157847676589,0.4001085416464829,0.4785756283973455,0.5242716065893925,0.5243179329877711,0.48593778949558936,0.4367104088612908,0.4121687349687396,0.42117611081194045,0.45099322652737184,0.4905306243638123,0.5355695597621859,0.5819460217570315,0.6197285739886924,0.6429183347896091,0.655143102729827,0.652698609229115,0.6155857037808429,0.5296973874677559,0.43067698808112664,0.3847788582955312,0.40457599511273434,0.45347178605353045,0.4942223339648442,0.5037984697812751,0.4834906034854097,0.4698114715151148,0.5018729174125524,0.5728355352928273,0.6562660348955519,0.7170515389443675,0.7165391524572001,0.671899892475494,0.6394126592938573,0.6429611619576813,0.6511376808822186,0.5994785463739847,0.4658987495466732,0.31286415994770495,0.20142193235797806,0.1364113892877413,0.09864851519618141,0.0733232620135398,0.06205914502387545,0.15220585747869297,0.6265478712950668,0.9230191697977533,0.9411268454606874,0.8956772922218661,0.7898287506771395,0.5931177994062875,0.3415310102829124,0.16015330010444206,0.11451008717577311,0.18255863064317673,0.32427075128711425,0.4952766722360517,0.654573676246274,0.775982713967887,0.8266067234027008,0.6423177533035789,0.19861886187654954,0.02880774084180247,0.003501043951981363,0.00041511559128010563,4.854492830315651e-05,5.2167260003972956e-06,3.544751323602046e-07,2.117199874464323e-08,5.792334695127088e-08,2.571445674913296e-07,1.1307852772351737e-06,4.965163020757902e-06,2.1797208802404777e-05,9.568273475005883e-05,0.00041991007935342196,0.001840780228934265,0.008030889765822719,0.03432113473751575,0.13496629774083213,0.4065088188038102,0.7504305539437921,0.9295787481235628,0.9830361599379337,0.9960844422534866
20.22689075630252,1.0,1.0,1.0,1.0,1.0,1.0,1.0,1.0,1.0,1.0,1.0,1.0,1.0,0.4805914972273567,0.4805914972273567,0.4805914972273567,0.9999999722049597,0.9999999047416904,0.9999996735052659,0.9999988808040743,0.9999961627305329,0.9999868395407365,0.9999548431766748,0.9998449464688712,0.9994670729520545,0.9981663210130303,0.9936910033173431,0.9784312614106109,0.928574025671455,0.7890004609429084,0.532329888095746,0.3079346555436279,0.2273428720077086,0.2309554680170323,0.2687672934127182,0.3343357576249302,0.4240911338885032,0.5047276823254506,0.545206733917246,0.5394030803716509,0.49366697689637745,0.4344538772077379,0.4025930212575759,0.4096017634447889,0.43841748729508606,0.47713146606896606,0.5249661494172321,0.5787653868440714,0.6241669794676162,0.6502418246099063,0.6600656265761154,0.6513284860913853,0.6068260336428961,0.5183275438772424,0.42517691499443405,0.3882952028533064,0.413444462984061,0.46368862649381415,0.5047208102778801,0.5126700243361763,0.48658090734476306,0.47167423186129814,0.5107591839802517,0.5875282734109435,0.6676126923045608,0.7116359210638628,0.6911926680613633,0.6357630185503398,0.5974496302683618,0.596490646581876,0.6066952074151571,0.5656946538077151,0.44431874636007823,0.3055249956259898,0.2103160994626338,0.1571924764609473,0.12446056827225055,0.0984381780282595,0.08143205378259537,0.15773475079816193,0.634623995068664,0.9396020928348124,0.9625225333336371,0.9255782864562414,0.8304823394522647,0.6392577389570377,0.3754766861486878,0.17162674213256443,0.10685332228293833,0.155155410877954,0.27580725282614016,0.43399414022817984,0.5949793162952398,0.7295030143720288,0.8048273943078547,0.6806357066813751,0.24433555724368564,0.037531727245351004,0.004598531526620555,0.0005444554839852137,6.245274712817999e-05,5.887512134151239e-06,2.708580825202969e-07,5.432902180472677e-08,2.2550545617061315e-07,9.949719060527527e-07,4.370803999266976e-06,1.9189068864608354e-05,8.423516510714965e-05,0.000369686310225186,0.0016208875966239923,0.007076792753866348,0.030339194992733052,0.12076780907152734,0.37616627222040633,0.7258114006809782,0.9207660068940514,0.9807748892036476,0.9955546196938835,0.9989836779418783
20.3781512605042,1.0,1.0,1.0,1.0,1.0,1.0,1.0,1.0,1.0,1.0,1.0,1.0,1.0,0.4805914972273567,0.4805914972273567,0.4805914972273567,0.9999999721842829,0.99999990465808,0.9999996731706223,0.9999988794847198,0.9999961576459725,0.9999868206412255,0.9999547771551063,0.9998447424789839,0.9994666205990588,0.9981666453931954,0.9937042580588018,0.978543421834772,0.9291941612106601,0.7905324621750486,0.5276124811082662,0.28133935196142745,0.1864914761443033,0.1981948968492042,0.26181650354986513,0.3576724769330896,0.46389256470990997,0.5432282186271126,0.5760158713035344,0.5627847191239653,0.5097462791715459,0.4419137400718003,0.4025896408174145,0.4043566514756056,0.4277770332289239,0.4626457748814864,0.5117462169968651,0.5721209298915761,0.6255249145749612,0.6565433233995048,0.6661777016181397,0.6519101827353064,0.5982923762643543,0.5030543591878747,0.41201398918297233,0.38331259802283696,0.41500644536650994,0.46647386593362733,0.5013292614759556,0.49159640531428345,0.4449253916107113,0.4326725664774966,0.4934820925175358,0.5891347282835083,0.6709204888489821,0.6965580720915969,0.6555715515636591,0.5923494268086482,0.5530780090177693,0.5521763242067731,0.5682241919414742,0.5448405336158753,0.44395783834560565,0.3194861589237614,0.2338081356378618,0.18461154895319964,0.15006385456010451,0.11846565249669393,0.09313064548389985,0.14249296154188762,0.5758862251180528,0.9326914340795763,0.9715425170854153,0.9423565269785091,0.8586349256167048,0.6795030916856173,0.41220270734712305,0.18736536684131846,0.10229404300817435,0.13161733409204096,0.23168734335754734,0.37421734562599135,0.5321103712512512,0.6764087102314912,0.7737748737574648,0.7059967870259896,0.29548233853638206,0.048743674546845764,0.0060345539204092104,0.000710954010473514,7.775217453123435e-05,5.67439061955282e-06,2.0224334050994836e-07,1.9856630527987173e-07,8.745323020646285e-07,3.847063990511412e-06,1.68927136706469e-05,7.415693676061619e-05,0.0003254675661573405,0.0014272249011565668,0.00623533319021918,0.026806415778504074,0.10787673039177316,0.3467652565697815,0.6997353902622946,0.9109560524238021,0.978218869344809,0.9949534642409285,0.9988456414454748,0.999735975751047
20.529411764705884,1.0,1.0,1.0,1.0,1.0,1.0,1.0,1.0,1.0,1.0,1.0,1.0,0.4805914972273567,0.4805914972273567,0.4805914972273567,0.4805914972273567,0.9999999721352381,0.999999904455921,0.9999996723393886,0.9999988760784982,0.9999961437542687,0.9999867643656613,0.9999545513698027,0.999843849346682,0.9994631630169919,0.9981537131363567,0.9936586392486606,0.9783985493958235,0.928806004404763,0.7894856416993327,0.5227941824229176,0.2659699517225716,0.16428673103049335,0.18396619646256432,0.2710099395903095,0.3952047645525496,0.5164038505901012,0.5932833582723308,0.6172832786392777,0.5959111728690082,0.5359108385623125,0.46048860694996835,0.4120254043932266,0.40287807813938575,0.41597675985607613,0.44577168999262073,0.49673394945185007,0.5633528703917401,0.6241392501716131,0.661299944372448,0.6730295360566128,0.6546103285650161,0.5906592324924191,0.48478750868528714,0.391963841035451,0.3696718792086522,0.4072515148671098,0.4566337683255674,0.4742554868384137,0.430459029648012,0.36404637981207827,0.37089752743415333,0.463429308885395,0.5822980280892599,0.6662937413989177,0.6724360797863345,0.6122910640799452,0.544608954527142,0.5076199055476556,0.5086472634634127,0.5306971118403349,0.5271524932492442,0.45330025449094047,0.34475420020946795,0.26320671921611216,0.2102093653603419,0.16685258048258314,0.12533789383499938,0.0908041506055244,0.11069511686432865,0.4561314414827938,0.8986083023573718,0.9737128012154566,0.9544624876876933,0.8848313451431049,0.7266700558531184,0.4664464393693925,0.21820305767186982,0.10521481031473046,0.11312447032208282,0.1927710089821537,0.31773781622356156,0.46793355160854777,0.6176774853556092,0.7337888050291766,0.7171758180071743,0.35016547605913606,0.06303564771661126,0.007904154853333458,0.0009181297572779757,8.988998063596152e-05,4.441721419331456e-06,2.5649021988722947e-07,7.673090396307611e-07,3.384632117944617e-06,1.4870364095124367e-05,6.528399881861169e-05,0.0002865361451703894,0.0012566716601631405,0.0054933729927728525,0.023674959239834665,0.09621110624050723,0.31848901773429156,0.6722991482863655,0.9000633525834214,0.9753315661765136,0.9942714748121606,0.9986888632847059,0.9996998486975616,0.9999283758597926
20.680672268907564,1.0,1.0,1.0,1.0,1.0,1.0,1.0,1.0,1.0,1.0,1.0,1.0,0.4805914972273567,0.4805914972273567,0.4805914972273567,0.4805914972273567,0.9999999720231525,0.9999999039916546,0.9999996704176299,0.9999988681308346,0.9999961109263396,0.9999866290007903,0.9999539945281313,0.9998415665076135,0.9994538518175561,0.998116047067919,0.9935085822910252,0.9778204349508689,0.9267586010838916,0.7836249012686177,0.5116784251872977,0.2520232097507384,0.1510852304584281,0.17864638690546256,0.28464335741971714,0.4346061526376446,0.5732128111353618,0.6513098648392786,0.6684281202731349,0.6395333168628287,0.5722253370254563,0.48724049358367266,0.42448725814087446,0.39811037614328304,0.3987433206563229,0.4259980152030287,0.4822181399568765,0.5557300434117973,0.6222914393044725,0.6648664927579085,0.6797815129737755,0.6582573986748058,0.5824535467021441,0.4618952942280212,0.36380163875741345,0.3460399441153771,0.3869535927647832,0.42731335793567465,0.41680613540968997,0.3400596147172107,0.27645330088096304,0.31317800181976974,0.4324300378565023,0.567700090112204,0.6512513356150534,0.6404750070455202,0.5660587963401105,0.49761392215951583,0.46450870837439345,0.4667151596076065,0.4910235733802407,0.5033346995638572,0.45869878109971096,0.3681574546623507,0.2860792153026091,0.2223372347293883,0.16596661639544583,0.11519849043842141,0.0761063987472003,0.07722289444052499,0.3211768873765539,0.8336536455499751,0.9711171849536853,0.9668211022451468,0.9174915317875924,0.797036305838229,0.5682627555924326,0.29478156216529955,0.13020418600978156,0.10376943213737931,0.16024097432565274,0.2661175942159281,0.40460876431446213,0.5548489899435013,0.6855568187076607,0.7137367603356817,0.40532794876912615,0.08104240254554688,0.010309701592823437,0.0011538307202943324,9.015487749296442e-05,2.9623354731424746e-06,7.116874770380495e-07,2.9743993485568996e-06,1.3087923248953739e-05,5.747145998485774e-05,0.0002522597595007923,0.001106476583609148,0.004839270652253185,0.02090145476167616,0.08568582111308701,0.29148963245298304,0.6436327188747266,0.8880019782135402,0.9720724463076577,0.9934979142317855,0.9985107984608024,0.9996587097235108,0.999917660993992,0.9999687333437173
20.831932773109244,1.0,1.0,1.0,1.0,1.0,1.0,1.0,1.0,1.0,1.0,1.0,1.0,0.4805914972273567,0.4805914972273567,0.4805914972273567,0.4805914972273567,0.9999999717694951,0.9999999029395997,0.9999996660549778,0.999998850044324,0.9999960359696013,0.9999863185018368,0.9999527091995665,0.9998362513137379,0.9994319107787806,0.9980258014489809,0.9931407352484888,0.9763600658129625,0.9214166438450059,0.7682603369685027,0.4859291134730231,0.2299117799344454,0.13659560346258773,0.1695660887064966,0.2856208065529535,0.45660055919040493,0.6200043833214964,0.7103276823080075,0.7271094194370259,0.6928661865684979,0.6155378304106364,0.513179726387969,0.4279191028129062,0.3814013479605661,0.3724965665422422,0.4027663321127299,0.46898153024520556,0.5512034584056142,0.6225818428893334,0.6688316844549378,0.686403397094793,0.6616053306580724,0.5716399111242321,0.43314117484609993,0.3290073789870334,0.3158930838353787,0.3567728176036159,0.38133533403160186,0.344870632994159,0.25774130641182735,0.21231677191810175,0.2711332091877903,0.4030790566051824,0.5427230096043966,0.6220736450289975,0.6009553302655767,0.5208805778829455,0.4561085225639479,0.42766282752805623,0.4289243075273296,0.449375235116868,0.46800832348307236,0.44768562852753285,0.3750272584820904,0.28874951638470975,0.21165383956481465,0.1454240750518479,0.0926566689992296,0.05656819870288501,0.05244743234726953,0.22854262942041062,0.762848204585625,0.9672768819479453,0.9804476362465916,0.9555602986903196,0.8879866936448984,0.7334570249816562,0.469343671793422,0.2181508354537465,0.11762754342834748,0.13743441311263035,0.22093735531879163,0.34427853029570415,0.48993567541894945,0.6302435204949745,0.6959909271321176,0.45686933183904876,0.10333898817990192,0.013316288051365827,0.0013618392676329335,7.365837940297654e-05,2.1634436474017748e-06,2.6264241470061156e-06,1.1513355459246349e-05,5.0590488856320396e-05,0.0002220809228130287,0.0009742140671357159,0.004262718687024898,0.01844672512904426,0.07621487996322412,0.265886107437934,0.6138987752772546,0.8746875829175825,0.9683966887595375,0.9926206567858398,0.9983085553470775,0.9996118351603916,0.9999050841828229,0.9999606920553767,0.9999427012019745
20.983193277310924,1.0,1.0,1.0,1.0,1.0,1.0,1.0,1.0,1.0,1.0,1.0,0.4805914972273567,0.4805914972273567,0.4805914972273567,0.4805914972273567,0.4805914972273567,0.9999999711969844,0.9999999005642187,0.9999996561998844,0.9999988091599195,0.9999958663750504,0.999985615099234,0.9999497924587201,0.9998241617338774,0.9993818478466017,0.9978190270633747,0.9922936097171491,0.9729823632449441,0.9091135600306727,0.7341548936661841,0.43438358518718045,0.1921232024239587,0.11329546468431868,0.14632717338873613,0.25836985891943326,0.4403192925501593,0.6386077043460794,0.7603435780574852,0.7882108482409184,0.7515414262225679,0.6584475374832847,0.5276402066861521,0.4142892207748332,0.35045849491212167,0.33760491183933544,0.37541558339270864,0.4547339625056181,0.5479933932157348,0.6254009487338689,0.6750367643819386,0.6947635169045864,0.6662265308511962,0.5607569478734992,0.405160944286517,0.29986219379339146,0.29527848297472287,0.3342821485223499,0.34328117191896135,0.29551408400389795,0.21330281839984072,0.17706019782394816,0.24029653861921244,0.3703041009458944,0.5025128935836388,0.5740645117517152,0.551197745232641,0.47708853075425894,0.42197074506873977,0.39946700044101185,0.3980092723044522,0.4086273466699713,0.4215859786232993,0.4133582531795931,0.3543535920210861,0.26379198836957496,0.1792326550768549,0.11323903616333919,0.06707070060398429,0.038920631684249106,0.03823251417033137,0.1958226498980414,0.7355035393112546,0.9679980629258557,0.9907830121786677,0.9830104359548308,0.9568560832159541,0.8871993783529374,0.7174807610172544,0.4286075049689304,0.19468458569799213,0.13565389691231175,0.185058784606955,0.2890586322064981,0.42524798702845146,0.5695495694738321,0.6649662361679057,0.5000976057571742,0.13019884287940506,0.01680589110437715,0.001417254167845642,4.9384677949306875e-05,3.103902894888453e-06,1.012345653368097e-05,4.4524292358296646e-05,0.00019550680862154152,0.0008577452563626434,0.0037545966560448623,0.016275493301545645,0.06771324375996936,0.24176411427595348,0.5832901550265578,0.860039834774376,0.9642549205110397,0.9916260193652954,0.9980788478004403,0.9995583853084079,0.9998902245134665,0.9999499890081375,0.9999202603899285,0.9997950258741416
21.134453781512605,1.0,1.0,1.0,1.0,1.0,1.0,1.0,1.0,1.0,1.0,1.0,0.4805914972273567,0.4805914972273567,0.4805914972273567,0.4805914972273567,0.4805914972273567,0.9999999699057661,0.9999998952063337,0.9999996339677671,0.9999987169114299,0.9999954836170667,0.9999840270398981,0.9999432043058784,0.999796837632593,0.9992686121951113,0.9973510005010873,0.9903770145037251,0.9653880751718588,0.8822485322261462,0.6664682759133691,0.34949111476253075,0.13995078307084435,0.08182121602164343,0.10946945948007523,0.20300916693476778,0.3787309934709221,0.6157575003381626,0.7915087605773881,0.8433217948704348,0.8062052700686804,0.6928288879277813,0.5287560363364214,0.3889992519153279,0.31348143744948626,0.29999204686636716,0.34478650074387973,0.4359680287810913,0.5414468923574364,0.6279286092132961,0.6839330678606411,0.7086547797879358,0.6797710256803171,0.5640347625800611,0.39906989370451523,0.29843575668342126,0.30244604510689516,0.33525861856352146,0.3311568698628001,0.2805135456487945,0.20287887169673907,0.16079456738150774,0.21138167075323988,0.3265783285443239,0.44174782816504704,0.5027165670762704,0.4859974574819599,0.43032538366455236,0.39262624299131516,0.37902979269261594,0.37497869496739344,0.37244861392418005,0.3700207108371598,0.35888730306508354,0.30642189070653714,0.21690873868169797,0.13661894592414295,0.08051263974145763,0.04523336711057612,0.025864384906586567,0.032470948570999324,0.20758566209081838,0.7567171750370943,0.9731539066804997,0.9956607906285618,0.9946555774963064,0.9867308078973405,0.9636438630310109,0.8946099316837053,0.7082358171060146,0.3965328673154759,0.18857030039725128,0.1670253260193836,0.24180658135269753,0.36331985875603895,0.5057205821283038,0.6224226699170473,0.5305065840079322,0.1610626142320126,0.020115111981456126,0.0012129027697698198,3.0211037846926943e-05,9.278706518129455e-06,3.916586627837156e-05,0.00017209790084621142,0.000755182050092536,0.0033068377980878085,0.014356081084750016,0.06009825256868276,0.21917716530706957,0.5520256909280787,0.8439853049019396,0.9595929929689718,0.9904985751256525,0.9978179403074251,0.9994973813300415,0.999872534425936,0.9999356133869094,0.9998887077536941,0.9997105626633087,0.9992125433971897
21.285714285714285,1.0,1.0,1.0,1.0,1.0,1.0,1.0,1.0,1.0,1.0,1.0,0.4805914972273567,0.4805914972273567,0.4805914972273567,0.4805914972273567,0.4805914972273567,0.4805914972273567,0.9999998831245044,0.9999995838332418,0.9999985088756124,0.9999946203725498,0.9999804451104587,0.9999283427309459,0.9997351927534188,0.9990131530412718,0.9962959936994217,0.9860751737897239,0.948653108039885,0.8269693144992858,0.5513755230895933,0.2423354016441052,0.08707148814165534,0.05109517497055752,0.07112689787325034,0.13952212081355964,0.29205591072018117,0.5578162899458015,0.8013709853654071,0.884054239141373,0.8473023411615809,0.7168085314619647,0.5260865848701061,0.367347420626778,0.28505181486863457,0.26990979959097355,0.3150170668870684,0.4107719227671435,0.5258510709835804,0.6239926142700127,0.692519897224508,0.7312842596231909,0.7141202283287805,0.6044780691654607,0.44058284277096416,0.3380913074494229,0.33628322525966,0.3533316754378175,0.33579843685705657,0.28262168794965403,0.2064786530608076,0.15156384451353652,0.17729759179278207,0.2669011000609036,0.3587953787215717,0.40805893205371074,0.4020690875184745,0.3736291117341039,0.3609408530197045,0.3611568842486412,0.3576232439871336,0.3429850257368498,0.3216402410201936,0.29695007706590143,0.2444656104377556,0.16310000125614307,0.0962706808172531,0.053903213503026765,0.02929115998764391,0.017359086523467872,0.03295387426637921,0.24600913412338984,0.7972661053135518,0.9788371405223066,0.9972789506284725,0.998024145823623,0.9958782389145658,0.9891626533313339,0.9672375261946446,0.8927740901026654,0.6803404747963381,0.35820547629185895,0.1938908160757529,0.2102506170276734,0.3084521926122514,0.4426085532211134,0.571712255642747,0.545205629157149,0.1934078327242385,0.021538546062404462,0.0008397509558914508,2.2860694847854715e-05,3.4587946794066466e-05,0.00015144136810483827,0.0006648358001203819,0.002912288038090773,0.012660085483564067,0.05329065565360963,0.19814893298864897,0.520344453081578,0.8264607841748398,0.9543518207234092,0.9892209487346574,0.9975215849909087,0.9994276759643125,0.9998512937806409,0.9999161485360942,0.9998442980073925,0.9995912186285268,0.9988871521986746,0.9969646399245032
21.436974789915965,1.0,1.0,1.0,1.0,1.0,1.0,1.0,1.0,1.0,1.0,1.0,0.4805914972273567,0.4805914972273567,0.4805914972273567,0.4805914972273567,0.4805914972273567,0.4805914972273567,0.9999998558825526,0.9999994707893443,0.9999980397873646,0.9999926738559065,0.9999723681220933,0.9998948309351848,0.9995962019153544,0.9984374913685994,0.9939245627104168,0.9765068079442869,0.9129458320597494,0.7245205941849451,0.3967506966465611,0.14336284582132064,0.047444604950439916,0.02864099442396974,0.04200253578859985,0.08848087589203914,0.21322366655136224,0.4930933953561551,0.7996233762763673,0.908805039320941,0.8731494133253683,0.7346330675028869,0.5306648010241828,0.36368157871017637,0.2788103054016749,0.25859833774883106,0.2936668950584623,0.380567100385982,0.49539479217529353,0.6030870102906957,0.6910545118226785,0.7582198056387108,0.7702385607748078,0.6873078043662727,0.5336464217461642,0.4122262490544881,0.3823813731496776,0.37511980486394625,0.34351314071868927,0.2859820705780323,0.20865805134311222,0.14070960801454893,0.1370668361736768,0.19481782359724484,0.26168488503354365,0.30018297778157804,0.30472152217497395,0.30330386460536424,0.3180068479974602,0.3370131661245632,0.34037092885722714,0.3198520235870857,0.2836187975287843,0.24349773768898367,0.18699984160430425,0.11627733876226688,0.06484201134752957,0.03502407592243626,0.018874480681777835,0.012783334574207751,0.038923651637807186,0.30079429512468525,0.837622007208674,0.982706622694503,0.9968618555938527,0.9977827497734563,0.9972003287724339,0.9952688589706616,0.9888349855927083,0.9650830744443847,0.8776218428067288,0.635090913105415,0.3334163931870778,0.2345402683695204,0.29149945167712576,0.408745690567394,0.5369047811504124,0.5548094841476302,0.21661762323432715,0.018177179705493107,0.000495003546154663,3.753587640328337e-05,0.00013265478075791324,0.0005844855518894103,0.0025637559243950844,0.011161088928161532,0.04721423101635671,0.1786754318632549,0.48849822562481476,0.807416879556712,0.9484673022295725,0.9877735920589235,0.9971849490110003,0.9993479159637768,0.9998255458107884,0.9998896058197221,0.9997817409398286,0.9994225908724441,0.9984274916304499,0.9957140555008179,0.9883705694226201
21.588235294117645,1.0,1.0,1.0,1.0,1.0,1.0,1.0,1.0,1.0,1.0,1.0,0.4805914972273567,0.4805914972273567,0.4805914972273567,0.4805914972273567,0.4805914972273567,0.4805914972273567,0.9999997944590929,0.9999992159042791,0.9999969821101732,0.9999882849415391,0.9999541567286807,0.9998192764730013,0.9992829412606161,0.9971418701178415,0.9886183097383775,0.9555966980669351,0.8415149258203982,0.5663040779805758,0.24307524105396294,0.07477224537221919,0.02378524442482335,0.015252648269827147,0.024232441212833317,0.05682291677326724,0.1626404276857819,0.45190729778465366,0.8006330665352099,0.9229533080013581,0.8885422185284373,0.7502943610914189,0.5473284361352144,0.3847200222081729,0.30190615283521516,0.27395703832999807,0.28930745640810923,0.35033593316199074,0.4454717544436116,0.5505208440772446,0.6611797745178765,0.7712555264142473,0.8252712557884124,0.7821639066134132,0.6511267300045194,0.5034665546710361,0.429276843173215,0.39326094816161294,0.3475746292876323,0.2839006466313422,0.20289330205707096,0.12479588349255354,0.09684624363164132,0.12451000563363859,0.16855153553816818,0.1980473011228183,0.20924825117700607,0.22534989346219605,0.2601607965993581,0.2985198798045576,0.31687954481143166,0.3027067335533996,0.2645979709734051,0.2180203197138529,0.15508825463872605,0.08687471940051816,0.044844698967430055,0.02380087967138515,0.014063822126355216,0.013528914729901814,0.05352181670166367,0.3681355379259573,0.8697430332682705,0.9821021460787873,0.992528370015902,0.9931176575215102,0.9927649080989607,0.9919897289805091,0.989932237590049,0.9827808641794932,0.9548445464980505,0.855128735512399,0.647894876896445,0.5283146031710293,0.5660145601269079,0.6505423552161677,0.7274101891754937,0.6721079284592706,0.17199590093543723,0.009160341840376382,0.0002930455053818777,0.00010055078499399802,0.0004843358263867217,0.0022195582674132673,0.009792858456514142,0.04174899402620122,0.16068466796682446,0.45672104609867487,0.7868176994845312,0.9418699864425629,0.9861345146105328,0.9968025289531242,0.9992564932527122,0.9997940075881601,0.9998531900775747,0.999693564207962,0.9991843417704314,0.9977783643905029,0.9939513436876865,0.9836372193733082,0.956504564451792
21.739495798319325,1.0,1.0,1.0,1.0,1.0,1.0,1.0,1.0,1.0,1.0,1.0,1.0,0.4805914972273567,0.4805914972273567,0.4805914972273567,0.4805914972273567,0.4805914972273567,0.4805914972273567,0.9999986412087251,0.9999945973430657,0.9999783892547089,0.9999130972487486,0.9996489623522158,0.9985773354742492,0.9942328481886188,0.9768592738698161,0.9115830893509509,0.7153169588528674,0.3794672420720408,0.12980005209342144,0.03611773419257415,0.011605556618830703,0.008595830340651926,0.016190628077263652,0.04504605730585974,0.15138432459441728,0.45795358078884424,0.8150931856477789,0.9323612715783123,0.8979288416542098,0.7650305810254633,0.575403919016423,0.4292057110649549,0.3532596476880184,0.31736566436569047,0.3075514200899626,0.327593589261496,0.3786386456184299,0.4596355427340324,0.5883853123046722,0.749847033026585,0.8532546921558628,0.8544195476322373,0.758260213178567,0.5952006261593609,0.4719040850263282,0.40542755307375405,0.345784171534704,0.2746855394328238,0.18862446304508548,0.10537097892434126,0.06486480784325069,0.07148665581608146,0.09720999746056522,0.11885505565090441,0.13203665881752663,0.15374171339928464,0.19523292347912874,0.24676159679653195,0.28775802242511167,0.30176867177227623,0.29270064806403856,0.26814958603796557,0.19644605706956492,0.09721300136904087,0.043284642614358416,0.02467839619395408,0.022131754946461614,0.032703149995322624,0.09682441521386467,0.45233891375574997,0.8854995056570644,0.9680201403357235,0.9748423655985434,0.9745664784970556,0.9736639243145979,0.9726403418298275,0.9713433335312489,0.9689126154273934,0.9619900316747488,0.9425799791112629,0.9205028236502708,0.9270547579641945,0.9448551224080485,0.9595634610454671,0.9603015585200653,0.7694341714454138,0.12991895127139846,0.006104129296827532,0.0002496608023872442,0.00012104421535084088,0.0010860984306791765,0.007064969726492719,0.034862227567564755,0.14215703923323264,0.42417067832409744,0.7644292834995523,0.9344649851418421,0.9842776062121323,0.996367962288851,0.9991514752483996,0.9997549442681115,0.9998029684945253,0.9995692141415808,0.9988477674446977,0.996862091096526,0.9914698723006493,0.9770221131837349,0.939593942360245,0.850526812817219
21.890756302521005,1.0,1.0,1.0,1.0,1.0,1.0,1.0,1.0,1.0,1.0,1.0,1.0,0.4805914972273567,0.4805914972273567,0.4805914972273567,0.4805914972273567,0.4805914972273567,0.4805914972273567,0.9999973454327054,0.9999892203968858,0.9999560779341792,0.999820531772678,0.999265163248417,0.9969900351267883,0.9877356489364575,0.951345325539768,0.8258210057589835,0.534565594773645,0.21762052098330262,0.06339205160878773,0.01700554880203947,0.0064451433553576526,0.007748156521787128,0.020394064177630553,0.06563563471082026,0.21532417202769663,0.5507911692076738,0.8532169785009237,0.9395904676149319,0.9016955447628107,0.7771558839775805,0.6109772789670642,0.4905227696585211,0.42576818740850353,0.3842725935030228,0.34944363283408897,0.32278622116797745,0.3179074017773751,0.36112079985063594,0.4919230610224801,0.69376444436015,0.8475483726080357,0.8925337355464178,0.8347747402651144,0.6746518272413031,0.5088333910444508,0.4113922744079967,0.33740096096934963,0.2583574217054536,0.16859600566316266,0.08773198647574494,0.047000614696688495,0.043362564703263023,0.056485740064672406,0.0711756336422035,0.08250589710389511,0.1013912751524156,0.1393138312610698,0.19841757430733106,0.2751053707530477,0.35969322655420227,0.4372320026854,0.47897980568017995,0.40920287316460624,0.2218601502399129,0.09732927791101594,0.06877581757231145,0.0874747742617293,0.13790083883921245,0.2529846784880894,0.5731004682980859,0.8617298246054023,0.9102905182653962,0.9121651312418299,0.9100236464559038,0.9079108024333681,0.9064215653575329,0.9061524073736931,0.9088115758775026,0.9208218160392031,0.9526400785478039,0.9826517531753536,0.9932006765662409,0.9961951764490077,0.9969340140846391,0.9851478490325938,0.7554808188384233,0.11343406796438668,0.005247147011547622,0.0002194168239290164,5.2048992872048026e-05,0.0006471818385210612,0.008375210584195833,0.07511769883362034,0.3466661469447643,0.7291014308676539,0.9250585737150107,0.982096372093538,0.995869008280695,0.9990302102750576,0.9997059737087639,0.999733402008223,0.9993937877016066,0.9983723840482011,0.9955695612658915,0.9879826738724026,0.9678201573137273,0.9166813316090244,0.8009859123963293,0.5955237287276307
22.04201680672269,1.0,1.0,1.0,1.0,1.0,1.0,1.0,1.0,1.0,1.0,1.0,1.0,1.0,0.4805914972273567,0.4805914972273567,0.4805914972273567,0.4805914972273567,0.4805914972273567,0.9999944238214141,0.9999770970426041,0.9999057755113819,0.999611883924385,0.9984008766543934,0.9934295295647458,0.9733931598857865,0.898436045877004,0.6812992950039182,0.34055871377505964,0.1110341326283524,0.029815499390658647,0.009054874385069024,0.007493673698497298,0.018753298645656235,0.0588348546651434,0.1776603175013044,0.43849647450912144,0.7472724355788775,0.9119111559806284,0.9410879005526376,0.8914758172470074,0.7761736087087212,0.6431782437612115,0.5572624246622069,0.5097702522983919,0.4689334789831585,0.4167809207467024,0.3548659633545758,0.31002627737756094,0.32152319426456083,0.42989131997538044,0.6325905784975618,0.818897717936678,0.8998125383452842,0.8709853427748737,0.7246221451425927,0.5364529831068857,0.4111020621395438,0.32172110348846306,0.23624306156455385,0.15018051576156422,0.08323539444481623,0.05206161329323693,0.04686221965090005,0.05433102591657744,0.06466218088179078,0.07052437997553095,0.07976220315136726,0.11054390312180151,0.18520017049988635,0.3310523564318357,0.5282145675423969,0.685616653500357,0.7541712468604818,0.7114246635102077,0.5186668411311764,0.309235809749646,0.27033850273870114,0.3507462492333925,0.47518803992314806,0.6114546061816641,0.730217931326639,0.7590616031124525,0.7460516792353281,0.7395633098963177,0.7382049102753772,0.7411390400957454,0.7497285575456218,0.7670848441836761,0.8016842552880594,0.8709137089143898,0.9532621540451022,0.9899929581441437,0.9980964444231549,0.999511997654415,0.9991839980251392,0.9848252587974492,0.7294557965903057,0.10015816404259444,0.004574621000815075,0.00019056764087119438,2.0909615152924922e-05,0.000207548373015812,0.003232337485172914,0.04625605019588338,0.38731661351569563,0.8585000833275188,0.9753450861213976,0.9950232147746819,0.9988725054925816,0.9996427690532725,0.9996366198773963,0.9991462422891166,0.9977011489783929,0.9937479285625279,0.9830941751353788,0.9551024358718977,0.8861309993601003,0.7400438708275544,0.5101428582570907,0.27586972098932877
22.19327731092437,1.0,1.0,1.0,1.0,1.0,1.0,1.0,1.0,1.0,1.0,1.0,1.0,1.0,0.4805914972273567,0.4805914972273567,0.4805914972273567,0.4805914972273567,0.4805914972273567,0.4805914972273567,0.9999497615815062,0.9997923674996418,0.9991417181162069,0.9964574187318551,0.9854931501955224,0.9425302448622754,0.7983131854617281,0.4885182648603311,0.18739289270596282,0.05326246367011786,0.015353205019474396,0.010224685255031847,0.023602313919313302,0.0726098363547255,0.2086777970932658,0.4735474872059618,0.7552441710653377,0.9086060799722954,0.9509409385744327,0.9297286359800492,0.854357184314829,0.7369687154860811,0.6425494173592431,0.605300440362564,0.5905392905096174,0.5663211080401579,0.5161581316999595,0.44571737894991376,0.38806030742994524,0.37988788385956,0.45334461868813575,0.6175707077878415,0.7959230484462522,0.8862198099017545,0.8597394875857285,0.7207139262382435,0.5418718235392482,0.40417812876899006,0.30099470716248716,0.2160195929165546,0.15129020087586292,0.11424731776824212,0.10038007636070928,0.10127872616762547,0.11410718878781652,0.13037847647765416,0.12937188607021957,0.11634141643143357,0.13516656727103007,0.245282247846294,0.48010137102983413,0.7202341515407589,0.8438676212538492,0.8715523585541964,0.8305188881409085,0.7169727772349093,0.597178014865623,0.6278310527374903,0.7411297822386075,0.8337890056323596,0.8828909373762444,0.834770262233051,0.6232325334972372,0.4914897094644612,0.47374628647189615,0.4903590006609847,0.523295935564197,0.5714893935644433,0.6378507454919877,0.7327699768415644,0.8614720258224937,0.9599466835898788,0.9923396616872241,0.9987186622430743,0.9997562498486722,0.9992351425038555,0.9827261644274751,0.7015869729252602,0.08856103979100571,0.0040026955461652716,0.0001665852825553704,1.0764327779907904e-05,6.19009683278504e-05,0.000979358919814672,0.015300922395915677,0.19554595438507458,0.7842015795708128,0.9792825330521676,0.9977404684507966,0.9995020678974056,0.9994979348375813,0.9987966616748702,0.9967537874453867,0.9911838993577186,0.9762648662249331,0.9376822149135426,0.8462575715127315,0.6681712580607673,0.4241661060618534,0.21226709527044552,0.08973022699558367
22.34453781512605,1.0,1.0,1.0,1.0,1.0,1.0,1.0,1.0,1.0,1.0,1.0,1.0,1.0,0.4805914972273567,0.4805914972273567,0.4805914972273567,0.4805914972273567,0.4805914972273567,0.4805914972273567,0.999888081174202,0.9995365030880269,0.9980819966170716,0.9920970419869205,0.9680275614476997,0.8795308835726938,0.6377233929516757,0.29809207233288676,0.09368079190809514,0.027160417777531483,0.015856047638518906,0.03290708770813932,0.09669201302438014,0.2617497270300378,0.5433302277050496,0.8001701769959231,0.9279034745134769,0.9662202812731435,0.9585527321307405,0.9095661083560197,0.8043932020038882,0.6661573646294151,0.5896705049774961,0.6013318686241246,0.6392103067215431,0.6565367137781917,0.632998467769318,0.5769678720998278,0.5221737348820663,0.5036307180836272,0.549413522897193,0.668561192726417,0.8065364031423065,0.8708209736766271,0.8225221178013109,0.6845564321391304,0.5276688487148901,0.3947417607264163,0.2864999210371645,0.21232467511912986,0.18629526862080742,0.19286144637019628,0.2040569660848974,0.21932420972603464,0.25064271234086194,0.29180354560481275,0.2989530054600305,0.2556416181999865,0.24202983123360644,0.36904790578516117,0.6163064781843202,0.8004034764404819,0.8676352609470217,0.8568586979427699,0.7891888486766988,0.6868234276952411,0.6532779848652037,0.7751013468050867,0.8960907250040754,0.9509779628662984,0.9591691688571766,0.873570906173286,0.5712033468034153,0.33039788954763405,0.29907215190719233,0.3401794846209213,0.4084996421341522,0.4951593422693543,0.5992870161919268,0.7288551986340016,0.8756036765615605,0.9673491796287175,0.9939606947183971,0.9990008153002805,0.9998046012951365,0.9991437292662344,0.9802924700719781,0.6730886505080567,0.07860330703130478,0.003527309375416931,0.0001471972272165807,7.27425915391363e-06,1.8470192382156976e-05,0.00029005323002017307,0.0045988724671434614,0.06846698932241035,0.5380884886393003,0.9479010591888599,0.9961175829126119,0.9991029018764205,0.9982907415410271,0.9954168461506141,0.9875814499540139,0.9667701334422949,0.9141109741883184,0.7956419705802532,0.5875037698470703,0.3425469946504533,0.16008654085003846,0.06517983077650205,0.024872054482336967
22.495798319327733,1.0,1.0,1.0,1.0,1.0,1.0,1.0,1.0,1.0,1.0,1.0,1.0,1.0,0.4805914972273567,0.4805914972273567,0.4805914972273567,0.4805914972273567,0.4805914972273567,0.4805914972273567,0.4805914972273567,0.9989526197591161,0.9956644691367526,0.9822304803810081,0.9300673517664778,0.7618386336136712,0.43500133270355046,0.15779868744705966,0.048587250956933004,0.027935337989991402,0.05161125090163305,0.13583006546897705,0.32946944605517287,0.6127113103118339,0.8377547954243456,0.9427372507172196,0.9762766267581298,0.9770709454561325,0.9522625506386347,0.8865835046077304,0.7601390655595631,0.6080586844144531,0.5330587532508573,0.5641255564871931,0.6428640175712824,0.7071885958893182,0.7213769801639343,0.6903516576786433,0.6467209858470966,0.6256490232986252,0.6544025630155527,0.7390473346481174,0.8336947683500265,0.8626477718821127,0.7945051504750212,0.6593096171618453,0.515706348669954,0.3886230024389422,0.28207124981744824,0.2212122034154601,0.23188535207209232,0.2832834750200731,0.32504917812745676,0.3579666828762521,0.4047042870842976,0.46277276996373,0.48246871083178416,0.42631628218993894,0.36408354682770255,0.43659435177151407,0.6275336822668277,0.7689926717600328,0.810759625157082,0.7709567895287828,0.6700441674105224,0.5592165231016446,0.5696220471604068,0.7505763581446099,0.9047182401678633,0.9661139095184972,0.9719945018571539,0.8896888251672251,0.5884505732375351,0.3016846930975252,0.25341972876622115,0.30436856254916433,0.3895855798447567,0.49266704785986787,0.6101667324155121,0.7488825588335322,0.8929502429019534,0.9733767628610621,0.9951359628829645,0.999189094895674,0.999828459908298,0.9990322149267044,0.9776655850082435,0.6452362144638476,0.0703950797888922,0.0031515290570723656,0.0001324417764686045,5.910315733852481e-06,5.629204675939191e-06,8.585379436163793e-05,0.0013650116416477698,0.02130171529733839,0.2573415356181424,0.8462072322733558,0.9878319053921225,0.9968991044593146,0.9934913672178588,0.982531493080546,0.9536594895606894,0.8827423726356285,0.7336123953752344,0.5018501152734023,0.26929060214004186,0.11879948337667043,0.04699986524010298,0.01772158075651956,0.006556551183615126
22.647058823529413,1.0,1.0,1.0,1.0,1.0,1.0,1.0,1.0,1.0,1.0,1.0,1.0,1.0,0.4805914972273567,0.4805914972273567,0.4805914972273567,0.4805914972273567,0.4805914972273567,0.4805914972273567,0.4805914972273567,0.4805914972273567,0.9892058170432017,0.9558561846759668,0.8361073017711047,0.5456627438147427,0.22393233418959516,0.07714693267891841,0.052434438535287856,0.08744190186559282,0.1844800543461615,0.3695401362101092,0.6165602204718893,0.8208449831979495,0.9294605366825173,0.9720189947076608,0.9827016441309309,0.9741610655082674,0.9407134422364938,0.861692340626585,0.7220286083525649,0.5710388239670041,0.5033513963605476,0.5380306965555166,0.6298923722427602,0.7205690144604311,0.7646327162314571,0.758148442985164,0.7283109677748011,0.7087529186749105,0.726548349386751,0.7867845966012694,0.8498800024607251,0.8547685467278253,0.7779987043676155,0.6477867832919619,0.5111766360073928,0.3867314261533247,0.28201302699928454,0.23078706214040734,0.2666402361530855,0.35208011283884744,0.42012800160621333,0.4653002951463266,0.5116329489423661,0.5568174086310251,0.5586591945123301,0.48709647931540323,0.3899528699001866,0.39380909990358287,0.5327804130803679,0.6634908947582419,0.6971861198767655,0.6341616404368006,0.5134683145150049,0.4166874237237419,0.4655980540944976,0.6816672518961614,0.8737902728141952,0.9566250656005902,0.9701021523736719,0.8977567313586682,0.6277560317621088,0.33440472934954824,0.26497482826568475,0.3134563906851202,0.4034852707783697,0.5112381425939918,0.6313621469137333,0.7703233546397318,0.9071466919808012,0.9776568135003977,0.9959070413630478,0.9993029138165626,0.9998384729615344,0.9989128873163658,0.9750168211752223,0.6202469955439281,0.06421477436732806,0.0028889051098462044,0.00012305353231794732,5.3683757345933665e-06,1.8551276239284506e-06,2.574192624852591e-05,0.000407615301727185,0.006431466796306358,0.09327250440921263,0.6201700350183763,0.9598960269899514,0.9885365285236712,0.975364128321338,0.9357493587282755,0.8419540004279154,0.660845355273458,0.41613415631289835,0.2067946413880994,0.08706380837832656,0.03370973677173752,0.012600731631996135,0.004646635614497613,0.0017048289180641248
22.798319327731093,1.0,1.0,1.0,1.0,1.0,1.0,1.0,1.0,1.0,1.0,1.0,1.0,1.0,0.4805914972273567,0.4805914972273567,0.4805914972273567,0.4805914972273567,0.4805914972273567,0.4805914972273567,0.4805914972273567,0.4805914972273567,0.4805914972273567,0.7917789000134695,0.45244020388487133,0.16014480799931968,0.06135819139119975,0.05542441190148765,0.08688419403876275,0.15099053749828945,0.2605881799580518,0.42549391525134134,0.6238309301706508,0.7973271524041218,0.9061002494707471,0.9575295449105256,0.973700636121613,0.9652117245713004,0.9256693551567547,0.8350462692807399,0.6884630433240653,0.547559314193884,0.4921727567910482,0.5281824714409419,0.6189864734763761,0.7167768883420805,0.776963683268336,0.7880297998911975,0.769475451448556,0.7517717726154951,0.761824506868595,0.8056101454469429,0.8494234506590278,0.842188113533902,0.7651650734735005,0.6427194975269833,0.5122153323647557,0.3890383566091176,0.2845895431813678,0.23942328244413585,0.29206983548643295,0.399570503286057,0.483995805972226,0.5332702717238007,0.5684562693904587,0.5871053335301848,0.5586985166192775,0.4693608321698636,0.3567669716718772,0.313662340466882,0.3987638130500898,0.5136054167332792,0.5411933831261942,0.46832428920557045,0.35780894387957113,0.2993199983688253,0.37865684284179907,0.6059689884785279,0.8275163692870311,0.9366832855073269,0.9613080377426955,0.8985074633271086,0.6671213158386803,0.3886926759967837,0.29451984886196747,0.33177528109387855,0.4203948725529213,0.5279241485728975,0.6469848911614532,0.7846186372083054,0.9159851288109381,0.9800439782494182,0.9962705942806225,0.9993409718838165,0.9998348120982473,0.998798826795864,0.9727159005568615,0.60185456510009,0.060621569682634206,0.0027701436999874574,0.00012072336010957526,5.345344382489361e-06,8.066318326853778e-07,8.575965831513614e-06,0.00013081604326400616,0.002019704328129579,0.030621213735039732,0.33115999268669266,0.8768522319823268,0.9586672378704119,0.9117960091522802,0.7912174263520766,0.5804774223803362,0.3357553707051735,0.15593058262808235,0.06326448585670225,0.024100553891536213,0.00895068831292709,0.0032923721375330084,0.0012067692631988235,0.00044175644102146914
22.949579831932773,1.0,1.0,1.0,1.0,1.0,1.0,1.0,1.0,1.0,1.0,1.0,1.0,1.0,1.0,0.4805914972273567,0.4805914972273567,0.4805914972273567,0.4805914972273567,0.4805914972273567,0.4805914972273567,0.4805914972273567,0.4805914972273567,0.1679545903586116,0.04967830109571128,0.026710533691962135,0.03213304889065588,0.05079820962508938,0.08377275640332556,0.1378845655739297,0.22310238712122424,0.3484614600197127,0.5112182135512583,0.6841097985633643,0.825263986263199,0.9120603671259055,0.9499341262048712,0.9492531277647219,0.9067950593899844,0.8074934891448813,0.659912820989524,0.5333004217413639,0.49066510430359284,0.5274545889154711,0.6119606575146223,0.7060332453925959,0.7712340538795547,0.7921635396695347,0.7808687884981523,0.7640486408133208,0.7684462239745518,0.801592509380811,0.8346625311923581,0.8231609169845049,0.7512898139787006,0.6396831688203489,0.5170036377716047,0.3955851169566825,0.2903703672234771,0.2487269595886464,0.312825543560112,0.4326562194618868,0.5233256857044273,0.5696555936497217,0.5898990326969317,0.5829180082512198,0.5300833901422535,0.43098626609146085,0.31684563479595335,0.24779252496862753,0.2773929150542555,0.35544060930733423,0.37304204671682867,0.31053598603232097,0.2361675434079158,0.2217203025466376,0.31885795518217125,0.5373578368688426,0.7712467738046305,0.9058579430102334,0.9440652778995621,0.8893848430632585,0.6946960700604354,0.44432912541328384,0.3261059581592838,0.3441075114939437,0.42609707363206,0.5303078355375149,0.6470447138729241,0.7855742479747039,0.917596975692983,0.9802786059292312,0.996184751855502,0.9992946588288726,0.9998166869329755,0.9987153529220125,0.9714291802432318,0.595724677943159,0.06063627852624151,0.0028543853029063624,0.0001286622663448306,5.902160191453267e-06,6.709755941548531e-07,5.025873509763768e-06,6.537487683552086e-05,0.0008848157342652141,0.012276361139268489,0.15216574918330963,0.7057985891721141,0.8716831923300251,0.7415007476878753,0.5069660328323441,0.26997043922459474,0.11793529947683097,0.046275559972912356,0.017347087363077565,0.006392915222197391,0.002342293742699116,0.0008566724235991379,0.0003131963128697811,0.00011450651215772662
23.100840336134453,1.0,1.0,1.0,1.0,1.0,1.0,1.0,1.0,1.0,1.0,1.0,1.0,1.0,1.0,0.4805914972273567,0.4805914972273567,0.4805914972273567,0.4805914972273567,0.4805914972273567,0.4805914972273567,0.4805914972273567,0.4805914972273567,0.02927103682743056,0.019420939160859706,0.02059574187774813,0.02908055991970444,0.04577043376925806,0.07407078291571766,0.11952126866551245,0.18926928372889637,0.28996014237482715,0.42268711925567565,0.5760153032648012,0.7242443785214,0.8391369968741444,0.9058678812251586,0.922070790706856,0.8829538220797116,0.7802624518847807,0.637217476510037,0.5260958990911471,0.4947071706859205,0.5314860462176484,0.6070273845897948,0.6907377612627823,0.7526417513084479,0.7769409135895989,0.769517730105768,0.7530978836391536,0.7537444772592188,0.7800971576152357,0.8073229254866031,0.7960922922219946,0.7329525380535217,0.6351628788995337,0.5233298253878284,0.4059428599761803,0.3003064177932792,0.2604259481456515,0.3313891073097852,0.4548462511203496,0.5428814210540925,0.5815456987855369,0.5877019320444549,0.5619181908164443,0.4945658153502736,0.3937068645124089,0.28575772173084707,0.20729436008257485,0.19433800123147188,0.22720152066256727,0.23218594829528644,0.1925011938965754,0.15987595261772797,0.18076802825081617,0.28572531380003935,0.48376876586292694,0.7091512362953408,0.8606946687739746,0.9141386885446492,0.8679310437579019,0.7035740785691454,0.4846276245296718,0.3481629633793572,0.33995092211170214,0.4089262779092332,0.5065129039487888,0.6208840608051676,0.7662898391999272,0.9098548601616391,0.978016520452696,0.995596902575637,0.9991565622637201,0.9997849998695366,0.9987016832216068,0.9720419233752096,0.6088253407128802,0.06601420095437446,0.00324854713807716,0.00015262752614968365,7.325575611821501e-06,1.0620661920725174e-06,7.888988505680403e-06,8.811371423576873e-05,0.0010014069687439404,0.011512561935439397,0.12173636612503129,0.6026557594766313,0.7668835685480536,0.5403677081202756,0.27195114034186935,0.10893913719333814,0.03953679153571239,0.013980369231567008,0.004944653812934971,0.0017609422834010487,0.0006316256586377019,0.00022786721722724949,8.25575410843905e-05,3.000174848370308e-05
23.252100840336134,1.0,1.0,1.0,1.0,1.0,1.0,1.0,1.0,1.0,1.0,1.0,1.0,1.0,1.0,0.4805914972273567,0.4805914972273567,0.4805914972273567,0.4805914972273567,0.4805914972273567,0.4805914972273567,0.4805914972273567,0.4805914972273567,0.06099239649780183,0.0365634261192198,0.028229047345440964,0.03084299985493358,0.043212162754812794,0.06708136730934398,0.10650762464253126,0.16702818464006147,0.2537008239102161,0.3674401312275264,0.5009568586833374,0.6380564503729715,0.7585267610846839,0.844400161931964,0.880859926659401,0.8528677105169995,0.7540538518999654,0.6199950138426202,0.5237902676378918,0.5019149205528028,0.5377683002040721,0.6019657781490114,0.6701087632238579,0.722214517593661,0.7450623345279436,0.7398687756647386,0.7247899376002715,0.7236227228654464,0.7450135801283259,0.7680129306496112,0.7587951034326994,0.7063839415781172,0.6249868657062865,0.5279517609840434,0.41907033250532555,0.31579085946721613,0.27686832271779577,0.349493989788819,0.4682609110412732,0.5471276126128268,0.5764550185893584,0.5722321797333559,0.5356474110083204,0.46206417721727794,0.3641686705075533,0.2659469429158607,0.18965632637786917,0.15357451209504963,0.14967669000367495,0.14156707866553642,0.12240832887822499,0.12227873992247891,0.16713519758150408,0.2745405266269053,0.44792269897402043,0.6460155376754698,0.7979248724669536,0.8667497167067584,0.8335682138654676,0.6933195005563011,0.5000535529496822,0.35202049178030664,0.31339400139491075,0.3612469150449476,0.4475105140995759,0.5600291503460764,0.7217450034556114,0.8916788431878194,0.9732291692195187,0.9945388932066759,0.9989409969880215,0.9997461383932568,0.9987954174724432,0.9751386252802285,0.6463324318287419,0.07961212564001892,0.004140319777428454,0.00020270604852645218,1.0177665941476708e-05,2.2387584915713114e-06,1.8799569208526116e-05,0.00020309014327311268,0.0021979857695040516,0.023406254254871205,0.20710115856340777,0.7153430101408782,0.811362877036185,0.5616244669889427,0.25315564694652365,0.08386471796832894,0.02482898624534181,0.0072765563345365365,0.0021860852731996586,0.000679733792552893,0.0002188019094165066,7.264295157301518e-05,2.4743338890699022e-05,8.598796940463768e-06
23.403361344537814,1.0,1.0,1.0,1.0,1.0,1.0,1.0,1.0,1.0,1.0,1.0,1.0,1.0,1.0,0.4805914972273567,0.4805914972273567,0.4805914972273567,0.4805914972273567,0.4805914972273567,0.4805914972273567,0.4805914972273567,0.4805914972273567,0.17085786458592686,0.09616711352055528,0.057968475931099786,0.043976389524764646,0.04682660479640759,0.0642561034423626,0.09784156076719379,0.1514819159488362,0.2291300339160489,0.3312862409931879,0.45154628933735974,0.576600851802235,0.6909269704456842,0.780705663341599,0.8302474489777707,0.816693345044179,0.7282997875474175,0.6061424093983752,0.5238069261561487,0.5103533345537766,0.5442907665706737,0.5946231033302152,0.6430786375924504,0.6809245759417091,0.6999080384698287,0.6976384531259975,0.6860893866523384,0.6844016913063877,0.7003467353713471,0.717656176347258,0.7094079504038598,0.6677677327420476,0.6044470844454162,0.5268657309794735,0.4337581329377583,0.33943106084622154,0.3020176368754305,0.3693834113045843,0.4756175508080425,0.5419493156405167,0.5630348341647133,0.5529575400932558,0.5119406604439134,0.4371774926545621,0.3441706235968634,0.2574454475320785,0.1914993225489524,0.14933844373090768,0.12235554067707387,0.10063804226901078,0.0918766761758472,0.11224237749924484,0.17261877465652697,0.27964777209779135,0.42732548293220113,0.5850705488794684,0.7170309358489688,0.7988648731994162,0.7876196317872373,0.6684647777500062,0.49247633493627696,0.33744014084548296,0.2691894651583534,0.2888466534254321,0.3581551304976852,0.46942638963292155,0.6576690870136684,0.8668101363860387,0.9670998198168494,0.9932901316031064,0.9987094458791029,0.9997137225252537,0.9989965539377341,0.9802505113961818,0.7063797093541627,0.1057580703572768,0.005854004894297756,0.000296386609672265,1.5476058203587677e-05,5.217187598048374e-06,4.79204743652278e-05,0.0005155572649928605,0.0055274819894275745,0.05652472935757206,0.3916424976554704,0.8564569443513286,0.9000486424601023,0.7171154779174196,0.38802876727782604,0.1370094595107093,0.03844322695397271,0.010049513884396923,0.0026008201402894873,0.0006800261812367537,0.0001813098937911194,4.962637509102894e-05,1.4024114077019598e-05,4.109143496727794e-06
23.554621848739494,1.0,1.0,1.0,1.0,1.0,1.0,1.0,1.0,1.0,1.0,1.0,1.0,1.0,0.4805914972273567,0.4805914972273567,0.4805914972273567,0.4805914972273567,0.4805914972273567,0.4805914972273567,0.4805914972273567,0.4805914972273567,0.5829247841859991,0.40682849740026517,0.25401690648771574,0.1491702897050833,0.0912258073648846,0.06841262055167574,0.07107793431646049,0.0952055078184026,0.14126199449562485,0.2113370199948799,0.3052048241401186,0.4166066871501107,0.5329827057519901,0.6401152491212634,0.7265445565500958,0.7798325236055835,0.7773202963838444,0.7020128440520456,0.5933268401317401,0.5244612223052549,0.5191554300675599,0.5501070326151677,0.5847013370725718,0.6115998606624055,0.6334574429694365,0.6485805458362777,0.6514275506742898,0.6454775750978976,0.6431410077966307,0.6512321515369772,0.6592354635554688,0.6485192868009148,0.6153506240429004,0.5701938671954989,0.5169009026145138,0.44977436285296757,0.37561760816301015,0.3416082444821518,0.39405023896283503,0.48046218876560237,0.5337390658064121,0.5490281770752861,0.5365154962326641,0.49443345812376216,0.4204973066224498,0.3331594289124177,0.26029116628003374,0.21160045788553275,0.17525463157465943,0.13560312143580272,0.09903459071737178,0.09041450214005359,0.12181414643776829,0.1918674121388676,0.2954223298268025,0.4157240807178654,0.5262955884352779,0.6219560704771196,0.7110011485446684,0.7315575493441713,0.6342935587482158,0.46993994331264743,0.31158752244746263,0.22066294116349247,0.21213016816043503,0.26279141356310004,0.37648744641654114,0.5995125195473158,0.8473262538717039,0.9625934656917777,0.9924111687003161,0.9985593869988625,0.9997019200884422,0.9992505321942907,0.9859183861591773,0.7777429873885718,0.15028728718116258,0.008943825659559156,0.00046384544900869427,2.5058475612883837e-05,1.2681228079479519e-05,0.00012316088214765818,0.0013237967930694978,0.014071879958722944,0.13320287862692867,0.6223143636234416,0.9372518485412006,0.9532347791995391,0.8490810819972132,0.5826296088318511,0.2568565269230075,0.07887984853166849,0.0207975091945848,0.005248260350876644,0.0013118317868230354,0.00032801275540062403,8.235009212398906e-05,2.081337868755158e-05,5.311555087317741e-06
23.705882352941174,1.0,1.0,1.0,1.0,1.0,1.0,1.0,1.0,1.0,1.0,1.0,1.0,1.0,0.4805914972273567,0.4805914972273567,0.4805914972273567,0.4805914972273567,0.4805914972273567,0.4805914972273567,0.4805914972273567,0.4805914972273567,0.8253384977510007,0.6979995375655357,0.5315998120978094,0.3604723186544084,0.22466242033256978,0.1413678629133045,0.1057231285131303,0.1073455077195848,0.13964406078683103,0.20002001921717408,0.2858470755644141,0.39001152917902837,0.4998256913688135,0.6011255794756681,0.6829986213197521,0.7352474782645003,0.7387030815562955,0.6757806249567438,0.5816862085884169,0.5269176702478616,0.5297513399095355,0.5567172321088182,0.5757031563400947,0.582537483731399,0.5891352957431403,0.6010604367088533,0.6104850117223921,0.6107391083052028,0.6064710042849513,0.6039473848606929,0.598897171195588,0.5813666205851473,0.5525381031999972,0.5237447391411998,0.4988582528153561,0.4692622476054702,0.4286564664465665,0.4000542370484127,0.4261440047841813,0.4862718261390364,0.5275360568769778,0.5391478454140307,0.5252895091446803,0.4821736403909346,0.4088538582880649,0.32864483301008646,0.27440731651123795,0.24978943080121127,0.22634923591695627,0.17993820003121128,0.12786507917948783,0.11217068930205783,0.1474161793190289,0.2213020337865932,0.31587229292012425,0.40529179281856675,0.46751065598494895,0.5202034002085097,0.6072250497264843,0.6653846918639005,0.5941708930006117,0.4398567068604396,0.28207919641439,0.17880895815736844,0.1507500024245722,0.19023432104510032,0.3187888321803048,0.5818995751127873,0.8473596138016382,0.9627247309575874,0.9923844751803773,0.9985560581679954,0.9997147323161374,0.9994874424753201,0.99078122055243,0.8454992971975381,0.21948927813111613,0.014346499984091314,0.0007570433401231991,4.2294479018741555e-05,3.149867798441292e-05,0.00031683153690496054,0.003399477703932805,0.03542424978827838,0.28333889776049576,0.8090048498196479,0.9740597932599627,0.9789530415166945,0.9268241804322119,0.7583833733348574,0.4369751850832609,0.16101424658607447,0.0453111142536424,0.011603417499358766,0.002896163971483609,0.0007184068726994073,0.0001780158279523734,4.413100901710083e-05,1.095305713164362e-05
23.857142857142854,1.0,1.0,1.0,1.0,1.0,1.0,1.0,1.0,1.0,1.0,1.0,1.0,1.0,0.4805914972273567,0.4805914972273567,0.4805914972273567,0.4805914972273567,0.4805914972273567,0.4805914972273567,0.4805914972273567,0.4805914972273567,0.9411475703411754,0.8865524845074966,0.7927735458485685,0.6528567271964661,0.4832073372727298,0.32457268769317665,0.21357950088475522,0.16099287633396198,0.15998590884106506,0.2007003978564391,0.2742870217286363,0.3700208171650505,0.4734568882584692,0.5695384419194904,0.6470080379085802,0.6966903738819732,0.7030381493604811,0.6515528996959363,0.5738899340197904,0.5345183262003446,0.5449634295609037,0.5672511521380521,0.5730677366229134,0.564189411506391,0.5577140828596687,0.565951297147847,0.581110177067308,0.5866542251795691,0.5792331482186562,0.5648574905346563,0.545108464193677,0.5178037799723941,0.48930434179575627,0.4742729578329526,0.48033518418271703,0.4964792130230352,0.4967507191835645,0.4733879831166883,0.4657084842034302,0.49538832584182835,0.5258693146154207,0.5343833610042991,0.5173915979387351,0.4700945069731037,0.3958356041881904,0.32620667252546476,0.2982399276527763,0.3039618915870495,0.2966084890160373,0.24663367940848563,0.18076472645243885,0.15506893851476672,0.18777556372501356,0.25717813132537665,0.3343776289168615,0.3892424483702931,0.40728995720655137,0.4201346401960485,0.4942311143228305,0.5875759988155056,0.5491693142661281,0.40669915938497586,0.2532898538690589,0.14721338641108278,0.11196884905465472,0.15568349537764173,0.31935779056337676,0.6186868047509406,0.8686925600920208,0.9676393222134778,0.9932059706463969,0.9986873005914054,0.9997453752552052,0.9996691330349764,0.9943089501797395,0.8996574257382963,0.3170319498199924,0.02362095831956721,0.0012653974478446892,7.351220954401742e-05,7.922901442806012e-05,0.00081494331336674,0.008702786339670976,0.0863574480220724,0.5043392362914965,0.9159196213040328,0.9894986873804743,0.9906627250644364,0.9661704021500116,0.8761590913192933,0.6362457391776692,0.301877428487608,0.09657784685533913,0.02574866111082629,0.0064918030666636095,0.001612957274370953,0.0003993096595239303,9.877409141554103e-05,2.4431047475120498e-05
24.008403361344538,1.0,1.0,1.0,1.0,1.0,1.0,1.0,1.0,1.0,1.0,1.0,1.0,1.0,0.4805914972273567,0.4805914972273567,0.4805914972273567,0.4805914972273567,0.4805914972273567,0.4805914972273567,0.4805914972273567,0.9910624695654113,0.9818620396049804,0.9635644377613645,0.9282376180525611,0.8637634310053209,0.7573941970255819,0.608608619475876,0.44442047983962996,0.3105575195253854,0.23869237072270127,0.23239352017330617,0.27870290234557815,0.3591237162182598,0.45346073145640675,0.543362630035395,0.6159640929351168,0.662190741367678,0.6698363363109897,0.629780235205725,0.5712372817330892,0.5487751628877207,0.5658258777646699,0.5832777906872149,0.5794306623914514,0.5601554145231088,0.5436137974150517,0.5467747574780245,0.56493928078882,0.574312920829521,0.563673457803644,0.5386458171621469,0.5057260018048605,0.4688104380326722,0.4390751927378632,0.43632000875774585,0.4735184580788423,0.5342129731715461,0.5686873634067121,0.547374771659577,0.5089688447492341,0.5085584482082275,0.5286153873907398,0.5323070327797521,0.5074435402473055,0.4504712724018245,0.3737212859888887,0.32030803081055215,0.3272364227678231,0.3675479510397157,0.3765920359230765,0.3248844277681605,0.24938724248355937,0.2151991388394129,0.2396946961775062,0.29432558013239507,0.3454832617823673,0.3649299655575603,0.3471993933424821,0.3289863234291643,0.38086207254302024,0.49661456556484385,0.49854525524846344,0.37253361470118923,0.2268662686634364,0.12497802655735511,0.09436232717852999,0.16138842888875965,0.3783634069433142,0.6927710659317075,0.9002559992851278,0.9749095931005758,0.9944969847500319,0.9988959633818615,0.9997843733446798,0.9997929479297917,0.9966188575111102,0.9379501397748141,0.43926329468551295,0.03929684298812877,0.0021428102269475556,0.00013097059085219814,0.00020084160940185542,0.0020946404030423196,0.02209641407089769,0.19567156428693885,0.7236643808034203,0.9655341488184827,0.9957770494114068,0.9958800199587495,0.9847117374595915,0.941007706471697,0.7977156033755749,0.49364320812243306,0.1942020498001482,0.05622974217095866,0.01451521323641369,0.003628030767074594,0.0008993692247356771,0.00022249305477128154,5.501496972443571e-05
24.159663865546218,1.0,1.0,1.0,1.0,1.0,1.0,1.0,1.0,1.0,1.0,1.0,1.0,1.0,0.4805914972273567,0.4805914972273567,0.4805914972273567,0.4805914972273567,0.4805914972273567,0.4805914972273567,0.4805914972273567,0.9973432892330102,0.9945727594538063,0.9889522061835962,0.9776633085567771,0.9554253305088926,0.9132233436520859,0.8385327525043141,0.7216839176631823,0.5719287645939036,0.42855036537385144,0.33924158637549706,0.3237159991678206,0.3680604817986777,0.44345104073334385,0.5228736932185011,0.5883506280791254,0.6291802873377365,0.6361995399049559,0.6073350265603905,0.5704042091993686,0.5667732764457141,0.5901978377399256,0.6034780412189745,0.5931285251324221,0.5677891715911045,0.5441774363827606,0.541097593120364,0.5590762750269244,0.5713626358834893,0.5591027840098136,0.5267974478274462,0.48493383090466946,0.44180444009226394,0.4124570894219135,0.4220611809199022,0.48713672263929864,0.5805168096823915,0.6323962203887563,0.6092021811167931,0.551070131002196,0.5254002626376472,0.5334012484931462,0.5276242978051368,0.4879809601486485,0.4160886768056989,0.337769919360054,0.3069310871768063,0.35446389516599563,0.4304823405912599,0.45456581455484746,0.4017590689732364,0.3211152815872985,0.28206372320652967,0.29504192151979,0.32781978490185354,0.3488468725241191,0.336058547722943,0.2920062534031309,0.2522748472069673,0.2773464041623385,0.39393439375841977,0.44023252772982874,0.3379606381063724,0.20315487998327975,0.11039080562728824,0.09540373612003267,0.20579874084322097,0.48001460918476196,0.7759942865495922,0.9306826575952977,0.9820985342997287,0.995865595610082,0.9991274258928612,0.9998249038942941,0.9998720722772825,0.9980438960416614,0.9629190339727725,0.5726906617842787,0.06530169857194204,0.0036543253834397118,0.00023930585067358283,0.000511617123830591,0.005373174065014904,0.05496018096142174,0.3850440563384559,0.8708019076431144,0.9863080679069609,0.9983030971995047,0.9981852866771885,0.9931627765443064,0.9729480274640571,0.8989031792421763,0.6873130810094894,0.3520769189398428,0.11842483051987625,0.03214140295014742,0.008142763839908198,0.0020254069701064617,0.0005014708443062564,0.000124017000862019
24.310924369747898,1.0,1.0,1.0,1.0,1.0,1.0,1.0,1.0,1.0,1.0,1.0,1.0,0.4805914972273567,0.4805914972273567,0.4805914972273567,0.4805914972273567,0.4805914972273567,0.4805914972273567,0.4805914972273567,0.4805914972273567,0.9992137850791367,0.9983906753828209,0.9967106972656142,0.9932947661388134,0.9863974745698528,0.9726529106613536,0.9459408380131334,0.8964387754336585,0.8124804485228155,0.6908243855050968,0.5549661487208571,0.454749168076112,0.4251638349033788,0.45585714344401845,0.5119220226502177,0.5637286629709143,0.5946145800542187,0.5973886854310534,0.5779612488255906,0.5639332316294515,0.5822480780139452,0.6141837351091368,0.6250501514446636,0.610372048358814,0.5811899448899228,0.5520822918905464,0.5417168914843832,0.5566920546651533,0.5721830813911161,0.5618299451989323,0.5271923759940184,0.48215970187631685,0.43828983626779444,0.4129398519572612,0.4350184467704293,0.5210166809688952,0.6306176411971604,0.6843590772732017,0.6574031550548846,0.590485027042895,0.5455018423235526,0.5363969996751978,0.5133028286713753,0.4523923213160474,0.36504074139187004,0.290449781404223,0.2863807269314647,0.3741919842455621,0.4838519804304202,0.5209012171796622,0.4667459763247209,0.3842899084165704,0.34353915407878516,0.345292585833581,0.3565016415139479,0.3501190377108308,0.3108261881374352,0.24775278458518984,0.1935962890513364,0.19297970414793342,0.2873917269918644,0.3717080652772506,0.302688102491102,0.18212115650154082,0.10263601756437682,0.1152265033508487,0.2869943681064981,0.6005229249407265,0.8484836003109179,0.9546527404235772,0.9879694107621173,0.9970737710575851,0.9993461619823938,0.9998631743875604,0.9999211342592748,0.9988928012289093,0.9783894063523567,0.6984344261940377,0.10726517996323094,0.006256634550704504,0.00045005110243270547,0.0013070054171873148,0.013712988944644894,0.13019449533989252,0.6170828563134689,0.945495264556621,0.9946296750133587,0.9993169489907128,0.9992008597510222,0.9969566140695807,0.9878187343154113,0.9524891791168532,0.8321038524033939,0.550601509316072,0.2324713250739656,0.06966030120501249,0.018173870285896485,0.004555112903768938,0.0011299521931184804,0.0002795753608445385
24.462184873949578,1.0,1.0,1.0,1.0,1.0,1.0,1.0,1.0,1.0,1.0,1.0,1.0,0.4805914972273567,0.4805914972273567,0.4805914972273567,0.4805914972273567,0.4805914972273567,0.4805914972273567,0.4805914972273567,0.9998866126951552,0.9997676367290963,0.9995240735884717,0.9990260272154065,0.9980094895643061,0.995941089911328,0.9917546881930319,0.983360657653952,0.9668157943683328,0.9352366710696884,0.8785566648410836,0.7881030478051352,0.671772015844389,0.568189145528853,0.5192467095776562,0.5227281388347759,0.5442713608541526,0.555587235859119,0.5482724624760822,0.5348632264060682,0.5431524197899912,0.5878156405163169,0.6336995901453972,0.6451585376983136,0.6272629777497963,0.5941020949171265,0.5586720890051594,0.5391443816593783,0.5484577856798075,0.5684053301160031,0.5655507323013348,0.5349047055468295,0.4931233911889187,0.45458946085543683,0.43703797745554307,0.4703534239570624,0.5685479418192155,0.6806221598030475,0.7278321220078585,0.697910837596511,0.6294861825409949,0.5691584109049131,0.5338745735283374,0.4834704912980045,0.39935444881420945,0.30337403567095544,0.2401474909182525,0.2626590723644104,0.38494780273213786,0.5238896969336423,0.5716892552440787,0.5162146542829227,0.43484399993846057,0.39474329644314615,0.38790741070977114,0.38251768172003514,0.35532396683726597,0.2959588183814841,0.21864620455178713,0.15430361660450767,0.1332338373354664,0.19187623064273973,0.2929309803804967,0.26608770285021927,0.1639271204202225,0.10238517186135818,0.15711709853843078,0.39944456176388043,0.716101043566132,0.9028706425290661,0.9715189331509733,0.9922590019891406,0.9980271513539866,0.9995332401548421,0.9998971822314978,0.9999512627477145,0.9993869263039357,0.9876691129728714,0.8015927271488771,0.17211020368698887,0.010736495514945972,0.0008754076475590333,0.0033422104809876065,0.034547963097523754,0.27810877534623524,0.8057397706754607,0.9780924204110646,0.9979040576279835,0.9997242640772434,0.9996479495686437,0.9986481600684738,0.9945605833967308,0.9783560241671665,0.9178612788460244,0.7342173755970269,0.40579313387308363,0.1444397093993652,0.04006337304849918,0.01021212318757811,0.00254411410874158,0.0006301415560362433
24.613445378151262,1.0,1.0,1.0,1.0,1.0,1.0,1.0,1.0,1.0,1.0,1.0,1.0,0.4805914972273567,0.4805914972273567,0.4805914972273567,0.4805914972273567,0.4805914972273567,0.4805914972273567,0.4805914972273567,0.9999665052769166,0.9999313520900991,0.9998593647986579,0.9997120692647663,0.99941105125605,0.9987970032921755,0.9975478535311937,0.9950174804910409,0.9899261303438349,0.9797958829328659,0.9600375987748974,0.9229530033888034,0.8586081549593478,0.7634348641239156,0.6580043129938025,0.5804718730359623,0.5395070245516298,0.512194079648119,0.486448887855607,0.47460468184318694,0.501897125003658,0.5766630856710777,0.6449070211366243,0.661257347392488,0.6403143890651035,0.6010371279109771,0.5564076084897532,0.5250928984750306,0.5260329084120992,0.5512511794459183,0.5628509898638419,0.5439700685873258,0.5119376475159617,0.4840166615751791,0.476921303197786,0.5190213035038115,0.6217750561333488,0.7284661675187084,0.76707613846664,0.7366146636401577,0.6709153089977052,0.5968908896347286,0.5243077428355807,0.4375384861871639,0.335053892246594,0.24139902250763626,0.1948961236930384,0.24002830698549985,0.38891291280982654,0.5519432873634263,0.6085541130202599,0.5529001084487896,0.47550361707777444,0.4376199609749444,0.42487579814820653,0.40789298762873505,0.36628631398544137,0.29295445659012537,0.2054515998909939,0.13399482037151186,0.09960322095137072,0.12493735618528923,0.21518017579006005,0.2308077721150201,0.15070959076163312,0.1125210083339755,0.22599293349804592,0.529814573174538,0.8109438891100728,0.9399856416117337,0.982598289050842,0.9951749200196683,0.9987215168290916,0.9996812554611212,0.9999258332012323,0.99996980178084,0.9996689544388745,0.9931117937182933,0.8769242194477791,0.26584701998457994,0.01844605752727699,0.0017687507330679223,0.008532013014652165,0.08433262669295341,0.4978789897699385,0.9143496388763698,0.9913723474583466,0.9991834917921948,0.9998883076218462,0.9998448162534619,0.9994000797888765,0.997580224766746,0.9902835573502748,0.9618253765464688,0.8616606216426836,0.6062654961962528,0.27570462039123844,0.08600814974191574,0.022734162079685562,0.0057180080407903296,0.0014196691673833744
24.764705882352942,1.0,1.0,1.0,1.0,1.0,1.0,1.0,1.0,1.0,1.0,1.0,0.4805914972273567,0.4805914972273567,0.4805914972273567,0.4805914972273567,0.4805914972273567,0.4805914972273567,0.4805914972273567,0.4805914972273567,0.9999901061318377,0.9999797212655724,0.9999584518112423,0.9999149195060925,0.9998259080060216,0.9996441471565594,0.9992736607896682,0.998520271014521,0.99699279344693,0.9939070244696788,0.9877001221733728,0.9752878265413181,0.9507420552055268,0.9036233447581429,0.820352882591972,0.6990152156961783,0.570702097031617,0.47344494528304487,0.41633079433643444,0.40039563208377993,0.4397782945920996,0.5437641111098767,0.6435995593567229,0.6704453949909311,0.6460405602493801,0.597416742499354,0.5403588752606802,0.49562787571700795,0.4864221197364345,0.5160095905027303,0.5483687461406132,0.5499226627260572,0.5334475784887857,0.5193171511432432,0.5234228002361875,0.5715615221596035,0.6741197802426205,0.7729985425691364,0.8044741812073185,0.7761511001347461,0.7154466687717145,0.6282881475739517,0.5093525146508788,0.381574477029556,0.26960013388271786,0.18711767612200797,0.15831977135488498,0.2207936805436417,0.3893514547263072,0.5718108608934761,0.6358408411130831,0.5819619982258171,0.5107543544047076,0.4756917198436393,0.4587882781616439,0.4336488239142528,0.3824161673458429,0.30070686411836073,0.2079312113290174,0.13361589332810872,0.09528320064142687,0.10716466512388063,0.1837762703658891,0.22854562076335944,0.16010066945683868,0.14220969065789513,0.3250918495203311,0.658631493069703,0.8801526558296822,0.9638116985343755,0.9895636808918965,0.9970609541225053,0.9991971208980932,0.999790725511992,0.9999486650514814,0.9999812912552404,0.9998264821057664,0.9962440477287284,0.9272418906254175,0.38884119876213924,0.031691630128374434,0.003719486283078463,0.021626753055238687,0.19162031642585142,0.7184718315767432,0.9648828442071657,0.996629975240712,0.999682103684056,0.9999545862389473,0.999931551101887,0.999733873527146,0.9989253512597775,0.9956671911709817,0.9827015257783731,0.9335271691065967,0.7763752198433972,0.46186321220231025,0.1750350882355773,0.04983752500893236,0.012800661079319554,0.003195262833084763
24.915966386554622,1.0,1.0,1.0,1.0,1.0,1.0,1.0,1.0,1.0,1.0,1.0,0.4805914972273567,0.4805914972273567,0.4805914972273567,0.4805914972273567,0.4805914972273567,0.4805914972273567,0.4805914972273567,0.4805914972273567,0.9999970775225491,0.9999940097637282,0.9999877259652529,0.9999748624603922,0.99994855122903,0.9998947907797143,0.9997850864237144,0.9995615367163885,0.9991065311907013,0.9981805186367423,0.9962907828027736,0.9923998385488138,0.984220474892576,0.9663415448892548,0.9251961095601636,0.8303813633747549,0.6538469822966724,0.46141775442209276,0.3510785309407267,0.3218636077256448,0.36273739553051915,0.48603184920274745,0.6225161550324194,0.6670985089403604,0.6397835443920168,0.5795203191909669,0.5089754314761997,0.45215339480345274,0.43341658480010004,0.46544255663913936,0.5222443729187696,0.5520269616185373,0.5549998759471123,0.554996413500929,0.5689319743119627,0.6205263430304496,0.7209781920440177,0.8131890964487491,0.8402528437760989,0.8160050310535423,0.7611610460630435,0.6615153315338627,0.4925569872768089,0.324596650744501,0.21108290600678495,0.14349326370701473,0.13026992891891928,0.20538012698431626,0.3888139421294434,0.5872950360551986,0.6579301968636105,0.6078084047071346,0.5439067017468169,0.5116713308466009,0.4919110070727978,0.46143496056609085,0.4051367113411999,0.3215781868009313,0.23099376431560026,0.16242771091957067,0.13792079877578964,0.18078736557518463,0.30565334410441725,0.3996333640555269,0.3012240857363415,0.23283830088906238,0.453137724497492,0.7686436360745776,0.9265913023530844,0.9785196060779865,0.9938187345914266,0.9982389667524797,0.9995078006022081,0.9998670710180161,0.9999658333627639,0.9999884584480079,0.9999121126128462,0.998010425747179,0.9587224157658544,0.5307723891129046,0.05433264900949232,0.00812567345757278,0.05376338510730265,0.3789177624775821,0.8678718854452024,0.986056416129516,0.9986878772585762,0.9998762420415557,0.9999814612027718,0.9999697896975642,0.9998819654478674,0.9995230939849951,0.9980736927889721,0.9922533067319548,0.9693858964297536,0.8867225064721143,0.6593010911167057,0.32358845289753757,0.10575642951715086,0.02840565976980768,0.007175650466419922
25.067226890756302,1.0,1.0,1.0,1.0,1.0,1.0,1.0,1.0,1.0,1.0,0.4805914972273567,0.4805914972273567,0.4805914972273567,0.4805914972273567,0.4805914972273567,0.4805914972273567,0.4805914972273567,0.4805914972273567,0.4805914972273567,0.9999991367491895,0.9999982305116919,0.9999963740461076,0.9999925730233091,0.999984795950287,0.9999688968395722,0.9999364219075593,0.9998701338475859,0.9997348003509049,0.9994578189022502,0.9988864742775441,0.9976846086627847,0.9950433798714752,0.988715968786422,0.9713674112725424,0.917633320049715,0.7635969720537439,0.5000005527251195,0.30928186264054486,0.2506738271791107,0.27925623542160893,0.3994303559849988,0.5624791373771824,0.6347852875748512,0.6123589997949668,0.5442638597684959,0.46433897271348884,0.40023108972159527,0.3748996362486256,0.40808940542014394,0.49017489019370547,0.5529738337327627,0.5764443973682135,0.5885298444970349,0.6094217732799421,0.6618851824927915,0.7597465336675373,0.8480099601185748,0.8732891115500883,0.8539331905205081,0.8047935859007205,0.693932242677507,0.47716089356763336,0.273672550076334,0.16305453455687452,0.10993293383650937,0.10902038191063217,0.1932133749252797,0.38865876445184244,0.6010802313115654,0.677957935694346,0.6331324145806385,0.5769515284505167,0.5478975674158941,0.5275001027869243,0.4961514725875239,0.442197497819239,0.3672811029827635,0.29152275012593876,0.24622677414695102,0.26986940178777646,0.4005210773653886,0.6061314019731726,0.7468342473369866,0.7044085108958149,0.5202720295742075,0.6098801470489963,0.8520682166327389,0.9560445017575627,0.9873766922673889,0.9963693182929562,0.9989569175014101,0.999703598410513,0.9999177647361815,0.9999780340638507,0.9999929364874842,0.9999571004301655,0.9989816671211542,0.9774675321265964,0.6714769614114257,0.09254979835972305,0.018315969464484952,0.12748286507823464,0.6109315234858619,0.944151828059142,0.9945358695361599,0.9994897639650779,0.9999518143894003,0.9999924006670414,0.9999866589354539,0.9999476519220709,0.999788429707395,0.9991447384230582,0.9965493552118823,0.9861868823961171,0.9463797334927707,0.8135442552716994,0.518914974884254,0.21051658913018162,0.06184263146474171,0.016034705888675067
25.218487394957982,1.0,1.0,1.0,1.0,1.0,1.0,1.0,1.0,1.0,1.0,0.4805914972273567,0.4805914972273567,0.4805914972273567,0.4805914972273567,0.4805914972273567,0.4805914972273567,0.4805914972273567,0.4805914972273567,0.4805914972273567,0.9999997450086116,0.9999994772959312,0.9999989288150921,0.999997805614069,0.9999955067349048,0.9999908043152099,0.9999811897064413,0.9999615295138451,0.9999212627623068,0.9998383559830972,0.9996653139751426,0.9992923088890144,0.9984294518977277,0.9961471571407796,0.9888293849134836,0.9610559990629395,0.8559614585881582,0.588134199076892,0.3067797236267547,0.19504428294063303,0.1949295697885734,0.2781097672625442,0.42550562783310975,0.5327060965928049,0.5442812324755286,0.48986687154879294,0.41364223493100893,0.3492800739833948,0.32004764076631254,0.3529063007180853,0.45831139619232175,0.5552557638489687,0.5982235641714869,0.6195950159445981,0.6443597026944933,0.6951428184078879,0.7897859308581829,0.8767341493059413,0.902165898024135,0.8875638775662167,0.8433690082987649,0.7231514219510673,0.4649124596361956,0.23206725567549832,0.125633092002127,0.08454300565481389,0.09271261712457926,0.18339133687203016,0.38925288408363506,0.6146114040418017,0.6977070755680929,0.6593802550699455,0.6116797506565895,0.587999262586753,0.5722148652380269,0.5488820993596203,0.5100244218798706,0.459019641192092,0.41507167520305893,0.4157108065249533,0.5101991880928324,0.690297778941083,0.8500594822180525,0.9298749111276571,0.9406377770652997,0.8743325303718378,0.7994383996030874,0.9108515423214926,0.9740775794081793,0.9926284852536846,0.9978792114662899,0.9993870761381785,0.999823784652406,0.9999501380210654,0.9999862768574214,0.9999957206682663,0.99997981112461,0.9994986466039972,0.988173222621736,0.7905419511607125,0.15530840281514985,0.04201807431372772,0.27316816065099936,0.8016445671208543,0.9775339623259205,0.997869887445532,0.9998016840490953,0.9999812343141646,0.9999968716207037,0.9999941054847024,0.9999767842900055,0.9999061546924444,0.9996204986490294,0.9984666452563571,0.9938262281034361,0.9754872094860841,0.9077303101590172,0.7086262094844441,0.3754774192082618,0.129397150745835,0.03544071746237229
25.369747899159663,1.0,1.0,1.0,1.0,1.0,1.0,1.0,1.0,1.0,0.4805914972273567,0.4805914972273567,0.4805914972273567,0.4805914972273567,0.4805914972273567,0.4805914972273567,0.4805914972273567,0.4805914972273567,0.4805914972273567,0.4805914972273567,0.9999999246787286,0.999999845591845,0.9999996835412178,0.9999993516164631,0.9999986720071602,0.999997280949473,0.9999944335429014,0.9999885991794304,0.9999766040353144,0.9999517211639223,0.9998989631758674,0.9997812620517627,0.9994886906190609,0.9986123322469751,0.9953284765716837,0.9808626248580709,0.9160527224590006,0.6939938266606808,0.34499356786076946,0.15531444034604394,0.11492597873775576,0.14701175339065012,0.23892355944346208,0.35639616372858485,0.42971065496202226,0.4271071705172998,0.3765377699068551,0.3178710462435511,0.2816256765759177,0.30544126575385155,0.4244449971585339,0.5546556256557643,0.6181788554343506,0.6479213598457902,0.6747707532652787,0.7220217028577302,0.8121001463799787,0.8992412002386919,0.9259664612498644,0.9154420082016865,0.8752137763194703,0.7477418252470421,0.4561587385141952,0.20008813645730011,0.09738325777482972,0.06540626663733702,0.07987620441302871,0.17501734800681862,0.39032971558262813,0.6284134910687121,0.7180804246518454,0.6878085116642424,0.65135231097306,0.6390603794085137,0.6377168781684803,0.6347215023157258,0.6231278700683739,0.605494076463563,0.5999172773980828,0.6434514149680743,0.7572619060851251,0.8803873003421946,0.9521498690799637,0.98134966130854,0.9892701002883166,0.9816080534097272,0.9477569901744568,0.9524509734660611,0.9849267213629433,0.9957133317677807,0.99876571617006,0.999641797913547,0.9998961788643151,0.9999702090435586,0.9999916164036761,0.9999974344080925,0.9999908014893765,0.999763113762098,0.9940439838481205,0.8775507448847243,0.2528727469265435,0.09564399876244506,0.4915959353249277,0.9122947222942817,0.9911496314615656,0.9991713012405847,0.9999229336757456,0.9999926895629275,0.9999987065604514,0.9999973944244577,0.9999897041786611,0.999958376164707,0.9998316501735989,0.9993193544404159,0.9972524041293295,0.9889778735965821,0.9568620795796936,0.845762692806343,0.5754777281862234,0.25100220250206445,0.07650673610094508
25.521008403361343,1.0,1.0,1.0,1.0,1.0,1.0,1.0,1.0,0.4805914972273567,0.4805914972273567,0.4805914972273567,0.4805914972273567,0.4805914972273567,0.4805914972273567,0.4805914972273567,0.4805914972273567,0.4805914972273567,0.4805914972273567,0.4805914972273567,0.9999999777508174,0.9999999543866497,0.999999906506241,0.9999998084098798,0.9999996074740932,0.9999991958812002,0.9999983522469909,0.9999966193298776,0.9999930391327359,0.9999855355670578,0.9999692539291762,0.99993098965458,0.999825594184879,0.9994590060017569,0.9978687703659607,0.9900372100355694,0.9507062031648624,0.7821222696380012,0.396650680307363,0.12141539957931334,0.056855722711854094,0.07161758377654365,0.1342907675665291,0.23881068737031183,0.34359022790665333,0.3935942445175069,0.3809720153394333,0.3318385210985613,0.27807691619906305,0.26661901873798555,0.36465943844233256,0.524695521621303,0.6234238817104546,0.6693634373798512,0.7005737321041451,0.7444241778380001,0.8285598905967642,0.9160591762052801,0.9445568719744447,0.9372728284541291,0.9000687584940954,0.767323684280968,0.45044246317588643,0.17653596546807246,0.07650309075411546,0.05098177936899827,0.06948062684675628,0.167336503248596,0.3913107103948784,0.6425352806746206,0.7398306622761305,0.7208995777830507,0.7024274669577667,0.7112382113922159,0.7327738913393956,0.7523539438890268,0.7627480183800762,0.7676389850376284,0.7831094285196789,0.8315399949610721,0.9046545145383441,0.9595957209082099,0.9852245156923771,0.9947303673268048,0.9977095737397227,0.9974751263968763,0.9922448324775951,0.9822490880954212,0.9915134803157838,0.9975167598936382,0.9992834310249163,0.9997914329557995,0.9999392122101918,0.9999823865931774,0.9999949633766313,0.9999984762684108,0.9999959117088835,0.9998924936589131,0.9971266856765972,0.9336841578635632,0.39029573887512636,0.20633757186622592,0.7133067893332338,0.9639925565806038,0.9965426327084923,0.9996778597431989,0.9999700536951619,0.9999971510964046,0.9999994628797997,0.9999988477820961,0.9999954339449533,0.9999815388350405,0.9999253274498608,0.9996980095692862,0.998779535824312,0.9950813599615572,0.9803971357476325,0.9251709015767821,0.7534803563334386,0.43039270231735033,0.15739237535207656
25.672268907563023,1.0,1.0,1.0,1.0,1.0,1.0,1.0,0.4805914972273567,0.4805914972273567,0.4805914972273567,0.4805914972273567,0.4805914972273567,0.4805914972273567,0.4805914972273567,0.4805914972273567,0.4805914972273567,0.4805914972273567,0.4805914972273567,0.4805914972273567,0.9999999934277298,0.9999999865252014,0.9999999723774997,0.9999999433838402,0.9999998839653339,0.9999997621462698,0.9999995120492438,0.99999899669048,0.999997924838617,0.9999956440332693,0.9999905140747036,0.9999774637724453,0.9999362261356477,0.999767922752913,0.998938882343344,0.9944476456309782,0.9690783145772807,0.832597436033868,0.40691990829734936,0.0846319462628407,0.03165358022708807,0.0514953589362324,0.11087448838536054,0.21176837667529383,0.3240740956506793,0.3963553508455971,0.4096987259351568,0.37247071421758854,0.3000036834993448,0.23154065295041815,0.25021077006488185,0.39951250171484937,0.565770418960971,0.6633637270312172,0.7153091322304254,0.7618246186277604,0.8407101554201105,0.9280998240375515,0.9584224315708416,0.9535953328316517,0.918617974484331,0.782243710728795,0.44701850649634745,0.1597283907205937,0.061318602610967464,0.040112299703148585,0.06084079692653684,0.15978754983417645,0.3915721284769517,0.6570712577589339,0.7645781982360688,0.7637954623134524,0.7726229566468045,0.8053881856051684,0.840428049317418,0.8651361684827199,0.8789109594434076,0.8883349858665546,0.9041307388039275,0.9339514476488311,0.9667591713274674,0.9868905543716102,0.9953907684438207,0.9984251202311571,0.9994157490075115,0.9996022086116368,0.9990283276388654,0.9963859260738632,0.9957829402572543,0.9985736538578367,0.9995847958678578,0.9998788629730703,0.9999645599776056,0.9999896622969233,0.9999970104818919,0.9999991019879276,0.999998209925471,0.9999529605150245,0.9986715007102074,0.9663908802190572,0.5558856919299564,0.39327432597669487,0.8649123104835349,0.9856949625537339,0.9986538541257072,0.9998748131116562,0.9999883637335317,0.9999988893150843,0.9999997759760991,0.9999994902931513,0.9999979750065717,0.9999918121364062,0.9999668802801889,0.9998660404100204,0.9994583387918792,0.9978125253012347,0.9912099611584236,0.9653701930346743,0.8732811251877205,0.6301303581039321,0.29635116575433496
25.823529411764703,1.0,1.0,1.0,1.0,1.0,0.4805914972273567,0.4805914972273567,0.4805914972273567,0.4805914972273567,0.4805914972273567,0.4805914972273567,0.4805914972273567,0.4805914972273567,0.4805914972273567,0.4805914972273567,0.4805914972273567,0.4805914972273567,0.4805914972273567,0.4805914972273567,0.9999999980585665,0.9999999960192726,0.9999999918386748,0.9999999832683557,0.9999999656944741,0.9999999296263299,0.9999998554251773,0.999999701866749,0.999999379360596,0.9999986766080586,0.9999970034445708,0.999992226056132,0.9999744262527251,0.9998897034802865,0.999420061920913,0.9965402171396675,0.976803892536343,0.836910119383722,0.3432825497551941,0.05296198440425263,0.02524819959729445,0.051556105033219675,0.11464849708028803,0.21826620235982863,0.3317847302591384,0.4071718404251726,0.4266830504361449,0.39113090607696577,0.30348700553135005,0.19626790307213768,0.1407911279902328,0.19780658414966634,0.37057136276741304,0.5629709892621926,0.6883656462720785,0.7643028437486269,0.8473537457029948,0.9359466902465392,0.968036537558762,0.9649131179247566,0.9314321576784285,0.7927113359786321,0.44496872420234723,0.14800327232736038,0.0504248173502444,0.0319326748495364,0.05350960413390379,0.15202178121547133,0.3907164662756615,0.6729679766064363,0.7961649607214213,0.8224676609031141,0.8572282297893161,0.8959635129711334,0.9233965034157936,0.9390127119069795,0.9474925888020048,0.954064035012522,0.963472594070341,0.9769072339508216,0.9890411176207496,0.9957882117223653,0.9985394847536115,0.9995107617889216,0.9998319131650916,0.9999212138785909,0.9998765287743892,0.9995084661459374,0.998585338675375,0.9992089669606241,0.9997600904276577,0.999929766100735,0.9999793977588235,0.9999939630163527,0.9999982405880044,0.9999994738666356,0.9999992192689087,0.9999800419590693,0.9994094491560658,0.983917510405766,0.7177481312920632,0.6201191685259345,0.9427820186456863,0.994392978220998,0.9994765475246211,0.9999513569841565,0.999995478483094,0.9999995667810172,0.9999999061580508,0.9999997744499769,0.9999991019330087,0.9999963685531953,0.9999853106599734,0.9999405825754585,0.9997596930677166,0.9990286412333402,0.9960823285715039,0.9843393895347345,0.939534505792874,0.7934423445918727,0.4870756084985962
25.974789915966383,1.0,1.0,1.0,0.4805914972273567,0.4805914972273567,0.4805914972273567,0.4805914972273567,0.4805914972273567,0.4805914972273567,0.4805914972273567,0.4805914972273567,0.4805914972273567,0.4805914972273567,0.4805914972273567,0.4805914972273567,0.4805914972273567,0.4805914972273567,0.4805914972273567,0.4805914972273567,0.9999999994264965,0.9999999988239816,0.9999999975885475,0.9999999950549124,0.9999999898559426,0.9999999791714953,0.9999999571305646,0.9999999112337515,0.9999998133616733,0.999999591723193,0.9999990150855832,0.9999970928806817,0.9999885380444341,0.9999411252847591,0.999634284073449,0.9972938751580886,0.9759632066206732,0.7891427219160462,0.23927465481547078,0.033138751434765884,0.025205218138914777,0.05675911274602283,0.12517282095761878,0.23265126628878371,0.3445589470197701,0.41521823119670004,0.4295469349077195,0.3850693517790485,0.2832078356663718,0.16326785041678446,0.08572980636708077,0.07550062091110785,0.14677134274357043,0.31783298711941593,0.5374254175447118,0.709015458245853,0.8354652659542348,0.9355053882547357,0.9682191210937268,0.9640849682438756,0.929682893084183,0.790211355812724,0.4401301522194468,0.13957630414443783,0.04267142482913943,0.02578302131728354,0.047193736353328235,0.14391177548389122,0.38900258781419056,0.6936179943827215,0.840567847891111,0.8917964005378449,0.9297606656187696,0.9548866232887143,0.9686417446799818,0.9757388759645508,0.9798122060732731,0.9832808510699736,0.9875743748483695,0.9925369047243704,0.9965130777347914,0.9986547681896522,0.9995321595935079,0.9998442275712068,0.9999482600070679,0.9999804336325374,0.9999823876815869,0.9999404645099677,0.9997376672179682,0.9996222493376457,0.999862688933641,0.9999593424904721,0.9999880469236503,0.9999964865881631,0.9999989706165001,0.9999996930680397,0.9999996569938565,0.9999917357863476,0.9997462646494071,0.9926727633415141,0.8433047268063651,0.8054445693198945,0.9769612243730416,0.997813993573383,0.9997965565101792,0.9999810999939325,0.9999982430539894,0.9999998309345373,0.9999999605228457,0.9999999001643787,0.9999996017127268,0.9999983893998361,0.9999934850143866,0.9999736466505529,0.9998934061820597,0.999568955486224,0.9982586603132404,0.9929932318208723,0.9722489144308215,0.8964907051816934,0.6816394106271719
26.126050420168067,0.4805914972273567,0.4805914972273567,0.4805914972273567,0.4805914972273567,0.4805914972273567,0.4805914972273567,0.4805914972273567,0.4805914972273567,0.4805914972273567,0.4805914972273567,0.4805914972273567,0.4805914972273567,0.4805914972273567,0.4805914972273567,0.4805914972273567,0.4805914972273567,0.4805914972273567,0.4805914972273567,0.4805914972273567,0.999999999830583,0.9999999996525606,0.9999999992874407,0.9999999985383097,0.9999999969997805,0.9999999938323958,0.9999999872728688,0.9999999734823038,0.9999999433319263,0.9999998706127892,0.9999996548095558,0.9999987848782476,0.9999940932630335,0.9999624272989713,0.9996982921520685,0.9969834839681113,0.9654850544894332,0.6862696973030787,0.14628536402076875,0.022842892713973217,0.02726401134472563,0.06352595069300195,0.13768820625862624,0.24863269444702146,0.3571485663803975,0.4200456337205328,0.4244943152990324,0.36643823015101445,0.25286889904385373,0.13414174882294244,0.06050523463716487,0.034031504098624786,0.04599581940209565,0.1110077327305515,0.2658669040542482,0.5068998422389498,0.7443393019726963,0.8685268676840129,0.868793750419211,0.8334460500453107,0.7754860655154728,0.6483597321754206,0.37975906572766255,0.1270861435259052,0.036746350389977075,0.02110413411442911,0.04167821955033135,0.13556840325891745,0.3883285201868301,0.7274670425278015,0.8977006048857392,0.949018633916646,0.9718083584800763,0.9830036537706665,0.9884568818886469,0.9912676964734791,0.9930332256615346,0.9945613106402024,0.9961686837598427,0.9977432208387654,0.9989274162778863,0.9995748963412979,0.999849572957449,0.9999496869871618,0.9999834928363532,0.9999943460121298,0.9999968811813004,0.9999927675642709,0.9999656188801195,0.9998837727049871,0.9999247336248256,0.9999765337393804,0.9999930748513205,0.9999979599940019,0.9999994001543588,0.9999998214867952,0.9999998466015391,0.9999966396817377,0.9998939510876445,0.9967949179143581,0.9222269373281907,0.9134184178415817,0.9909203210093518,0.9991495281818404,0.9999209457287078,0.9999926566260657,0.9999993172866705,0.9999999339818119,0.9999999833239792,0.9999999557988097,0.9999998233610389,0.9999992856758053,0.9999971105002324,0.9999883117409795,0.9999527213118365,0.9998087797215588,0.9992269418120607,0.996880233552776,0.9874989415416705,0.9512861590051196,0.8284016195483724
26.277310924369747,0.4805914972273567,0.4805914972273567,0.4805914972273567,0.4805914972273567,0.4805914972273567,0.4805914972273567,0.4805914972273567,0.4805914972273567,0.4805914972273567,0.4805914972273567,0.4805914972273567,0.4805914972273567,0.4805914972273567,0.4805914972273567,0.4805914972273567,0.4805914972273567,0.4805914972273567,0.4805914972273567,0.4805914972273567,0.4805914972273567,0.9999999998973497,0.9999999997894315,0.999999999567888,0.9999999991123834,0.9999999981723326,0.9999999962139094,0.9999999920314386,0.9999999824937036,0.9999999570275714,0.9999998661290134,0.9999994043766115,0.9999962059261298,0.9999672342624556,0.9996390740597361,0.9953967703813593,0.9408934388267921,0.5387221106181959,0.08376594345502016,0.018222961652577783,0.030299742816757035,0.07118024911620403,0.1511943064508875,0.2647958214650475,0.36857351688122114,0.4222222190054724,0.4145114855155885,0.3413792549390794,0.21995602158692948,0.1092222809308211,0.046646326254068914,0.022564704579774796,0.021543697951434123,0.04266475585261711,0.1048067771036083,0.24847526364130582,0.4547715914633804,0.41917881034088805,0.30834363103514406,0.24456682743417554,0.19698207219915495,0.15536905837453457,0.11286026223230923,0.06422317086070155,0.026628211327707364,0.016735930939824898,0.036476107190738495,0.1272487645375285,0.39465677109134545,0.7869717679057545,0.9500246348998747,0.9805688099267084,0.9900980969704245,0.9941873004381974,0.9961211710162395,0.9971591677974753,0.9978462795096295,0.9984085957666394,0.9989168803356839,0.9993582158363108,0.9996823112172222,0.9998680823721963,0.9999518139111194,0.99998364655167,0.9999946349264388,0.999998233025336,0.9999992841167643,0.9999990546714785,0.9999959077275051,0.999979980325955,0.9999655618318584,0.9999866124743453,0.9999959935910605,0.999998817376764,0.9999996514081714,0.9999998963929895,0.9999999295524633,0.9999986512001336,0.9999566102668591,0.998642900210083,0.9644158697319634,0.9642501405733696,0.9964524330006564,0.9996693919732574,0.9999692833498737,0.9999971468379172,0.999999734707229,0.999999974203094,0.9999999929274626,0.9999999804261879,0.9999999216608761,0.9999996831871306,0.9999987184634658,0.9999948160561412,0.9999790306735068,0.9999151820444202,0.9996569900691985,0.9986139325754643,0.9944167609783784,0.9777927067500659,0.4805914972273567
26.428571428571427,0.4805914972273567,0.4805914972273567,0.4805914972273567,0.4805914972273567,0.4805914972273567,0.4805914972273567,0.4805914972273567,0.4805914972273567,0.4805914972273567,0.4805914972273567,0.4805914972273567,0.4805914972273567,0.4805914972273567,0.4805914972273567,0.4805914972273567,0.4805914972273567,0.4805914972273567,0.4805914972273567,0.4805914972273567,0.4805914972273567,0.9999999999696706,0.9999999999377696,0.9999999998722328,0.999999999737279,0.9999999994577413,0.999999998869701,0.9999999975795026,0.9999999944159889,0.9999999844825764,0.9999999385152374,0.9999996190446759,0.9999965094903767,0.9999581424643212,0.999423323889805,0.9917606436247681,0.8937999165474217,0.3772118781685135,0.04744777813689498,0.016734594158169212,0.0340091430126597,0.07962833106174602,0.16544465683112258,0.2807227821734182,0.3785816398450752,0.4218812697233735,0.4004335586951452,0.31235365646445246,0.1878143475659328,0.08916465868368521,0.03979144593245937,0.024615663167958372,0.03020839652598088,0.05571303271472487,0.11184182826976313,0.21161506596846086,0.22235826445611273,0.06412580889729848,0.027178110493836047,0.018766266230820915,0.014305743158099075,0.01107417323014908,0.008617995628219875,0.0067735503420510365,0.0056215349241734375,0.007493592149898903,0.026942555922248434,0.11623323920679203,0.4218314553714028,0.8691701473861904,0.9809157912089853,0.9935647713373286,0.9968446699678777,0.9981837475475777,0.99881845789253,0.9991688787986984,0.9993998393713686,0.9995743293439109,0.99971481641826,0.999827322904385,0.9999097467521706,0.9999601209558509,0.9999847407890581,0.999994687712695,0.9999982412625268,0.9999994275750063,0.9999997997159681,0.9999998539306941,0.9999995159813737,0.9999974461466059,0.999990295415709,0.9999927617662439,0.9999976900422782,0.9999993152253871,0.9999997977939643,0.9999999399531826,0.9999999665756063,0.9999994632592927,0.9999825242363053,0.999439538252969,0.4805914972273567,0.4805914972273567,0.9986186267816151,0.9998715220103439,0.9999880653543302,0.9999988914475536,0.9999998969090054,0.9999999899120033,0.9999999969889253,0.9999999913304091,0.9999999652565603,0.9999998594890346,0.9999994316198113,0.999997700840081,0.999990699695088,0.9999623802472436,0.999847841142873,0.9993847847296519,0.997516035935785,0.4805914972273567,0.4805914972273567
26.57983193277311,0.4805914972273567,0.4805914972273567,0.4805914972273567,0.4805914972273567,0.4805914972273567,0.4805914972273567,0.4805914972273567,0.4805914972273567,0.4805914972273567,0.4805914972273567,0.4805914972273567,0.4805914972273567,0.4805914972273567,0.4805914972273567,0.4805914972273567,0.4805914972273567,0.4805914972273567,0.4805914972273567,0.4805914972273567,0.4805914972273567,0.9999999999910384,0.9999999999816064,0.9999999999622117,0.9999999999221817,0.9999999998387729,0.9999999996603377,0.9999999992492958,0.9999999981019382,0.9999999933929566,0.9999999614873926,0.9999996327585535,0.999995270990812,0.9999305506065961,0.9989459011969192,0.9844164554005019,0.8129291993925712,0.23776944135673123,0.027984728699941425,0.016987275609728722,0.03830882231374141,0.08887896564410253,0.180320074943903,0.29617776480438296,0.3869877187769601,0.41884982272868476,0.38241152492361435,0.2809996766348218,0.1590378079479289,0.07646946829772783,0.044133659600531,0.04720129626820201,0.07970973470045355,0.1486095055599325,0.26444593780699827,0.3908823736527395,0.21160810738658503,0.025087875310479135,0.0032366554314018792,0.0012363785064896545,0.0008578753303278848,0.0006568196156736647,0.0005115938811477594,0.0004089463326392839,0.00036924679508296403,0.0007022012750329254,0.006082896662559686,0.06853101555360737,0.4670868456739085,0.9389543117469762,0.9938377840828009,0.9980835764456523,0.99908561542265,0.9994853430139548,0.9996745993734578,0.9997791655934158,0.9998460638925126,0.9998934100917173,0.9999287697954721,0.9999556621840108,0.9999754369448782,0.9999883395544605,0.9999952605388548,0.9999982867127494,0.9999994224563723,0.9999998116743493,0.9999999377518894,0.9999999707710389,0.9999999404750629,0.9999996992243718,0.9999984337497304,0.9999968483096948,0.999998687211214,0.999999604051724,0.9999998828559349,0.9999999652323912,0.9999999835734296,0.9999997875196416,0.9999930402478595,0.4805914972273567,0.4805914972273567,0.4805914972273567,0.4805914972273567,0.9999500781845171,0.9999953629665839,0.9999995692891591,0.9999999599386503,0.9999999960516306,0.9999999987133825,0.9999999961594482,0.9999999845912083,0.9999999376814104,0.9999997479151764,0.999998980288369,0.9999958751603295,0.9999833147519839,0.99993250965467,0.9997270497766052,0.4805914972273567,0.4805914972273567,0.4805914972273567
26.73109243697479,0.4805914972273567,0.4805914972273567,0.4805914972273567,0.4805914972273567,0.4805914972273567,0.4805914972273567,0.4805914972273567,0.4805914972273567,0.4805914972273567,0.4805914972273567,0.4805914972273567,0.4805914972273567,0.4805914972273567,0.4805914972273567,0.4805914972273567,0.4805914972273567,0.4805914972273567,0.4805914972273567,0.4805914972273567,0.4805914972273567,0.4805914972273567,0.9999999999945625,0.9999999999888185,0.9999999999769209,0.9999999999518733,0.9999999998965797,0.9999999997563697,0.99999999925253,0.9999999960319851,0.9999999615779545,0.9999994768465811,0.9999919071769355,0.99987118358662,0.997981714437356,0.9701862618382368,0.6902086250599391,0.1386819263107916,0.01815805636301462,0.018266581190839,0.043188140791588094,0.09895100563209153,0.1957049209495139,0.31094840815314184,0.3935770087447162,0.41284088766393534,0.3607055864864777,0.24971521679120073,0.138270243348884,0.07986593072370451,0.07771451262688567,0.12330684215485714,0.2189687075652435,0.3662197189134614,0.5401307049685533,0.6102949985838325,0.22765651356666414,0.022654352540998915,0.0017919197121532482,0.0001910922496299228,5.9051147588997055e-05,3.913119039677939e-05,2.995605996414656e-05,2.3704414031556525e-05,2.0751460650923997e-05,3.7721182573238334e-05,0.0003947319118187061,0.009486633110328106,0.3235140098745987,0.9674866157012509,0.9981793446011588,0.9994848503498813,0.9997600338037881,0.9998673487490457,0.9999177610839113,0.999945403554972,0.9999626743736619,0.9999744298238581,0.9999828381801674,0.9999890272142802,0.9999935817988165,0.9999967187252361,0.9999985673223554,0.9999994551252201,0.9999998110945699,0.9999999377180504,0.999999979758168,0.9999999924831416,0.9999999918564941,0.9999999649319398,0.99999980441257,0.9999991880056334,0.99999930204846,0.9999997719755849,0.9999999322029465,0.9999999798822827,0.9999999916451779,0.9999999160861264,0.4805914972273567,0.4805914972273567,0.4805914972273567,0.4805914972273567,0.4805914972273567,0.4805914972273567,0.9999981983559604,0.999999832653963,0.999999984431695,0.9999999984531325,0.9999999994483415,0.9999999982984228,0.999999993166144,0.9999999723608279,0.9999998881967588,0.9999995477430422,0.9999981705703777,0.9999925997850154,0.9999700659417655,0.4805914972273567,0.4805914972273567,0.4805914972273567,0.4805914972273567
26.88235294117647,0.4805914972273567,0.4805914972273567,0.4805914972273567,0.4805914972273567,0.4805914972273567,0.4805914972273567,0.4805914972273567,0.4805914972273567,0.4805914972273567,0.4805914972273567,0.4805914972273567,0.4805914972273567,0.4805914972273567,0.4805914972273567,0.4805914972273567,0.4805914972273567,0.4805914972273567,0.4805914972273567,0.4805914972273567,0.4805914972273567,0.4805914972273567,0.9999999999983922,0.999999999996689,0.9999999999931393,0.9999999999855165,0.9999999999675179,0.999999999910685,0.9999999995789205,0.9999999959779103,0.9999999430205713,0.9999990821661826,0.99998481894912,0.9997520224447394,0.9960826692220686,0.943407095327294,0.5327498828952333,0.07744574260543714,0.013575659340999188,0.02021990942609052,0.04866673468973193,0.10985470948972892,0.21146384336914206,0.3248179029268137,0.39811216006087274,0.4036701524111296,0.3365865359008813,0.2242168961092752,0.13860092768142743,0.12598430643241892,0.18658790876202205,0.3118056341723326,0.4828461072874232,0.6588938093669185,0.7896615814340162,0.7369493438084558,0.23452713379841866,0.022530480467793282,0.0017066554489994833,0.00012978666102075065,1.2227743586721776e-05,2.940564586869527e-06,1.7998694226863878e-06,1.3799606502548086e-06,1.170845319232032e-06,1.976260330047225e-06,2.244231788973183e-05,0.0008670541316949995,0.08340766644601166,0.9330563488875525,0.9992059917223665,0.9998733229792779,0.9999423768054647,0.9999682620104666,0.9999804198581049,0.9999871030392811,0.9999912480720716,0.9999940208532319,0.9999959601112903,0.9999973578215208,0.9999983818030006,0.9999991129698812,0.9999995813586553,0.999999830345358,0.999999938803952,0.99999997942324,0.9999999933049467,0.9999999977426766,0.9999999986252534,0.9999999958361214,0.9999999771217479,0.999999876231687,0.9999997129560875,0.9999998710194095,0.9999999608192371,0.9999999883646568,0.9999999956180327,0.4805914972273567,0.4805914972273567,0.4805914972273567,0.4805914972273567,0.4805914972273567,0.4805914972273567,0.4805914972273567,0.4805914972273567,0.9999999349802525,0.9999999939498025,0.9999999993933159,0.9999999997627039,0.9999999992460109,0.9999999969691508,0.9999999877416372,0.99999995041366,0.9999997994175167,0.9999991886209559,0.9999967178852358,0.4805914972273567,0.4805914972273567,0.4805914972273567,0.4805914972273567,0.4805914972273567
27.03361344537815,0.4805914972273567,0.4805914972273567,0.4805914972273567,0.4805914972273567,0.4805914972273567,0.4805914972273567,0.4805914972273567,0.4805914972273567,0.4805914972273567,0.4805914972273567,0.4805914972273567,0.4805914972273567,0.4805914972273567,0.4805914972273567,0.4805914972273567,0.4805914972273567,0.4805914972273567,0.4805914972273567,0.4805914972273567,0.4805914972273567,0.4805914972273567,0.9999999999995244,0.9999999999990182,0.9999999999979503,0.9999999999955498,0.9999999999887789,0.999999999953618,0.9999999995765391,0.9999999938593365,0.9999998980690865,0.9999982630634772,0.9999706690675689,0.9995172320152187,0.9923775366331933,0.8950186200787498,0.36849355673346607,0.042864332855615556,0.011809673372850245,0.022683895548756376,0.054778306832672194,0.12158626096914317,0.22743946902216458,0.33757081048277365,0.4004216210642114,0.39185013915156436,0.3149434033041369,0.22135779031876907,0.1964826458900143,0.27144467669416417,0.42216795665329543,0.6010865557144932,0.757685621212534,0.8655810016549822,0.9159803638717183,0.7856505308429355,0.23674062543215518,0.022529734845970335,0.001701588676758584,0.0001261891589419169,9.48380411043797e-06,8.204382040149367e-07,1.5327195393414784e-07,8.391926715506075e-08,6.700547872105395e-08,1.0647250187808e-07,1.518849199158538e-06,0.00011059948521359978,0.016822531178124517,0.7633341880158937,0.9983875790015481,0.9999650624920313,0.9999869865670056,0.9999927548503527,0.999995497040329,0.9999970292468008,0.9999979851271195,0.9999986219678001,0.9999990627183027,0.9999993760792878,0.9999996037611941,0.99999976926278,0.9999998823003556,0.9999999486538831,0.9999999804852219,0.9999999932427399,0.9999999977758608,0.9999999992731652,0.9999999996941301,0.9999999994758849,0.9999999973520403,0.9999999848056199,0.9999999323823976,0.9999999328235376,0.9999999774667893,0.4805914972273567,0.4805914972273567,0.4805914972273567,0.4805914972273567,0.4805914972273567,0.4805914972273567,0.4805914972273567,0.4805914972273567,0.4805914972273567,0.4805914972273567,0.4805914972273567,0.4805914972273567,0.9999999997617661,0.9999999998976202,0.9999999996658611,0.9999999986557997,0.999999994563243,0.9999999780077483,0.9999999110387882,0.4805914972273567,0.4805914972273567,0.4805914972273567,0.4805914972273567,0.4805914972273567,0.4805914972273567,0.4805914972273567
27.18487394957983,0.4805914972273567,0.4805914972273567,0.4805914972273567,0.4805914972273567,0.4805914972273567,0.4805914972273567,0.4805914972273567,0.4805914972273567,0.4805914972273567,0.4805914972273567,0.4805914972273567,0.4805914972273567,0.4805914972273567,0.4805914972273567,0.4805914972273567,0.4805914972273567,0.4805914972273567,0.4805914972273567,0.4805914972273567,0.4805914972273567,0.4805914972273567,0.4805914972273567,0.9999999999997081,0.9999999999993792,0.9999999999985314,0.9999999999946748,0.9999999999549681,0.9999999993424601,0.999999988853153,0.9999998057881939,0.9999966348347348,0.999942825339158,0.9990571675112909,0.9852011923368067,0.8133687734441913,0.23019029672741276,0.02442722287828272,0.01157899381580908,0.025593906937085065,0.061562653527767366,0.13412519194895917,0.24346090422568611,0.3490521156328293,0.40080146891299917,0.38084157543398994,0.3130357726916989,0.28649733117446746,0.3738262037488604,0.5393628792120011,0.7080902432427859,0.8346391225362942,0.9128863459338424,0.9549164043480041,0.9618511514874422,0.8013906281081921,0.2373742253033407,0.022528744145435552,0.0017011379027087037,0.000125970834529457,9.322624514638281e-06,6.961761352196811e-07,5.68891289118909e-08,8.441249270323712e-09,4.11353168702681e-09,6.110966808218167e-09,1.5072718783574847e-07,1.9689112386469943e-05,0.0037126309316304375,0.43616064555474654,0.9940797261415685,0.9999677613220754,0.9999970621984264,0.9999983847037534,0.9999989820340668,0.99999932420936,0.999999540454804,0.999999684910667,0.9999997844782862,0.9999998546447448,0.999999905142135,0.9999999419889927,0.999999968212281,0.9999999849910287,0.9999999939149662,0.9999999978055312,0.9999999992627951,0.9999999997598868,0.9999999999150261,0.9999999999241996,0.9999999996912168,0.9999999982309682,0.999999990191149,0.4805914972273567,0.4805914972273567,0.4805914972273567,0.4805914972273567,0.4805914972273567,0.4805914972273567,0.4805914972273567,0.4805914972273567,0.4805914972273567,0.4805914972273567,0.4805914972273567,0.4805914972273567,0.4805914972273567,0.4805914972273567,0.4805914972273567,0.4805914972273567,0.4805914972273567,0.4805914972273567,0.4805914972273567,0.4805914972273567,0.4805914972273567,0.4805914972273567,0.4805914972273567,0.4805914972273567,0.4805914972273567,0.4805914972273567,0.4805914972273567,0.4805914972273567
27.33613445378151,0.4805914972273567,0.4805914972273567,0.4805914972273567,0.4805914972273567,0.4805914972273567,0.4805914972273567,0.4805914972273567,0.4805914972273567,0.4805914972273567,0.4805914972273567,0.4805914972273567,0.4805914972273567,0.4805914972273567,0.4805914972273567,0.4805914972273567,0.4805914972273567,0.4805914972273567,0.4805914972273567,0.4805914972273567,0.4805914972273567,0.4805914972273567,0.4805914972273567,0.4805914972273567,0.9999999999998018,0.9999999999993628,0.9999999999951455,0.9999999999298155,0.9999999987941275,0.9999999786517549,0.9999996229321587,0.9999934347231496,0.9998882593278245,0.9981576443551429,0.9714522202762008,0.6901826577910756,0.13325549826604438,0.015026092797596187,0.012226942282050962,0.02893726937724945,0.06906117445731633,0.14743604754176098,0.25938607802179015,0.35945161831372585,0.40173936999179,0.3852859970230265,0.3797953017322234,0.4807236597620903,0.6491523084959508,0.795236692429409,0.8904624012012385,0.9442310256303618,0.9722746092065717,0.9852302211094143,0.9763974944012458,0.806017577295469,0.23742684355623897,0.02251825806350058,0.0017005821707151115,0.0001259336661544313,9.312060146927527e-06,6.888410925472711e-07,5.124147288244392e-08,4.035609631443708e-09,5.001043525556539e-10,4.301213315456508e-10,2.3763904148362568e-08,4.337961935951144e-06,0.0009126267758768963,0.1679618208893863,0.9786990782262142,0.9999051135211515,0.9999989964061826,0.9999996416490043,0.9999997714635136,0.9999998471165698,0.9999998956588975,0.9999999282612391,0.9999999507127532,0.9999999664455059,0.9999999776675359,0.9999999858188791,0.9999999917382566,0.9999999957810919,0.9999999981573376,0.9999999992992362,0.9999999997573906,0.9999999999201461,0.9999999999734664,0.9999999999860046,0.9999999999629329,0.9999999997960142,0.9999999988121785,0.4805914972273567,0.4805914972273567,0.4805914972273567,0.4805914972273567,0.4805914972273567,0.4805914972273567,0.4805914972273567,0.4805914972273567,0.4805914972273567,0.4805914972273567,0.4805914972273567,0.4805914972273567,0.4805914972273567,0.4805914972273567,0.4805914972273567,0.4805914972273567,0.4805914972273567,0.4805914972273567,0.4805914972273567,0.4805914972273567,0.4805914972273567,0.4805914972273567,0.4805914972273567,0.4805914972273567,0.4805914972273567,0.4805914972273567,0.4805914972273567,0.4805914972273567
27.48739495798319,0.4805914972273567,0.4805914972273567,0.4805914972273567,0.4805914972273567,0.4805914972273567,0.4805914972273567,0.4805914972273567,0.4805914972273567,0.4805914972273567,0.4805914972273567,0.4805914972273567,0.4805914972273567,0.4805914972273567,0.4805914972273567,0.4805914972273567,0.4805914972273567,0.4805914972273567,0.4805914972273567,0.4805914972273567,0.4805914972273567,0.4805914972273567,0.4805914972273567,0.4805914972273567,0.9999999999999208,0.999999999999468,0.999999999992514,0.9999999998704955,0.9999999976817308,0.9999999584844215,0.9999992638871924,0.9999871652523096,0.9997814589842221,0.9964019464295125,0.9456287756695743,0.5324649877942916,0.07376198873412698,0.010492999062768672,0.013426651992889045,0.03272929159012982,0.07731540657908237,0.16148881594219286,0.2752959408958945,0.3705708348319762,0.41469207171861844,0.45083169599119427,0.5729605673525219,0.7393265924675797,0.8600333449469946,0.9287535308338045,0.9646537135574321,0.9826970705925626,0.9915021809398001,0.9946302275899519,0.9807068219388815,0.8067654408921406,0.2369786510977199,0.02248024110687868,0.001698754898078343,0.00012584911390871287,9.307673146755046e-06,6.882388099923105e-07,5.090266741347607e-08,3.777706796660489e-09,2.910564922570519e-10,6.108727821332062e-11,5.140354601628272e-09,1.0865697712482637e-06,0.00024301958460123634,0.05289829991457112,0.9288515655825634,0.999675816501736,0.9999985093075707,0.999999915615291,0.9999999487623372,0.9999999654817846,0.9999999763562865,0.9999999837036755,0.9999999887664109,0.9999999923015989,0.9999999948047084,0.9999999966082779,0.9999999979242763,0.9999999988611232,0.9999999994614086,0.9999999997813651,0.9999999999211124,0.9999999999734974,0.9999999999913213,0.9999999999966043,0.9999999999951888,0.9999999999764208,0.4805914972273567,0.4805914972273567,0.4805914972273567,0.4805914972273567,0.4805914972273567,0.4805914972273567,0.4805914972273567,0.4805914972273567,0.4805914972273567,0.4805914972273567,0.4805914972273567,0.4805914972273567,0.4805914972273567,0.4805914972273567,0.4805914972273567,0.4805914972273567,0.4805914972273567,0.4805914972273567,0.4805914972273567,0.4805914972273567,0.4805914972273567,0.4805914972273567,0.4805914972273567,0.4805914972273567,0.4805914972273567,0.4805914972273567,0.4805914972273567,0.4805914972273567,0.4805914972273567
27.63865546218487,0.4805914972273567,0.4805914972273567,0.4805914972273567,0.4805914972273567,0.4805914972273567,0.4805914972273567,0.4805914972273567,0.4805914972273567,0.4805914972273567,0.4805914972273567,0.4805914972273567,0.4805914972273567,0.4805914972273567,0.4805914972273567,0.4805914972273567,0.4805914972273567,0.4805914972273567,0.4805914972273567,0.4805914972273567,0.4805914972273567,0.4805914972273567,0.4805914972273567,0.4805914972273567,0.4805914972273567,0.9999999999992005,0.9999999999861572,0.9999999997503681,0.9999999954861692,0.9999999189133446,0.9999985606608653,0.9999748938337208,0.9995725259629588,0.9929842739844409,0.8988753274548251,0.3680791442631985,0.04023440677502843,0.008550136993681826,0.015023453662352427,0.037001550022004816,0.08637449365290242,0.1763670593276226,0.29236910876280964,0.39106085823628545,0.4787232754055735,0.633173429121255,0.8035810329464134,0.9045891059473034,0.9539361115320932,0.9776984742014276,0.9892043794795269,0.994773688111174,0.9973764661597306,0.9974201739410831,0.9816144238117809,0.8048210957571503,0.23528982421801603,0.02235168611327296,0.0016925987738916834,0.00012556609568682898,9.294683990916712e-06,6.876210070281874e-07,5.08561716047435e-08,3.76139728601354e-09,2.7881051066461986e-10,2.7346154892750587e-11,1.3041580836623952e-09,2.9401220746705977e-07,6.808090283239726e-05,0.015747348123468678,0.7914487354516774,0.9988968811733497,0.9999953618336237,0.9999999633926063,0.9999999884361407,0.9999999922087065,0.9999999946464097,0.9999999963024824,0.9999999974449342,0.9999999982409731,0.9999999988014517,0.999999999201881,0.9999999994928346,0.999999999704172,0.9999999998486759,0.9999999999337954,0.9999999999747946,0.99999999999127,0.9999999999971214,0.9999999999990068,0.9999999999992583,0.9999999999972373,0.4805914972273567,0.4805914972273567,0.4805914972273567,0.4805914972273567,0.4805914972273567,0.4805914972273567,0.4805914972273567,0.4805914972273567,0.4805914972273567,0.4805914972273567,0.4805914972273567,0.4805914972273567,0.4805914972273567,0.4805914972273567,0.4805914972273567,0.4805914972273567,0.4805914972273567,0.4805914972273567,0.4805914972273567,0.4805914972273567,0.4805914972273567,0.4805914972273567,0.4805914972273567,0.4805914972273567,0.4805914972273567,0.4805914972273567,0.4805914972273567,0.4805914972273567,0.4805914972273567
27.789915966386552,0.4805914972273567,0.4805914972273567,0.4805914972273567,0.4805914972273567,0.4805914972273567,0.4805914972273567,0.4805914972273567,0.4805914972273567,0.4805914972273567,0.4805914972273567,0.4805914972273567,0.4805914972273567,0.4805914972273567,0.4805914972273567,0.4805914972273567,0.4805914972273567,0.4805914972273567,0.4805914972273567,0.4805914972273567,0.4805914972273567,0.4805914972273567,0.4805914972273567,0.4805914972273567,0.4805914972273567,0.4805914972273567,0.999999999973273,0.9999999995135099,0.9999999911804448,0.999999841426027,0.9999971843100879,0.999950881463491,0.9991639555776292,0.9863643253006754,0.8195904058116524,0.22970154768319806,0.022314415344944934,0.007998518832002031,0.016952854872787405,0.041799323303103576,0.09634378761129515,0.19278248087557412,0.3166607171505675,0.45304891834330496,0.6506456597768222,0.8409702183985095,0.9329207582301109,0.9699293876893973,0.9858987417105938,0.9932618736362592,0.9967587959079152,0.9984282351124635,0.9991219270439675,0.9980940934808177,0.9805845833509766,0.7970005076495242,0.22969435297741164,0.02192692681454958,0.0016720832557989365,0.00012461741963657767,9.251082069749325e-06,6.856202064780248e-07,5.0763470064144555e-08,3.7563246951228934e-09,2.778946299238667e-10,2.2153523081222513e-11,3.58506266649243e-10,8.319648878473305e-08,1.9637465944195562e-05,0.004649825264858047,0.527582279777486,0.9962797896177816,0.999984452931907,0.9999999315328996,0.9999999971527296,0.999999998239772,0.9999999987880159,0.99999999916157,0.9999999994196005,0.9999999995991652,0.9999999997250796,0.9999999998143765,0.9999999998787439,0.9999999999257155,0.9999999999591775,0.9999999999806579,0.9999999999921358,0.9999999999971599,0.999999999999045,0.9999999999996831,0.9999999999998506,0.4805914972273567,0.4805914972273567,0.4805914972273567,0.4805914972273567,0.4805914972273567,0.4805914972273567,0.4805914972273567,0.4805914972273567,0.4805914972273567,0.4805914972273567,0.4805914972273567,0.4805914972273567,0.4805914972273567,0.4805914972273567,0.4805914972273567,0.4805914972273567,0.4805914972273567,0.4805914972273567,0.4805914972273567,0.4805914972273567,0.4805914972273567,0.4805914972273567,0.4805914972273567,0.4805914972273567,0.4805914972273567,0.4805914972273567,0.4805914972273567,0.4805914972273567,0.4805914972273567,0.4805914972273567
27.941176470588236,0.4805914972273567,0.4805914972273567,0.4805914972273567,0.4805914972273567,0.4805914972273567,0.4805914972273567,0.4805914972273567,0.4805914972273567,0.4805914972273567,0.4805914972273567,0.4805914972273567,0.4805914972273567,0.4805914972273567,0.4805914972273567,0.4805914972273567,0.4805914972273567,0.4805914972273567,0.4805914972273567,0.4805914972273567,0.4805914972273567,0.4805914972273567,0.4805914972273567,0.4805914972273567,0.4805914972273567,0.4805914972273567,0.4805914972273567,0.4805914972273567,0.9999999827504348,0.9999996897778599,0.999994491089729,0.9999039000215133,0.9983654870982092,0.9736633272329951,0.6989717328967028,0.13269591463951216,0.013090532232650413,0.008222056167150231,0.019199569716981727,0.04719822518270004,0.10763077367346409,0.21442407846826256,0.37294555749513647,0.617518891856092,0.8520194015871626,0.948874115083292,0.979693398817251,0.9909751270946768,0.9957775081642494,0.9979853433347619,0.9990303879979178,0.9995149000496597,0.99957814899744,0.9977504695547006,0.97590218784717,0.7712509240427626,0.2125654240754352,0.020601398832049672,0.0016061719110812352,0.00012150933607775691,9.10645801666835e-06,6.789366067182008e-07,5.045583068638029e-08,3.74215551889285e-09,2.7720162182203116e-10,2.0953622280504817e-11,1.0331393654221622e-10,2.4124474928917396e-08,5.7537165983695045e-06,0.001375841847475213,0.24852760333463225,0.9875794974476768,0.9999477411416062,0.9999997821152525,0.9999999985190179,0.9999999995988358,0.9999999997255901,0.999999999809939,0.9999999998682639,0.9999999999088244,0.9999999999371856,0.9999999999571818,0.9999999999714735,0.9999999999818584,0.9999999999894036,0.9999999999945696,0.9999999999976196,0.9999999999990924,0.9999999999996855,0.9999999999998958,0.9999999999999609,0.4805914972273567,0.4805914972273567,0.4805914972273567,0.4805914972273567,0.4805914972273567,0.4805914972273567,0.4805914972273567,0.4805914972273567,0.4805914972273567,0.4805914972273567,0.4805914972273567,0.4805914972273567,0.4805914972273567,0.4805914972273567,0.4805914972273567,0.4805914972273567,0.4805914972273567,0.4805914972273567,0.4805914972273567,0.4805914972273567,0.4805914972273567,0.4805914972273567,0.4805914972273567,0.4805914972273567,0.4805914972273567,0.4805914972273567,0.4805914972273567,0.4805914972273567,0.4805914972273567,0.4805914972273567
28.092436974789916,0.4805914972273567,0.4805914972273567,0.4805914972273567,0.4805914972273567,0.4805914972273567,0.4805914972273567,0.4805914972273567,0.4805914972273567,0.4805914972273567,0.4805914972273567,0.4805914972273567,0.4805914972273567,0.4805914972273567,0.4805914972273567,0.4805914972273567,0.4805914972273567,0.4805914972273567,0.4805914972273567,0.4805914972273567,0.4805914972273567,0.4805914972273567,0.4805914972273567,0.4805914972273567,0.4805914972273567,0.4805914972273567,0.4805914972273567,0.4805914972273567,0.4805914972273567,0.9999993930400687,0.99998922138148,0.9998119867250866,0.9968068523539371,0.9497347164568716,0.542733963705978,0.07311632558434282,0.00853263328475318,0.00891205923186228,0.021783111932645458,0.05340250644029613,0.12212664332030032,0.25774773353672775,0.5249825466763564,0.8331529913363814,0.9548710762260202,0.9852328142258524,0.9940492040851376,0.9973251339521463,0.9987428541150823,0.999398839979687,0.9997060002172715,0.9998128159298902,0.99949303742012,0.9958085779107424,0.9600267365204043,0.6951187932427606,0.1697137621739459,0.017101297667613587,0.0014170560510098319,0.00011204791760737338,8.648698908142527e-06,6.57245216647184e-07,4.9441615353845426e-08,3.6951338567793794e-09,2.750297824784998e-10,2.0541936944590704e-11,3.109837518186111e-11,7.0793227628712045e-09,1.6985950147969835e-06,0.0004080964369009328,0.08944588354478993,0.9594346120498679,0.9998245000251853,0.9999992712775714,0.9999999968461454,0.9999999998976135,0.9999999999378147,0.9999999999569213,0.9999999999701144,0.9999999999792856,0.9999999999856858,0.999999999990179,0.9999999999933666,0.9999999999956641,0.9999999999973411,0.9999999999985365,0.999999999999305,0.9999999999997169,0.9999999999998977,0.9999999999999657,0.4805914972273567,0.4805914972273567,0.4805914972273567,0.4805914972273567,0.4805914972273567,0.4805914972273567,0.4805914972273567,0.4805914972273567,0.4805914972273567,0.4805914972273567,0.4805914972273567,0.4805914972273567,0.4805914972273567,0.4805914972273567,0.4805914972273567,0.4805914972273567,0.4805914972273567,0.4805914972273567,0.4805914972273567,0.4805914972273567,0.4805914972273567,0.4805914972273567,0.4805914972273567,0.4805914972273567,0.4805914972273567,0.4805914972273567,0.4805914972273567,0.4805914972273567,0.4805914972273567,0.4805914972273567,0.4805914972273567
28.243697478991596,0.4805914972273567,0.4805914972273567,0.4805914972273567,0.4805914972273567,0.4805914972273567,0.4805914972273567,0.4805914972273567,0.4805914972273567,0.4805914972273567,0.4805914972273567,0.4805914972273567,0.4805914972273567,0.4805914972273567,0.4805914972273567,0.4805914972273567,0.4805914972273567,0.4805914972273567,0.4805914972273567,0.4805914972273567,0.4805914972273567,0.4805914972273567,0.4805914972273567,0.4805914972273567,0.4805914972273567,0.4805914972273567,0.4805914972273567,0.4805914972273567,0.4805914972273567,0.4805914972273567,0.4805914972273567,0.4805914972273567,0.4805914972273567,0.4805914972273567,0.37767502605708364,0.03948629605335148,0.006442621678945774,0.009922744396934685,0.024783229607664065,0.06123661986549845,0.14861557255412297,0.37876231687257633,0.7701541074046665,0.9506640502535189,0.9877068085046065,0.9958241820069258,0.9982640016486696,0.9992086196701854,0.9996259081079318,0.9998190511725797,0.9998967857494319,0.9998120674177965,0.9987194930970603,0.9890604397625674,0.9098193193012145,0.5209843481782576,0.10086869523070806,0.010856554231783125,0.001013171365674878,8.867187291478342e-05,7.390869914259461e-06,5.930919684194524e-07,4.629129248382579e-08,3.544360190045852e-09,2.679341851081825e-10,2.0123109826889912e-11,1.0129881473774917e-11,2.0826148356726565e-09,5.022436986639434e-07,0.00012108620503887516,0.02836759642589104,0.8755931235082174,0.9994109263150762,0.9999975547361615,0.9999999898264238,0.9999999999375965,0.9999999999857535,0.9999999999902358,0.9999999999932222,0.9999999999952973,0.9999999999967438,0.9999999999977559,0.9999999999984701,0.9999999999989804,0.999999999999351,0.9999999999996205,0.9999999999998053,0.9999999999999143,0.9999999999999674,0.4805914972273567,0.4805914972273567,0.4805914972273567,0.4805914972273567,0.4805914972273567,0.4805914972273567,0.4805914972273567,0.4805914972273567,0.4805914972273567,0.4805914972273567,0.4805914972273567,0.4805914972273567,0.4805914972273567,0.4805914972273567,0.4805914972273567,0.4805914972273567,0.4805914972273567,0.4805914972273567,0.4805914972273567,0.4805914972273567,0.4805914972273567,0.4805914972273567,0.4805914972273567,0.4805914972273567,0.4805914972273567,0.4805914972273567,0.4805914972273567,0.4805914972273567,0.4805914972273567,0.4805914972273567,0.4805914972273567,0.4805914972273567
28.394957983193276,0.4805914972273567,0.4805914972273567,0.4805914972273567,0.4805914972273567,0.4805914972273567,0.4805914972273567,0.4805914972273567,0.4805914972273567,0.4805914972273567,0.4805914972273567,0.4805914972273567,0.4805914972273567,0.4805914972273567,0.4805914972273567,0.4805914972273567,0.4805914972273567,0.4805914972273567,0.4805914972273567,0.4805914972273567,0.4805914972273567,0.4805914972273567,0.4805914972273567,0.4805914972273567,0.4805914972273567,0.4805914972273567,0.4805914972273567,0.4805914972273567,0.4805914972273567,0.4805914972273567,0.4805914972273567,0.4805914972273567,0.4805914972273567,0.4805914972273567,0.4805914972273567,0.021449523626423005,0.005664035546419885,0.011207158578792195,0.02851588236696573,0.07452019398462065,0.22345232828857653,0.6383876909470827,0.9305672050984752,0.9873808278569872,0.9967062123536952,0.9988152051704677,0.9994922476725001,0.9997655726020828,0.9998879855524456,0.9999399071720936,0.9999173851750053,0.9995086353542477,0.9959655262555656,0.9668122112816316,0.7729383378439575,0.2818962882441106,0.04249980159811016,0.004854693537420018,0.0005156195725506352,5.196651932874084e-05,4.952371105356803e-06,4.457768626763463e-07,3.807710126031435e-08,3.114156768476877e-09,2.4641222464735245e-10,1.905438552892563e-11,3.92266662520623e-12,6.05913114226115e-10,1.4747124508220338e-07,3.576462735734976e-05,0.008579756307801787,0.6764690990062547,0.9980226382298085,0.9999917877385137,0.9999999659421642,0.9999999998541863,0.9999999999962271,0.9999999999977847,0.9999999999984632,0.9999999999989331,0.9999999999992603,0.9999999999994886,0.9999999999996491,0.999999999999763,0.999999999999845,0.9999999999999049,0.9999999999999476,0.999999999999975,0.9999999999999898,0.4805914972273567,0.4805914972273567,0.4805914972273567,0.4805914972273567,0.4805914972273567,0.4805914972273567,0.4805914972273567,0.4805914972273567,0.4805914972273567,0.4805914972273567,0.4805914972273567,0.4805914972273567,0.4805914972273567,0.4805914972273567,0.4805914972273567,0.4805914972273567,0.4805914972273567,0.4805914972273567,0.4805914972273567,0.4805914972273567,0.4805914972273567,0.4805914972273567,0.4805914972273567,0.4805914972273567,0.4805914972273567,0.4805914972273567,0.4805914972273567,0.4805914972273567,0.4805914972273567,0.4805914972273567,0.4805914972273567,0.4805914972273567
28.546218487394956,0.4805914972273567,0.4805914972273567,0.4805914972273567,0.4805914972273567,0.4805914972273567,0.4805914972273567,0.4805914972273567,0.4805914972273567,0.4805914972273567,0.4805914972273567,0.4805914972273567,0.4805914972273567,0.4805914972273567,0.4805914972273567,0.4805914972273567,0.4805914972273567,0.4805914972273567,0.4805914972273567,0.4805914972273567,0.4805914972273567,0.4805914972273567,0.4805914972273567,0.4805914972273567,0.4805914972273567,0.4805914972273567,0.4805914972273567,0.4805914972273567,0.4805914972273567,0.4805914972273567,0.4805914972273567,0.4805914972273567,0.4805914972273567,0.4805914972273567,0.4805914972273567,0.4805914972273567,0.4805914972273567,0.012840392963089023,0.034427768472315136,0.1107504325212283,0.43703138076869197,0.8772036836300282,0.9830421934435621,0.9968475206493858,0.999108350376105,0.9996609825881116,0.9998509004412611,0.9999301899231865,0.9999641713315233,0.9999612256732342,0.9998007332364626,0.9983932099011543,0.9867112404566928,0.8983762608725887,0.5120934459960873,0.11038662531464974,0.014362254344265012,0.0016905391074106754,0.00019365094598423958,2.163951257134729e-05,2.3392993572419e-06,2.421466416550355e-07,2.3786827097053483e-08,2.207156118697265e-09,1.937277905197205e-10,1.6199644656724374e-11,1.9643894565408672e-12,1.6854122443731302e-10,4.206904380369677e-08,1.0372330038601596e-05,0.002529652013638287,0.3814811687849915,0.9933551142957661,0.9999723440640607,0.9999998855039962,0.9999999995245905,0.9999999999973114,0.9999999999994904,0.9999999999996514,0.9999999999997581,0.9999999999998319,0.999999999999884,0.9999999999999198,0.9999999999999452,0.9999999999999636,0.9999999999999769,0.9999999999999863,0.9999999999999929,0.4805914972273567,0.4805914972273567,0.4805914972273567,0.4805914972273567,0.4805914972273567,0.4805914972273567,0.4805914972273567,0.4805914972273567,0.4805914972273567,0.4805914972273567,0.4805914972273567,0.4805914972273567,0.4805914972273567,0.4805914972273567,0.4805914972273567,0.4805914972273567,0.4805914972273567,0.4805914972273567,0.4805914972273567,0.4805914972273567,0.4805914972273567,0.4805914972273567,0.4805914972273567,0.4805914972273567,0.4805914972273567,0.4805914972273567,0.4805914972273567,0.4805914972273567,0.4805914972273567,0.4805914972273567,0.4805914972273567,0.4805914972273567,0.4805914972273567
28.697478991596636,0.4805914972273567,0.4805914972273567,0.4805914972273567,0.4805914972273567,0.4805914972273567,0.4805914972273567,0.4805914972273567,0.4805914972273567,0.4805914972273567,0.4805914972273567,0.4805914972273567,0.4805914972273567,0.4805914972273567,0.4805914972273567,0.4805914972273567,0.4805914972273567,0.4805914972273567,0.4805914972273567,0.4805914972273567,0.4805914972273567,0.4805914972273567,0.4805914972273567,0.4805914972273567,0.4805914972273567,0.4805914972273567,0.4805914972273567,0.4805914972273567,0.4805914972273567,0.4805914972273567,0.4805914972273567,0.4805914972273567,0.4805914972273567,0.4805914972273567,0.4805914972273567,0.4805914972273567,0.4805914972273567,0.4805914972273567,0.04941974307226266,0.23524491559525093,0.7555846059495305,0.9699750112503114,0.9960516374209585,0.9992029839973663,0.9997548278183066,0.9999021633149442,0.9999559579310664,0.9999782651899555,0.9999808936054629,0.9999178606909224,0.9993504944370605,0.9946087384851058,0.9566057474026598,0.7246972138186666,0.239010789074746,0.03607570499541696,0.004430749368706861,0.0005271971015992142,6.218547903814059e-05,7.2718138191929285e-06,8.395443256214758e-07,9.508821068023759e-08,1.0475923421453536e-08,1.111321029402018e-09,1.1237981205369666e-10,1.0754328622528953e-11,1.1188241774161765e-12,4.1121696068035004e-11,1.0970373393802247e-08,2.835520046463224e-06,0.0007149609847000541,0.1508135821073722,0.97758431920132,0.9999059842267249,0.9999996127505436,0.9999999984004558,0.9999999999932204,0.9999999999998588,0.9999999999999211,0.999999999999945,0.9999999999999618,0.9999999999999737,0.9999999999999817,0.9999999999999875,0.9999999999999916,0.9999999999999946,0.9999999999999966,0.4805914972273567,0.4805914972273567,0.4805914972273567,0.4805914972273567,0.4805914972273567,0.4805914972273567,0.4805914972273567,0.4805914972273567,0.4805914972273567,0.4805914972273567,0.4805914972273567,0.4805914972273567,0.4805914972273567,0.4805914972273567,0.4805914972273567,0.4805914972273567,0.4805914972273567,0.4805914972273567,0.4805914972273567,0.4805914972273567,0.4805914972273567,0.4805914972273567,0.4805914972273567,0.4805914972273567,0.4805914972273567,0.4805914972273567,0.4805914972273567,0.4805914972273567,0.4805914972273567,0.4805914972273567,0.4805914972273567,0.4805914972273567,0.4805914972273567,0.4805914972273567
28.84873949579832,0.4805914972273567,0.4805914972273567,0.4805914972273567,0.4805914972273567,0.4805914972273567,0.4805914972273567,0.4805914972273567,0.4805914972273567,0.4805914972273567,0.4805914972273567,0.4805914972273567,0.4805914972273567,0.4805914972273567,0.4805914972273567,0.4805914972273567,0.4805914972273567,0.4805914972273567,0.4805914972273567,0.4805914972273567,0.4805914972273567,0.4805914972273567,0.4805914972273567,0.4805914972273567,0.4805914972273567,0.4805914972273567,0.4805914972273567,0.4805914972273567,0.4805914972273567,0.4805914972273567,0.4805914972273567,0.4805914972273567,0.4805914972273567,0.4805914972273567,0.4805914972273567,0.4805914972273567,0.4805914972273567,0.4805914972273567,0.4805914972273567,0.4805914972273567,0.9345378550870515,0.993339460749471,0.9990769444419785,0.9997943005353007,0.999931550279413,0.9999715184697782,0.9999865814337744,0.99999012445434,0.9999657427147352,0.999736660924686,0.9978126689796669,0.981998552961071,0.8670387188339217,0.4380082857703706,0.08519541831765172,0.011001509491150679,0.0013261113168921365,0.00015832642376696122,1.885307438527245e-05,2.2389232437635714e-06,2.64793171907253e-07,3.1113955050392053e-08,3.6191698914440205e-09,4.145275411591103e-10,4.640625548997692e-11,5.030418346397683e-12,5.46053397960128e-13,7.617256562152698e-12,2.2981181650858795e-09,6.601612491018051e-07,0.0001805002097552441,0.04531299048411015,0.9237835190170397,0.9996703968638045,0.9999986643792399,0.9999999945415928,0.9999999999775306,0.9999999999998819,0.9999999999999818,0.9999999999999876,0.9999999999999913,0.9999999999999941,0.9999999999999959,0.9999999999999971,0.999999999999998,0.9999999999999987,0.4805914972273567,0.4805914972273567,0.4805914972273567,0.4805914972273567,0.4805914972273567,0.4805914972273567,0.4805914972273567,0.4805914972273567,0.4805914972273567,0.4805914972273567,0.4805914972273567,0.4805914972273567,0.4805914972273567,0.4805914972273567,0.4805914972273567,0.4805914972273567,0.4805914972273567,0.4805914972273567,0.4805914972273567,0.4805914972273567,0.4805914972273567,0.4805914972273567,0.4805914972273567,0.4805914972273567,0.4805914972273567,0.4805914972273567,0.4805914972273567,0.4805914972273567,0.4805914972273567,0.4805914972273567,0.4805914972273567,0.4805914972273567,0.4805914972273567,0.4805914972273567,0.4805914972273567
29.0,0.4805914972273567,0.4805914972273567,0.4805914972273567,0.4805914972273567,0.4805914972273567,0.4805914972273567,0.4805914972273567,0.4805914972273567,0.4805914972273567,0.4805914972273567,0.4805914972273567,0.4805914972273567,0.4805914972273567,0.4805914972273567,0.4805914972273567,0.4805914972273567,0.4805914972273567,0.4805914972273567,0.4805914972273567,0.4805914972273567,0.4805914972273567,0.4805914972273567,0.4805914972273567,0.4805914972273567,0.4805914972273567,0.4805914972273567,0.4805914972273567,0.4805914972273567,0.4805914972273567,0.4805914972273567,0.4805914972273567,0.4805914972273567,0.4805914972273567,0.4805914972273567,0.4805914972273567,0.4805914972273567,0.4805914972273567,0.4805914972273567,0.4805914972273567,0.9855731879117539,0.9985424677477043,0.9997802200091508,0.9999457345818752,0.9999806158435933,0.9999915093895144,0.9999946441318819,0.9999854977286738,0.9998930924201749,0.9991134332999355,0.9926362616909589,0.9415792996760426,0.6583452738612093,0.18723531696297183,0.02680098134038846,0.003280941713909917,0.00039323472413241506,4.699701230083924e-05,5.612392195692751e-06,6.696904381146979e-07,7.981001881388198e-08,9.492305606569197e-09,1.1253726797652436e-09,1.3274350714898765e-10,1.5533165290949105e-11,1.7953291627667348e-12,2.064113111712606e-13,1.0067892156493068e-12,3.414894355523509e-10,1.1301402961645648e-07,3.540572489084049e-05,0.010367664191491998,0.4805914972273567,0.9987326940212463,0.999995102187839,0.9999999806204359,0.9999999999220036,0.9999999999996767,0.9999999999999944,0.9999999999999972,0.9999999999999981,0.9999999999999987,0.999999999999999,0.9999999999999994,0.4805914972273567,0.4805914972273567,0.4805914972273567,0.4805914972273567,0.4805914972273567,0.4805914972273567,0.4805914972273567,0.4805914972273567,0.4805914972273567,0.4805914972273567,0.4805914972273567,0.4805914972273567,0.4805914972273567,0.4805914972273567,0.4805914972273567,0.4805914972273567,0.4805914972273567,0.4805914972273567,0.4805914972273567,0.4805914972273567,0.4805914972273567,0.4805914972273567,0.4805914972273567,0.4805914972273567,0.4805914972273567,0.4805914972273567,0.4805914972273567,0.4805914972273567,0.4805914972273567,0.4805914972273567,0.4805914972273567,0.4805914972273567,0.4805914972273567,0.4805914972273567,0.4805914972273567,0.4805914972273567,0.4805914972273567
