13号染色体是否正常,原始读段数,检测抽血次数,X染色体的Z值,18号染色体的Z值,13号染色体的Z值,被过滤掉读段数的比例,X染色体浓度,21号染色体的Z值,pred_prob,pred_label
否,5604913.297535346,4.008632418083591,-0.4150974164629141,-0.1154275514529645,0.9448511509244033,0.02313052967695212,-0.02587512227502414,2.027298741560139,0.5107817634863573,1
否,4343565.481852899,2.162428525258607,-1.15337075949056,1.159940881094713,0.08758262234527586,0.03346136069915986,-0.0179046487652215,2.433441502393369,0.11121292308484454,0
否,3903189.335051879,3.07408591844183,-0.2132511718643532,0.5485507499227289,-0.8430654647715129,0.02056751028139327,-0.01989932416315326,1.463468220279788,0.17678380038890656,0
否,4874649.457982808,1.848122382760069,0.9217384028608969,1.00107864708122,1.408150400347064,0.02335425113074346,-0.06601386959626607,0.8667263887915932,0.0966503209706143,0
否,3354476.689511272,3.295033284035306,1.357321447512741,2.335321400317082,0.4832364097749901,0.02270790946029835,0.02194506834941139,0.4578794080488373,0.761027244044372,1
否,6521352.294764232,1.994756670556833,-1.400846675340675,-0.05883577285365362,-0.1677092230420917,0.02040913035278328,-0.04207526577271965,1.198650291605409,0.30665599109270364,0
否,4386071.631128906,2.827330029443249,0.4312207130122251,0.6531160574832001,-0.3038769936507178,0.02121875362960936,-0.01256037844556414,-0.4989885978494897,0.5639318175729876,1
否,6799490.589861056,4.197456238890696,-1.061865978516273,-0.033687560839887,-1.710497757970713,0.02100740275564765,-0.02447045628812471,-0.2467585677452587,0.7764162343862581,1
否,4976905.419733774,3.192865409166886,0.2281665386735391,-0.8225544642521145,0.373312640945016,0.02258756807025794,-0.04715017097169207,-0.5259075058786307,0.3577557167223777,0
否,3447174.795422764,1.823285477615754,0.5594802086482166,1.46939599920149,1.174798127012392,0.02384527661108413,-0.02018491676791103,1.203199104408299,0.1772207446981171,0
否,5598879.405121123,4.369229808545633,-0.2956208913313791,0.8147271112688395,-0.3338205144911016,0.1695343630391334,-0.01936284788500258,-1.905272234247056,0.13953306726580014,0
否,4066293.504265277,0.903111216546448,-8.13798371386334,1.458496459420728,2.210766447785034,0.02084612888411759,-0.0144627793514074,1.858590669096687,0.08639416974198154,0
否,5418059.761826029,0.9601408054404436,-0.3193903886459667,-0.7722232050398756,0.04435152702431377,0.02240728635868122,-0.02988873314702937,0.9420119661764578,0.23197719006679168,0
否,4242932.59954486,2.157955515731516,1.597502318656718,0.7914498640069765,0.5956513687112304,0.02401854132029027,-0.03475531341520595,0.07076038272758313,0.27240762059734597,0
否,3738423.976469527,1.813383397573614,-0.5171659282401933,0.762467770871135,1.326174119296306,0.02132168811403463,-0.005612817525899432,-0.08958980134838074,0.4744252085655861,0
否,4040403.784593337,3.965209712425625,-0.1146467872343329,0.2398684663744884,-0.9374426881784182,0.02073249072491464,-0.03521120137099069,-3.473659502331246,0.6284589135281874,1
否,4403002.18692342,3.267471347792864,-0.5186176457413302,0.3524663211889308,-2.966543713411071,0.02040274282524415,-0.03882656689289977,1.19478123504491,0.07148798741328888,0
否,3129200.784826576,1.046344748361475,0.5940124713779495,2.695483624011746,-1.024541178261981,0.2003837163554208,-0.01524250218437686,-2.595078208654882,0.005031718868873704,0
否,4481261.350530072,3.124347630252814,-0.5109620455752926,0.4357330653218472,-2.35969080387936,0.04370686538750153,-0.03549173966490974,0.6204415840733143,0.07358093865959417,0
否,5296902.820888729,2.041769266891412,0.2939818787431669,-0.7334163295423138,0.1968426216193695,0.02025978546926243,-0.03977331472811025,-0.2867735913415293,0.36690558039245585,0
否,4035091.518140812,2.997232095846918,1.054536144854678,0.7392554375512025,0.2549155565415192,0.02411017017444316,-0.03254546871017967,-2.484568805625589,0.5733615823906837,1
否,4566206.593118204,0.9168038012494492,-2.154568528657204,1.073419010657549,1.718893618106753,0.02339840262440321,-0.05052407097730286,1.191098313618176,0.06711250850320498,0
否,3441192.196288868,1.850846287573423,0.6265950115154257,1.547156314609333,1.028699231817297,0.02593856802732438,-0.0213369659192813,1.09938674009054,0.1647913721587848,0
否,5380943.70215357,3.041484443874654,-0.3628579612280561,0.6172577396884451,-1.045480648713283,0.1388566747902135,-0.02703178148841646,-1.074497903809912,0.06366046270992402,0
否,3454084.28341299,2.736616517457748,1.276255385024428,2.20649806804644,0.3635173821434991,0.02211849783721355,0.01971206812000285,0.5700734439602281,0.6959675959392209,1
否,6122633.494968712,3.944744898269619,-0.5075857729957536,-0.1256491263879366,0.8166027329702068,0.02598212768183553,-0.02542549963506052,1.682015096076548,0.6140592605718381,1
否,3448376.781965494,2.924926290320123,1.475837531030397,2.15977468107293,0.6944082266735251,0.02433721959748258,0.01967078972671325,0.4986188598454405,0.7327070194769835,1
否,4554408.881197461,1.098768713023145,-0.2614913598271282,-0.7887495850756492,0.08308299719654742,0.02232600960794221,-0.02971012754563681,0.7781569669314358,0.15610116715988132,0
否,6243318.553276354,2.067574322049817,-1.203045936703715,-0.07207788303128236,0.1530551959034856,0.02101592353689347,-0.03591046038149143,1.323085165051147,0.3412977803966503,0
否,2967747.913142295,0.9708784278160815,0.9604974515779233,2.938676636937926,-0.6371871353478445,0.1631585721543871,-0.01397818972318679,-2.037299931951407,0.010993163254137874,0
否,5433601.280197345,1.938603121361126,0.1546255000768328,-0.2235950515773502,-1.740590276079545,0.02190867803492897,-0.02398011243539187,1.209344270342697,0.2375127407690756,0
否,5022762.309415408,1.003174158675292,-0.337243977000469,-0.7879971078730106,-0.08756412712559564,0.02047644915144814,-0.0319407159498363,0.9315372840735792,0.17303547023563906,0
否,3400280.643302484,1.846977572752028,0.2498759839385062,1.122539049132312,0.4109268688851014,0.02487228083995073,-0.02227993833987393,1.290485757505763,0.11622268675780507,0
否,3225093.632132933,1.877728901226641,0.4752129113950721,1.39975493465938,1.05892104359947,0.02184758828312072,-0.02471040045519578,0.8350130733686604,0.15267582495982138,0
否,4853184.321390066,1.96374634760434,0.159659607375571,0.04010455310741739,-0.4055389043700728,0.02118407094206445,-0.008294313880487039,-0.7089599138298558,0.6205008044404979,1
否,3902458.451871207,3.040598772942879,-0.1371013125275478,0.2636394150661484,-0.9475154410910414,0.02122712045524868,-0.03467376000923686,-2.915384506186058,0.4528392006727375,0
否,3214763.838867394,0.9048320263370346,0.5830244053185667,2.085468988356003,-0.1854036661351323,0.1124661085681323,-0.0178281483869879,-0.8553609954168989,0.024336887332961892,0
否,3652775.622332362,2.806840006302137,2.555216868617338,2.256554370677551,1.563256715024415,0.02214502830051245,0.007935003018841173,0.5935256009984733,0.7399987268241546,1
否,3263164.170992013,3.251324521306762,3.141216761560429,2.436429881769692,1.829120615929963,0.02158248609665793,0.002805787935590615,0.6237481592249161,0.7039709435870268,1
否,4846661.340665434,3.299267780414951,-0.2713439185844835,0.6921777711883524,-0.2861631069215077,0.1509175245354314,-0.02071102181682132,-1.863505885163808,0.08487921106603244,0
否,3641803.861016924,3.074044791335287,0.3422220603907881,0.4763964248821538,-0.4843320440246754,0.02342902815757625,-0.03581008209625782,-2.636217532255271,0.40467789842904345,0
否,5554317.252255705,3.250504733526292,0.182511022431633,-0.6614637055609226,0.2704641295827374,0.03656590454630752,-0.03873460087495545,-0.7581158429957253,0.49187423991222723,0
否,4132586.243153161,1.856700692613485,-1.037672415636621,0.9816628777084223,0.07875602026548677,0.03544313138665096,-0.01773455086745182,2.235446843525827,0.0918165628597951,0
否,3403135.846779663,1.990121157356164,1.171982222550994,2.322834447816835,0.5800508089757473,0.02420042266892621,0.02011796724369749,0.5177496266513676,0.6349489158637986,1
否,4050945.315705105,1.871833814959125,-2.293685628814584,0.9357481753267997,0.5496302814133744,0.02097552401832618,-0.0126674445605038,0.1879471099169765,0.3084181497202627,0
否,5530843.376666911,1.877195508942493,0.7826324398844575,-0.7670711721418431,-0.47546417872627,0.02291018279654494,-0.009508349694165141,0.9224513968932415,0.5382909363261216,1
否,4528401.787543569,2.146851485042774,-0.4936034948408254,0.8912407730910206,1.2521227034453,0.02386157980408465,-0.007599901578495699,-0.06518444748448733,0.6070189874470431,1
否,6199198.799932761,1.095326941967996,-0.06721161107326963,-0.7771744710784391,-1.224581520490544,0.02062278849065808,-0.02748116458869537,-0.3932821302476852,0.46340822874074367,0
否,4036808.196666922,1.952081169781302,-0.427832646381241,0.7372397824977858,-0.5949305255962077,0.02455221721633848,-0.01785763224784647,1.698987985857789,0.1264839208548987,0
否,4890957.060620039,1.085957487829695,-0.2559422918394664,-0.8281197209156507,0.07330662158146425,0.01964228792395683,-0.0280326679625456,0.7716973701066393,0.21536165030992438,0
否,6177579.2097268,2.028479938797624,-1.19274640031051,-0.06871396047762808,0.1203766935187321,0.02045095596413737,-0.03630608957329436,1.566489338940605,0.29940805968388423,0
否,4309385.792528948,2.039161886181807,1.04995265458993,1.003758165551851,1.127451322540589,0.02398100684358547,-0.05713441315326406,0.6750358057954535,0.10119788756562415,0
否,5329043.26396378,1.095805118248035,-0.03159562409301306,-0.7381828451416559,-0.8937664003551565,0.02163629013796319,-0.02435262074505385,-0.01881447757819323,0.3207626192309111,0
否,3282737.35361227,1.012765970451372,0.5492300828174995,2.408558108905174,-0.5495712198927029,0.1435037149200284,-0.01705713723582121,-1.574551556756727,0.015655723097516262,0
否,3932874.859378149,1.071356350733871,-7.887628131933918,1.602445294948067,2.015295511427645,0.02309323469070535,-0.01279459752421933,1.705030875873438,0.08877033901597947,0
否,4570945.935291409,2.133009214797065,-0.3640346680219533,-0.2796705351549414,-0.0883020028430225,0.06601994896731525,-0.02481655998447752,-0.04927620159025487,0.135215673663193,0
否,4403470.777569562,0.9329531201915031,-7.063465893853644,1.338479372718633,1.959291437164902,0.02248339072295706,-0.01604278583683307,1.610849339237109,0.11793871220500715,0
否,4896871.978595344,2.804047133246746,-0.1609953426117745,0.5969462879663648,-0.3274632949400308,0.1482912896839053,-0.01772008112307964,-1.405861023615806,0.07308588122700009,0
否,5123536.058659633,3.02668450046401,-0.1690214619073055,-0.2086773129387879,-1.309026180713787,0.02141162837669355,-0.03887021251145277,0.3070945953357965,0.24427615195254213,0
否,4704560.650283908,2.852246879107027,-0.4290119244585757,0.2485394824074258,-2.285209090647951,0.01882541871871771,-0.04249036498314874,0.8954349009159788,0.09605793154449581,0
否,4838510.052312622,0.9461603207525204,0.8149677769885436,1.324040739495097,0.4843988987415983,0.02399735259112186,-0.01877495778769592,1.750667989150991,0.22992991834523793,0
否,4049393.259492305,1.867364473627442,-2.145734677465805,0.8524325536252195,0.4964095240849029,0.02232046205717327,-0.01179510794312836,0.203077135020476,0.30805118203522386,0
否,4718488.891225513,1.021195984926341,-7.460907268778405,1.336087004576229,2.049361350902833,0.02376442397456383,-0.01443921986865634,1.741332345733893,0.14271121502198547,0
否,4235710.913539508,0.9126381757210293,0.4174401334803088,1.383121105078291,0.553612420581361,0.02387815374069537,-0.01366307689156888,1.639446624317012,0.1939658612376344,0
否,3616680.476904331,3.054085586485927,3.052578244451794,2.420926188105295,2.028262275510857,0.02366265658235116,0.003855126845952962,0.6246029743521418,0.7510085715934071,1
否,4192079.229800632,1.089558570465194,-1.265154758413976,1.235271771543346,1.675619659871601,0.02359641241405179,-0.06152234356220059,1.174476083270704,0.038288447047560445,0
否,4933076.439599138,3.019191186223942,-0.2981129539134282,0.4444732000058464,-0.2552565138090482,0.1436471610655279,-0.02061966734820436,-1.436523104257546,0.08104165716614752,0
否,3421344.165317012,3.186281100219055,4.648666059013838,2.171052916143875,3.582262016536821,0.02418068182871917,-0.01630270023252904,0.7291968659586641,0.6845911912918541,1
否,3305436.088010447,1.021470185810445,0.2518980088663986,1.735449965527463,-0.9859772076221657,0.1090885350285663,-0.01572677220782622,-0.6863548119299798,0.02198018904169788,0
否,4438486.002001637,1.861269330935442,-0.284951286478196,0.7803589326453658,1.349385875893313,0.02480395896668376,-0.009233701388489926,-0.07810888120006869,0.5566573360506818,1
否,6033371.163611914,2.1456620286529,-0.1323068732300883,-0.5902211412534129,-0.5125257207399286,0.02583572903451174,-0.02712732487444397,0.4222831179597301,0.4624219334752471,0
否,5632579.849227454,2.122004781807178,0.159392679487401,-0.8677540958411509,0.2986998676369369,0.02308023472255772,-0.04400977649567484,-0.3699200782491522,0.3831311229992697,0
否,3466070.162529862,2.756492605643067,1.097302878638031,2.147227569247075,0.3001282955116752,0.02270362001257938,0.01690083829953639,0.6420900717871378,0.6499825906465192,1
否,6672304.418202771,3.201829423175679,-1.177191931557328,-0.03827280631374175,-1.398118578972519,0.01892286701978424,-0.03104161526584439,0.104774920776186,0.6093137896170162,1
否,3436783.727067722,0.968181599963675,0.5053773335725469,1.690988722250689,0.944407715793613,0.04313711929171184,-0.0224649468747736,0.8896338179797983,0.08320421329822258,0
否,6520277.795142687,2.059117818074567,-1.270267786293429,-0.1078304546979938,-0.1164803149975244,0.01994299515162103,-0.04700697972474002,1.116472637162436,0.28300222394593216,0
否,4348398.365893461,0.9995584578683936,1.268418622058979,0.7839884997188155,0.528892547692209,0.02734736382740487,-0.03271963916150936,0.09558491587873486,0.1947846987417112,0
否,3955080.286107584,2.005269493414238,-0.7775854933631684,0.8359175239970399,-0.2586069264152348,0.03325889332309612,-0.01869599271902236,2.052818696304587,0.0875091331741494,0
否,5670734.171048421,1.030471927633832,-0.03999294025538472,-0.7164458497547952,-0.8041108969016382,0.02578996211660605,-0.0234414661232763,0.004210630753363415,0.3624067024352935,0
否,3314616.499241071,2.126027406310792,4.843580332762099,2.31523140702945,3.37410644174687,0.0342701583815458,-0.0221059854600354,0.5301765400011856,0.45660349097237,0
否,4536033.782107776,2.193317665663868,1.521331234167682,0.8204442343274962,0.5490190501968438,0.0260074167296502,-0.03235186316882911,0.1073818953824495,0.3244530250087613,0
否,3878130.06008795,3.211632463410871,-0.1918317569471715,0.5162054056024107,-0.8253908748261434,0.01967410862493746,-0.02045931651354331,0.9871152945825422,0.2187733246850729,0
否,4623765.719864643,1.036876407234493,0.863191900830062,1.224770022122352,0.4324858132778329,0.02100665622317281,-0.01794271276459681,1.418442815943806,0.2543773828889587,0
否,4474011.944337057,1.004185859584901,0.9863903947541002,1.182341780582578,0.9561267087394627,0.0237177336779734,-0.03780986049830605,1.249582350315403,0.1297391239653766,0
否,5292527.603187107,3.856920524124171,-0.4578187953436741,-0.1181253574412558,0.8980254862981252,0.02761342332984706,-0.02557085812200852,2.063469190497105,0.4034711522132457,0
否,4631305.658028288,2.742153815501747,-0.5892431080413796,0.3946803699927911,-2.428017685271735,0.03098895239484535,-0.03761327702815948,0.9475371434744859,0.07420106509342049,0
否,4507247.17777898,2.15193277045138,0.5559177381920244,0.6893860017120595,-0.2044680367019528,0.02364387817538087,-0.01285500057652891,-0.2585948051716569,0.4885888599131112,0
否,5874473.674350258,1.073481381064776,-1.229709792303297,-0.1532401612353698,-0.2870681056196909,0.01890901144523417,-0.04441973919373382,1.022253064894777,0.1606530260405334,0
否,4591233.184556599,1.075139603499986,-2.645884658777276,1.275301151444233,1.843156474335626,0.02294576068028989,-0.05095070715555147,1.245177460620817,0.06812373589692945,0
否,4777314.346162295,0.9238367219682183,-2.412167401512115,1.269061358334256,1.179562439333278,0.02129020076019685,-0.01406146053696446,1.67977150763117,0.2308755225607434,0
否,4020720.097217225,0.9632673722018438,0.9880185065001506,1.150762463304569,0.7580603256180366,0.02156587777940789,-0.03007323642650185,1.499208194318036,0.11526540752481292,0
否,5614297.892335838,0.9422127494648873,-0.07537554072675454,-0.7388857087605846,-1.338509863727398,0.02072224957478427,-0.02720497539800673,-0.4128326090674898,0.33956576231135954,0
否,3216030.034722106,2.767588728014076,1.385145840072324,2.072570262184519,0.5873488085147301,0.02281380441618704,0.01997420254416181,0.5293357014389085,0.6816344749124449,1
否,4154498.702309541,1.039169073757615,-0.631367979463805,0.8473786065808073,1.425373864022366,0.02331043726611064,-0.006103588625557786,-0.0660305418549231,0.4625845624798762,0
否,5335276.989158187,1.066299769380706,-0.2927575131000794,-0.7830446789730816,0.02026782226905094,0.02266636401193213,-0.0286383538398256,0.9133689085186449,0.23871449133988681,0
否,4558410.307680252,0.998219435206004,-0.3245245962444422,-0.2207520314944677,-0.3544020587615863,0.0194275284291924,-0.007400061733049846,-0.6197776779598042,0.471433409548314,0
否,4177839.681125623,0.9336761198258865,-7.929577750689905,1.314248773180151,1.786396117211015,0.02061289629122691,-0.01216278511671112,1.538587959627469,0.1080321576472032,0
否,4373865.966118663,1.813587903452802,-1.089981480048433,1.088787844549036,0.1003387240218412,0.03643989020137783,-0.01906877753384431,2.077047477891199,0.10565720861674378,0
否,4751347.742102388,1.00237939408302,-0.4463062885143409,-0.3637553635222698,-1.025661171558934,0.01968320003951963,-0.03696967978207608,1.084870022849475,0.08561576920422444,0
否,6038129.83670002,1.839958166287753,-0.1519351241322293,-0.5289160101547877,-0.3553911955900254,0.02498526651812234,-0.0234232686124696,0.5995533510312474,0.4732330034656545,0
否,4323512.929945756,2.138885879113965,-0.4881882359760363,0.7577251349294051,1.23356774471848,0.02468913192855365,-0.007016141440530699,-0.1157140091742148,0.5741251887848379,1
否,5031685.560095008,2.829163407695838,-0.3162210659345568,0.7816224493813313,-0.4004505999277536,0.1688098412893217,-0.02107507564875843,-1.94092327367977,0.05215293183695149,0
否,4832863.437512889,1.92365199673511,0.01619840510431207,-0.7207677868237212,0.253901006008473,0.02172735997278376,-0.04171909041978579,0.001419778392240335,0.22678255107275883,0
否,4016636.350857668,1.929136070194246,-0.2580762382787267,0.5796109884562765,-0.2667292275155863,0.0215585942790708,-0.01365948710195648,0.9942106393194812,0.22740040750072363,0
否,4658571.168990656,1.935688896807897,0.2342342420735588,0.2108588161823998,-0.3835814285460491,0.01999666050888126,-0.01032750219086704,-0.6016698937779472,0.5603709637762233,1
否,5141719.678089962,1.012092234206931,0.05748265558750879,-0.8568268496240303,-0.1855130500266246,0.02288213472864755,-0.0235406048809036,0.94909655734709,0.2434928404338297,0
否,5461435.806341932,3.232102901948945,-0.08623401475640992,0.1290997892408486,-0.03627006860929019,0.1044697212908351,-0.03134019161887962,-1.358537443223164,0.20339671361233674,0
否,4963001.886836034,2.92231433361758,-0.3416836731361423,0.8164779714705657,-0.3787211299550108,0.1764491671777967,-0.01731084976218689,-1.912875144785082,0.049662371938207724,0
否,5486913.088743618,2.166317334268976,0.526831804756369,-0.7861035119893621,-0.1444311781978778,0.02185018685982187,-0.02335138978948174,0.3351600560642272,0.49429628201282116,0
否,2841072.971813071,1.098417014353079,0.6443604723298636,2.597557711626273,-0.9778397695412475,0.1873324784106801,-0.01077130808687251,-2.161906424773396,0.005883014989804625,0
否,4891689.737638579,2.794182784213762,-0.4036807724675279,0.6814281914839715,-0.7316498294846737,0.1521866053015237,-0.0233679011086583,-1.28010663214001,0.04177966314564714,0
否,3423812.299400726,2.131490409413907,-0.1667530641479076,0.6470407397632438,-0.9252460656683018,0.02656457693220949,-0.01708983869673832,1.231448306958864,0.1003669372804281,0
否,4063530.604767561,2.099086817393641,0.8820024293913123,0.9777704983485455,0.7243742784247098,0.02209319603986474,-0.04970483508447495,0.2946907194267727,0.12581742435162502,0
否,5037072.805870155,3.193200355107171,-0.2668751670587498,0.6681172588248762,-0.3063950488442915,0.1452639444493679,-0.01781445513586968,-1.759724929745758,0.11377516552987625,0
否,4648644.063284487,0.9026169976175192,-7.451259364835384,1.343430885356271,2.079010792699509,0.02312292364366881,-0.01419716319970754,1.713353163084123,0.1372197749105711,0
否,3842113.301828654,2.056296761092414,-1.192560824985834,1.162849355403254,0.109911808569347,0.03831103853039712,-0.01745549897681661,2.218286982156715,0.0759844302160201,0
否,5654455.043491439,0.963968911324082,-1.280840732104043,-0.1906259505603868,-0.3339145951280655,0.01803488506681988,-0.03932658725689474,1.102183114618482,0.15858325595249498,0
否,5080524.846249039,2.147858742516748,0.304131399727202,-0.1356750729344645,-0.5058745720421249,0.0740262277265895,-0.011999061722732,-0.1569079530796506,0.25497350026779936,0
否,4798217.032155549,2.14589923103632,0.2836009297719742,0.2961689171380383,-0.3925767255037422,0.02224678831581332,-0.01109338469333839,-0.6861848864844524,0.594164275490229,1
否,3869967.35012306,1.915933279110012,1.367287255699325,0.8356981377054916,0.5051932659971549,0.02546968750656415,-0.0307391905040169,0.05270728275511329,0.21996077585292656,0
否,3337045.36230811,2.761572637257748,1.812062256591141,2.065544185204993,1.10258348183396,0.02317673441459824,0.0171602550036299,0.5292322357775703,0.7204908921254489,1
否,3443736.871565584,2.00276465151572,4.576610453248897,2.229643501975275,3.388022167141909,0.02294994444525976,-0.02319554346858914,0.8485509040749415,0.48263756617196923,0
否,6566523.373643206,1.098796203361282,-0.830479831976484,-0.3693781246889183,-0.5662047056987339,0.01931043557709124,-0.03642743266066604,0.590653235932234,0.3545850884837818,0
否,3286530.896814344,1.05254589284178,0.8109983649850863,2.894688095522014,-0.829974270923962,0.1723157548800588,-0.01408923965421626,-2.026035023457065,0.010347476132445644,0
否,4031067.853195687,0.9324706906185751,-7.225608480086689,1.278200706577799,2.061028975025467,0.02125726527911832,-0.01254476019658761,1.454566073307328,0.11704868285153454,0
否,4765512.54110203,1.936728662649494,1.070300689478054,0.9626545104603422,1.147164471885724,0.02287570623187354,-0.05763851787903115,0.6870641498504718,0.13356978001651795,0
否,5086693.084564825,3.198501512891,-0.3224714107199738,0.817027258346829,-0.3151676910519586,0.1754666167163987,-0.01723189542243603,-1.855559110927482,0.06135235645002518,0
否,3080738.200899678,3.268249685523285,1.250291620700396,2.34079961985207,0.5172250301944876,0.02316768890666011,0.02427051376937746,0.4458868018069288,0.7381092401502098,1
否,4187356.81989531,2.054705305926934,0.989873818757244,0.975929853298341,1.274117485413486,0.02429103924352696,-0.06017677197623572,0.8564269669907901,0.07843430640359607,0
否,5141657.800065202,3.183821267956522,-0.3518050493919556,0.6587880150493343,-0.7016186842754963,0.1546416481878734,-0.02302109200427933,-1.550544729225,0.06310516800308161,0
否,4808159.480555004,1.975571161781059,0.2000749526077425,0.1260626891963114,-0.3879424232809548,0.02384888565885981,-0.009768392965731865,-0.6335977544537366,0.5754469104613471,1
否,5967643.611485616,2.898192651248142,-0.4095685657670344,-0.211734331963853,0.5918934754950039,0.02706072437797823,-0.02249250297653309,1.643337950489933,0.5033044879581969,1
否,5373228.568396072,2.813290250483829,-0.5253319489594672,-0.1194278705268409,0.7939702420401928,0.02399080607578162,-0.02569098024425915,1.724630767996437,0.37236583762031294,0
否,3123387.702948115,2.766855833487324,2.929641912569612,2.317746534055729,1.83867182720143,0.02233128105770782,0.00591913702367011,0.5102855726575576,0.6730818588891526,1
否,5153716.829226411,0.9039074698669367,-0.07318184313971456,-0.761728085477232,-0.09798133900170647,0.0215648982823898,-0.02413523325092699,0.9700173065581394,0.23904923471636436,0
否,5343761.458301279,3.013329671340635,-0.02165373083914099,-0.3694596001131989,-0.6902357422458056,0.02223101708959374,-0.04550825215153121,-0.004253287747547356,0.28495221202248444,0
否,5034406.116047536,3.152424004945044,-0.2777331321052297,0.6222304604951157,-0.3344126651577771,0.1603051391753903,-0.01661051950565089,-1.689363174059419,0.07959165600206013,0
否,4214765.417661938,1.014206915615443,-1.956055505925158,1.125458319955465,1.788713522070637,0.02215920967188703,-0.04935135592899859,1.077424215008738,0.06492376525517994,0
否,4755711.231546122,2.010369023613342,0.2751569822866558,0.254652652965217,-0.3881603416540424,0.02362764886528319,-0.01051862741020034,-0.691287605793007,0.572023905073567,1
否,5138927.327076645,3.01772372900847,-0.08576246906657191,0.09082333288383805,-0.01705243004260799,0.0951884241816961,-0.03065661744379421,-1.439950544082189,0.20170867553095229,0
否,4589654.45514829,2.051349166757039,-2.759913602760578,1.050728752647407,0.7910062953715087,0.02034191215227097,-0.01173514694686478,0.4327218236033026,0.4064123280878685,0
否,3345793.43777888,2.989111451350309,1.195329759701427,1.977415532473651,0.3454978532331644,0.02436654834228719,0.01713697684197618,0.5796039460364407,0.6549387505905724,1
否,4255398.084714933,1.018225902421212,0.5444430825516416,0.8986100080749896,0.1703539897798607,0.02189972354870908,-0.01261939142671129,1.005554749284313,0.2524667399593755,0
否,4983892.290713509,2.907202763937305,-0.4795495941516316,0.2113406386457187,-2.296098174111032,0.02115433969283314,-0.0440116199335105,1.004010059174882,0.09952702192345465,0
否,5787367.163656202,2.040999183975102,0.2183948975346552,-0.8655161022859527,0.3513549420524154,0.02273877591101582,-0.04219352136270575,-0.5600823937287983,0.45454861434958554,0
否,3066057.747542588,3.201642497321538,2.626063094002041,2.279965293707996,1.739502674849743,0.02291268251961717,0.004510977049794193,0.5451737411417644,0.6613836305971156,1
否,4695130.928836508,2.055515488645171,0.8094823877819964,-0.7874639422612469,-0.4751287551097003,0.02201155923102541,-0.01211682819734051,0.9081221344229066,0.3787914138183107,0
否,4734362.08952783,1.868362356867562,0.5400326507934563,-0.8400764769469387,-0.0900225653459019,0.02118385009209458,-0.02782455045090527,0.2285655610639057,0.3056047819572286,0
否,6607158.425566864,2.048125739654005,-1.418050556295003,-0.07937312617339748,0.0666004586440056,0.0198162429647398,-0.03980822029200815,1.29907762378681,0.3575686300702509,0
否,4658185.155318223,1.085881845573087,-0.4025524068469333,-0.5953249018656827,-0.3861031629641921,0.02267768124379953,-0.03080808462540077,0.9027399595123604,0.12959857001596736,0
否,5904504.034307519,1.096139032890609,-1.473564357320199,-0.09155392641562655,-0.2252391992645382,0.01975930546308149,-0.03962332723527769,1.169826284729665,0.18073884672093438,0
否,3670929.270021111,2.026632776982396,0.7142719811347842,1.849447064669012,0.9708969515805247,0.02565787760602031,-0.01592541509123383,1.220517938050987,0.2336494764172148,0
否,4677278.307602574,1.015841399634366,-7.391393764300644,1.280632534786105,2.003050119123986,0.02026485477764732,-0.01383322464973266,1.688025121335899,0.15592487490614018,0
否,5746630.272445606,0.9643775349283783,-0.3575949114273596,-0.6498825463904674,-0.9629544222161389,0.02240195408824194,-0.03048557748258073,0.003317527176064663,0.29648388134800324,0
否,6410850.979622875,2.871109281242376,-0.9673348542508062,-0.09786349776774951,0.4345152890859711,0.02344805341623457,-0.03281029271682658,1.769730655435757,0.44225244068081077,0
否,5933698.461973504,2.039723757080647,-1.453449712197391,-0.05543332713046373,-0.1367440676291632,0.02041581031098608,-0.04015509334409586,1.305446418810322,0.23081208889114002,0
否,3706244.675079811,2.748206214771618,-0.6079684423994945,0.6093428960861339,-0.3737701447038488,0.03127900787057811,-0.02846595102172075,-0.5592904581093173,0.19472280339598927,0
否,4770821.784277793,2.780061525782752,-0.02497155403951525,-0.4476957071844503,-0.6608252863918745,0.02213274336744444,-0.04438424665986201,-0.003761098847604861,0.20101006222215415,0
否,5252440.888300558,1.823342943126488,-0.5212818454893674,0.08769284796614525,-2.165720826360034,0.01949248289688327,-0.04227740411131646,1.196977086874155,0.08733035553421649,0
否,4301309.338983613,1.052766960678359,0.07007747952138306,-0.1778698601792935,-0.4423275929145405,0.02095388503773638,-0.006749722189602158,-0.6177283308276108,0.43354615583595085,0
否,4136009.878884234,1.860013162504635,0.06329969235436923,-0.2060739586888835,-0.4592268590964802,0.02235324774921613,-0.007935030819958281,-0.7438829035951473,0.46933639733038673,0
否,6408667.811573809,2.742625053833864,-0.3814514847352156,-0.2191320823399125,0.6330503309255058,0.02328535846926266,-0.02373616060843254,1.752138635238788,0.5729464715860038,1
否,4815232.704657737,1.93886959201243,0.9141685650126568,0.7808317330544378,1.116591816673396,0.02127652677679722,-0.06484792499226315,0.5619991232815994,0.10957089571056525,0
否,5210147.99928875,0.9217407927763153,-0.1212431442215964,-0.8414024632706568,0.166596979362993,0.02274910912455172,-0.03728551993422345,0.3639215433147934,0.20254916928724787,0
否,4668411.914145015,1.022784266788344,0.0942335697867685,-0.1652783175039812,-0.4058122344591371,0.02343103440396367,-0.007511286615897208,-0.5207576591345868,0.4675094610714852,0
否,4624063.671003877,3.27760523042168,-0.1870732176733827,0.2779008686832818,-0.4001427639299417,0.0962318511898961,-0.01304417077106847,-1.298313591635063,0.2501905009497599,0
否,4523284.377406144,0.9785182158089377,-8.301971304456373,1.546237396681194,2.012848621790783,0.02095402383499905,-0.01321476720525101,1.633981966068684,0.12869596256567595,0
否,3384516.00628402,2.176846075133102,0.7241101215540743,1.806332566050756,1.101407715283408,0.02226357542874672,-0.01581877552234847,1.051228420014981,0.2440250133396473,0
否,4155970.204680243,1.866495457510121,0.8393353298414075,0.9609382733015186,0.8042594507091979,0.0214741810046642,-0.05280685255027904,0.4943078565024751,0.10366388878857931,0
否,3485367.013815715,3.085630593059137,1.287794259377989,2.022574424513543,0.4121951375024648,0.02422308301343256,0.01795430095691678,0.5670813891845529,0.703969239343945,1
否,5236998.540518845,3.265233651981903,-0.3302333432829497,0.659933903594169,-0.5966796213740121,0.1577720609941146,-0.01968786542488017,-1.674256747588587,0.08110171808746812,0
否,4522611.977989659,1.966223017584417,0.4521054112479541,0.2842511670968582,0.3362260643968674,0.02378690746077087,-0.03699362987936234,-0.01743982517856188,0.2378956595366912,0
否,4851807.260999145,2.710505421797741,-0.2591905876962115,0.5157338880859625,-0.3778784229130944,0.1291137025842979,-0.01761078007395468,-1.552790366165481,0.11165591213604881,0
否,3589850.203791958,3.283791077152079,-0.153837637746738,0.3797948766344553,-0.8285696035465953,0.02267922468991101,-0.0255983847712912,-0.9816821251811938,0.30213375013980553,0
否,4788840.744473233,1.044827500125369,0.6727419273526697,0.958207876218489,1.502192778466599,0.02268732008597493,-0.06831792561737782,0.956511447401652,0.06052989958881264,0
否,4653572.93844918,2.049820408783708,-2.78902718057974,0.9193939703177735,0.6923000793801136,0.02125967535289049,-0.01293488199732043,0.3455400165685897,0.3996296770859261,0
否,3670471.628271594,2.160048183487213,0.5090985810452047,1.450001708745697,0.9434935711450496,0.02374213724449242,-0.02203665437613287,0.7927305250623278,0.22978610500225352,0
否,5010414.350090913,2.148645696990691,0.6047870330871402,-0.4497612802217116,-0.5065201714529204,0.04363572858759292,-0.008914395334158573,0.5422075812633187,0.3788872229145743,0
否,4460852.00250026,1.9336797953929,0.7982881892270351,0.7289620767711025,0.9977414213893998,0.02160638147908357,-0.05986941996923394,0.5002873861936439,0.1020109069571592,0
否,4547320.550209611,0.9396262800017241,0.395066214615423,0.4246701149018545,-0.0555460324052844,0.02302763494422897,-0.009650409965756298,0.4043250465296807,0.35239640859285565,0
否,5308455.009999991,1.966410839747994,0.2484894872494222,-0.748982527940917,0.3382679277591181,0.0214986639551214,-0.04151467609074191,-0.5549647960971492,0.3752642506623794,0
否,4567669.626228993,1.002068632316252,1.013698304656579,1.230267181169345,1.132618392463689,0.02159656938335768,-0.05612789481691434,1.059846569530714,0.07884633935771904,0
否,5055994.471634595,2.129303338625411,0.5508674982469647,-0.737008630191051,-0.1045468908967088,0.02214107494290614,-0.02611928488182206,0.2362088743186663,0.3938900064661606,0
否,5205690.878456611,2.017641503737226,-0.5137799324939429,0.3075421968351751,-2.704848135240423,0.02033726558680993,-0.04136149782836553,0.9260814979603704,0.08848002244368111,0
否,5788357.422369508,2.133402838219374,-0.2265785713313669,-0.499785265033967,-0.0578535228350612,0.02517909389296764,-0.02650545605436365,0.8169992592947167,0.414488514163178,0
否,3564935.820925469,3.184442226049213,-0.1725016248487915,0.3383818148420283,-0.9418937724820825,0.01941843635044079,-0.02574932492443458,-1.154866393938705,0.3153589234186905,0
否,3604272.697342703,2.718958084276931,-0.3315404528984701,0.4216931112720134,-0.6525341920763031,0.0279501705166511,-0.02728059607109256,-1.818951688025692,0.3050105232060055,0
否,3669052.38041562,1.886484666781743,1.861191482826317,1.912863124515195,1.993968309458847,0.02432286152623665,-0.02136499047714756,1.173187098492383,0.2844574284861283,0
否,6420453.598757191,4.039962512637563,-1.017456980640698,-0.01900922006782909,-1.695012469007696,0.02475354801864288,-0.02622051695023035,-0.2850876124067658,0.679855911315411,1
否,4022471.265819544,2.171755354331309,0.4359883507940815,0.5603509384372553,-0.3594810826164808,0.02093092347117236,-0.01169917051762403,-0.5583057196924194,0.44749892242351724,0
否,4059952.563098811,0.942615503579945,-7.836590196044527,1.331591215588479,2.040493410406883,0.02208557476319075,-0.01245885846821129,1.673130084358065,0.09850477653998499,0
否,3778501.521171439,2.985148811105945,-0.5402779727231014,0.641561493796792,-0.4887004259137914,0.02574031905699829,-0.02669693346453715,-0.9375910928602537,0.28913542994176805,0
否,3376767.581887579,1.085192125028851,0.5894055535611957,1.831070263348718,1.036317363623313,0.03950251396517782,-0.01959720863982815,0.9874711871182077,0.10176915886054103,0
否,5533267.556698841,1.012919950133246,-0.07801779056914956,-0.6524302234904896,-0.704137941089494,0.02209089297699477,-0.02715599326335844,0.1527806366187572,0.3119115709083256,0
否,4009925.911593575,3.276272118415133,0.4761143560894086,0.8249609355033758,-0.3338971677759753,0.02002470337788056,-0.01981330652563828,1.265446514827577,0.27030927579460057,0
否,4596111.954269554,2.957111166188907,-0.4203086136439139,0.6641134916258887,-1.108316716085956,0.1214862499004679,-0.02738932541701791,-1.139416511205983,0.05316566984129056,0
否,3785911.629362454,2.135492110431251,-0.5318469432882641,0.7996894753015055,-0.4405964625247917,0.0245674138368714,-0.01750682039341568,1.920943439622632,0.10853253497249823,0
否,4184569.07255913,1.086014953589153,-7.768761943814998,1.464664996365655,2.272537652229452,0.0222856048124814,-0.01320227299814695,1.601487097432621,0.12115992109345866,0
否,4479163.937495406,0.986300155346477,-0.2910693548315319,-0.6977097445239695,-0.01198353869679584,0.02349351373807798,-0.02594618795643683,0.8146595099528667,0.15478199069460968,0
否,4781852.739224711,1.866393157638302,1.085132393980844,0.9365907022514113,1.082093955951456,0.0244752776953381,-0.06040160386373867,0.6211949334636049,0.1151430565523119,0
否,3425574.102975322,2.987443876488292,1.044833148290933,2.001809806885595,0.2837173501972229,0.02443531779848609,0.01700429268258634,0.5990608960204051,0.6549419821012464,1
否,4345124.303408614,0.938605839769909,0.9448286867500866,1.159289746003249,0.7564350227667457,0.02012191043379339,-0.03210835231535179,1.511302787621615,0.1334972239773567,0
否,3681285.865617475,2.730026957308173,1.085284023215386,2.10926489223465,0.2809148317550635,0.02536478965228593,0.01500175308042139,0.6915128106031116,0.6420677793961197,1
否,6286553.251477195,1.019775882841735,-0.0755259588531437,-0.9127997557215813,-1.106763617555203,0.02274174234724534,-0.02454807518745448,-0.2748784060817689,0.4871018102130828,0
否,4663707.61248755,1.058410596587726,-3.46059252411012,1.125734476757397,1.89744219899361,0.02312052403364152,-0.04670564873002414,1.215791834047255,0.07781881744977208,0
否,5031957.30673268,1.91889818177912,0.3511814314074289,-0.1298769098975511,-0.5059373335766091,0.08378428947260767,-0.012256335545322,-0.1653681964289221,0.1903592745399517,0
否,5018640.596608737,1.94818954539957,-0.4474566628445078,0.3176790649194212,-2.668521255790888,0.01912849191923073,-0.03860685655573386,0.8656458487241908,0.09171778050740075,0
否,4045285.748732331,2.042685255059057,1.404056330367806,0.8017117307751033,0.8473386403154384,0.02357949625481233,-0.05096342938048135,0.3961631009931328,0.11906865331637631,0
否,4585082.793353378,0.9871677891292404,-8.237362249947191,1.42504216208786,2.363587837576916,0.02176108368473713,-0.01409279458213907,1.659637153808968,0.1403542935869683,0
否,3308789.055808118,3.111870034509081,1.194883522824899,1.875352540771536,0.2791418815025705,0.02331447485530274,0.01324565906652887,-0.141558864999478,0.6960188488803661,1
否,4382095.880402704,0.9844982639192347,0.9148549324380184,1.199254184519218,0.501755432346072,0.02374750500478359,-0.01963600902957854,1.770781200341689,0.17329973288360098,0
否,5215358.994658085,2.743563697575758,-0.01567663167028238,0.3253545746916784,-0.4020596662767634,0.1158203936857743,-0.01609919758093476,-1.124593781494096,0.17455830015655227,0
否,4788413.382663241,1.001688929215829,0.68690028051573,1.081459322475214,0.06774843906907374,0.02309801772386158,-0.01376948682932853,0.612637447162443,0.3554548441584687,0
否,4800586.029506322,0.933957282191703,0.882098012569215,1.180189434268953,0.731971122711417,0.02246603896187039,-0.03212271687178356,1.515374615845581,0.16682284065209788,0
否,4161464.429445006,2.029047959474954,1.158847279334813,0.8952343549837595,0.8842310965686183,0.02542549145799087,-0.05370134198182847,0.4563706362305461,0.1050410507542475,0
否,3742755.77106737,1.816640978871595,-0.957372722091073,1.122922997873247,0.1203755249285387,0.03749318053270322,-0.01867106209779903,2.197250584298184,0.06597244547898112,0
否,5429988.047516496,3.118797393252184,-0.2975892269714572,0.5999928711786592,-0.279774185196852,0.1596544625721048,-0.01917276960177679,-1.492770768861132,0.08783540007960836,0
否,4053256.47482597,2.138404460592166,1.059470295400455,0.9846195552335305,1.154483535700971,0.02508014748112644,-0.06295890640935843,0.8069899661170682,0.06384359968768588,0
否,4538081.49911716,1.096399120719824,0.941909721158202,1.059284645398462,1.361847039672256,0.02483670343098643,-0.07018199630497711,0.8491951422680857,0.04719782326204453,0
否,4540154.751418519,1.962344215286841,-0.5301041920169642,0.1593875345764801,-2.287764926939421,0.01979012795703597,-0.04165111474394413,1.112838387779788,0.05671692063213138,0
否,3332290.58727103,1.993256846897806,0.3539068559721764,1.253320479770509,0.6035715230018406,0.02182660088799676,-0.02541818655747565,0.09772522381879666,0.1913555622797835,0
否,3505873.758298317,1.893947314990833,0.2423943778881379,1.469178588328686,-1.03010611767592,0.1135090124100162,-0.02215769184341716,-2.53427828329819,0.05405457789186591,0
否,4958878.102339923,1.92414042750452,0.3279939023550462,-0.3501191712017753,-1.417549096996483,0.02124830793888709,-0.02145694479973115,1.161744082997034,0.22342867647928696,0
否,4709042.477847223,1.815296956327005,0.6532805241266815,-0.6843149974128612,-0.7765637374203646,0.02096857718022778,-0.00976549844523392,1.00545467389127,0.352327197729391,0
否,5293033.41122507,2.933356360257142,-0.3046063018554716,0.7823450989064608,-0.2898751239909094,0.1514903793636163,-0.02039032664351134,-1.994060479343527,0.10692004027592308,0
否,5138596.18332362,3.107007881552786,0.1398655183192153,-0.654027578954592,-0.02972289132637151,0.02015592059047462,-0.04015287555408043,-0.369610593143037,0.4176882109405747,0
否,6237816.336286494,2.76818287057969,-0.520306052247719,-0.119517399260249,0.7415617909090032,0.02382522587496812,-0.02434582793120596,1.70134203514984,0.5432917857075094,1
否,5838260.812301715,2.06105130553771,-1.274720736701245,-0.06395461576475646,0.03138588267260014,0.01907819190234028,-0.0394443480486515,1.27303607145607,0.24908707238873914,0
否,4718726.740539521,2.074033280828437,0.06925907918046223,-0.2174914842038112,-0.3463299164908638,0.02004945997273358,-0.01096399594681105,-0.6230683718117991,0.5746012825128336,1
否,3237803.312471307,1.953346470433742,0.7685344280597092,1.751997295800488,1.032279820349762,0.02388940718767141,-0.0107374084854164,0.9891054225318912,0.2451171914742756,0
否,6099920.199919336,0.9274908358443378,-1.282520484636632,-0.1728998079934377,-0.3071237913898005,0.02054311838459797,-0.04525104489612206,1.06975446645933,0.16031860627605796,0
否,4225290.684695994,2.194444113544544,0.08780535667732745,-0.1419482918142368,-0.4341912116287435,0.02229892640368261,-0.006965595697507155,-0.712554881715615,0.5287643853435601,1
否,4575603.470352788,3.146355812037552,-0.3522290765582191,0.6562308730673555,-0.7730466699182239,0.151086932430851,-0.02452234899819427,-1.54106565457647,0.041319460357914256,0
否,3553204.839529691,2.121321106684808,1.255809447549356,1.581274559346209,1.765211513433309,0.02574840049021274,-0.02265900030417182,1.08540901230921,0.24110630316664217,0
否,4061915.631581549,2.005977259073418,0.5064261032899886,0.3420188869861659,0.4111397514986484,0.02082259712851551,-0.03446058667908847,0.008562143505740154,0.2168517081363146,0
否,4603127.468689791,2.099988255482164,0.8197253234893338,0.8507470267844496,0.6287424203405646,0.02096205643373936,-0.04709072034285753,0.251066236052525,0.1970190108047402,0
否,4397793.560349934,2.195618125597996,-2.914760299753011,0.949813184539248,0.7102014621477291,0.02261406469434106,-0.01294148186982594,0.3234457331876832,0.3584753866063721,0
否,3582424.070091175,2.748832005583562,-0.5590911532796242,0.5863371980630336,-0.4599792301760706,0.03118971915326625,-0.02687189656239317,-0.734849775346031,0.20161881278401028,0
否,6675614.215167912,1.967489648657473,-1.181504752659654,-0.04419823836224794,-0.9828282456129371,0.01898925449784084,-0.03356283534397892,0.5165498795928034,0.45077891057423064,0
否,4658659.306976073,0.911258110697122,-7.558192489612586,1.224341279948122,1.968903370761506,0.02026324702366202,-0.01267595746079706,1.592530647658209,0.15683641808050977,0
否,4968854.812912473,1.067676610345354,0.1843984425434201,-0.8418058211095073,-0.2454421106568432,0.02230354878309695,-0.0191608016294844,0.9345810002769606,0.26452197007861084,0
否,5256002.468049299,1.066161354924234,-0.1221130098860471,-0.8728131967775971,-1.008056256506484,0.02202212576868204,-0.02851626376444318,-0.2188569437938105,0.274003820021021,0
否,6849303.778398764,2.115264675974651,-1.567525543993379,-0.05976357947777135,-0.2332850296015608,0.01760127077729574,-0.04245858763989861,1.096048656612885,0.3856842977510025,0
否,5555094.348501198,0.9934291056255853,-0.1181024344287729,-0.8577769059303675,0.1599193792047007,0.02331313854775246,-0.03232094040994929,0.3547515711328374,0.2953988775714982,0
否,2874998.222286405,0.9826528216589674,0.5877429002375238,2.282346482068522,-0.6377195759517941,0.1389732767485172,-0.01716403727952654,-1.681778926675238,0.013085023448055963,0
否,4487670.710784113,1.904585219068888,0.3060585640550441,0.3022846338711575,-0.3474121317260163,0.02308513637583674,-0.01029495774513906,-0.69771456297496,0.5233851239469249,1
否,4015228.938851399,3.099042297059008,2.356885964186468,1.340387666194368,1.300631778147543,0.02324953536879142,-0.02037458325753166,1.158690303769915,0.4293426887318837,0
否,4507585.278468917,1.006324136923197,0.9612234675975478,1.289921267057682,0.465120456852148,0.02289598667886229,-0.01476406734189448,1.454908742725643,0.255471415112897,0
否,4349340.674292932,0.938219704552033,0.192583414897531,0.02361338152699775,-0.3120342286084848,0.02099138415236594,-0.008593077772987363,-0.2385408725616535,0.3835258193882887,0
否,4202348.572274042,1.865187423317011,-0.1912202574541196,0.8890667208741588,1.235541607587823,0.023387040344365,-0.01009664301138011,-0.06649425571465625,0.5052549929330725,1
否,4293464.93120566,1.040335188661923,0.9259664774894434,1.334649889692225,0.669170389182368,0.02005250317408328,-0.03241913654111184,1.40395695604316,0.1346180984717546,0
否,4990909.759617309,2.796554992926858,-0.3312683670807502,0.4228971285241337,-0.2421394203147881,0.1262292349134497,-0.02081524950104199,-1.224711422315351,0.10611514566944001,0
否,4403524.460901512,1.022040431992931,0.8604956495091839,1.12896873552147,0.6855636245002802,0.02001896021683443,-0.03052177963191221,1.541867861240206,0.1454315118692171,0
否,3038482.70796457,3.27006091543354,1.229805959608247,2.135697099265539,0.4332656981160286,0.02202543514530437,0.01964979678670134,0.3654410573451966,0.6960056786926866,1
否,4600910.331120039,3.279989527097505,-0.4491079353864652,0.2189104121835662,-2.287283333272764,0.0184109664604923,-0.04466095843952304,0.9631617320864775,0.09262409932355999,0
否,3475990.704760259,1.877157275016333,0.2796052269360773,1.33793108595635,0.4352766958628125,0.02238843478917136,-0.02261854887618804,1.291096954621684,0.13060344775257693,0
否,4797408.602804306,1.01982480740785,-0.3635162733595022,-0.4913078349441976,-0.02168733890858691,0.05223552606225768,-0.02814621321587787,0.4063808650847591,0.10895338023976209,0
否,4936115.427906483,1.975118775164048,-0.5053374730152491,0.3007407404477693,-2.654362633084396,0.01934122743607913,-0.04099049561355147,0.9578596957910138,0.07537998705216675,0
否,6181652.895953718,2.099297769857216,-1.553080386799883,-0.05199960547782743,-0.4255043512853256,0.0201343271069421,-0.04347822496621907,1.008615272966728,0.24848101536594402,0
否,3629295.216733023,3.04822893851801,1.129171833013587,1.8879552603117,0.327536749021922,0.02188892611426882,0.01928001956067628,0.6288452774408,0.7306212403781603,1
否,4514373.811886786,0.9478254644529812,0.1839767307844661,0.01055137632380935,-0.3196084020154177,0.01986944067248345,-0.007901455211329123,-0.2550508683368851,0.429915957288613,0
否,2793322.909413555,0.9515861689620353,0.7314290465880332,2.584402005886999,-0.7073431241646512,0.1340225731806843,-0.003705372635030727,-1.569083202205541,0.023960154359077553,0
否,5368106.80303154,2.075256047076284,0.4823227431170241,-0.3452585741658287,-0.5005967633784778,0.06002759805991328,-0.01146003233594406,0.2458324968917133,0.33987030386441974,0
否,6172637.95945904,1.863136445946771,-1.005722345840095,-0.08764578897515439,0.3214007367135991,0.02341892014120684,-0.03628001844008111,1.63139983677066,0.28318722701048943,0
否,4895356.616404248,2.051718894059121,0.8244126544346786,0.8337606171551945,0.7363168085630017,0.02099333858544712,-0.04672884625860368,0.3602292299676041,0.23093367330042347,0
否,4542366.801092029,1.062788774033018,1.032717268145021,1.174925497676059,1.284134150121423,0.02121018377711431,-0.06757792789516995,0.9032081414685167,0.05528190126781247,0
否,3637831.719541415,1.894227759434862,-0.5705991648163555,0.6901106664498929,-0.5059261247116317,0.02598912566464049,-0.0178264378426899,1.686160437311424,0.09295101476655691,0
否,5656386.792683288,2.043003718935378,-0.4821887837874226,-0.4276740841730644,-1.498752650868644,0.01975317741731097,-0.02825571936338999,-0.3475456870480212,0.4066239334946367,0
否,5413460.925384415,2.187253570752822,0.2663136239723846,-0.7614443894862756,0.3192930311263059,0.02257328825285125,-0.0387048055315172,-0.5289424463518925,0.43470864197310155,0
否,4381969.238581755,1.810720729672057,0.1994004546717747,0.100910653981346,-0.4343729393185421,0.01965779146754417,-0.00918465993753601,-0.7449407354978804,0.5227845367854232,1
否,6025711.512094745,2.787584292744759,-1.35183835952943,-0.04749371618327828,-0.9651796772214462,0.02085509619096365,-0.0372176478160051,0.5163479202453282,0.3518722934228141,0
否,4793456.699006862,1.097749052593636,-5.453726640391838,0.811082684253635,1.212542589207028,0.02077374444007434,-0.0101446413500308,0.774400013505181,0.2771689881159791,0
否,6723148.716255035,4.156742842437527,-1.026952699065363,-0.02134996039005373,-1.796008936209169,0.024374776600175,-0.02850305376046451,-0.2714248654735367,0.7090635139870377,1
否,3999627.219786285,2.731706603369206,0.06555803370747983,0.4584505231241506,-0.6778968303235553,0.02435088602826983,-0.02661889827253382,-2.805497480558519,0.5306831571616107,1
否,3511626.337307134,2.951264669647667,-0.09342911236018685,0.6011943034695334,-0.8322394586369438,0.01878407854591109,-0.01497546964301228,1.31832296917463,0.17953255161620194,0
否,4122674.491296198,1.822570982735551,-0.7490639276632864,0.8661093568519391,-0.3359679129953941,0.03194696702598002,-0.01759439494864289,2.009407694672985,0.09944067551081545,0
否,3201535.498159264,0.9836796624858045,0.548910212603772,2.433954909168444,-0.4135375040809241,0.136058153975373,-0.01742478179373519,-1.36230017934076,0.016398070489386758,0
否,3563593.717381392,2.729260427591732,-0.1982246229206008,0.3199271363459275,-0.8901890814836144,0.02111173949512496,-0.03358399162268279,-3.019088356609644,0.3891381982030551,0
否,4664237.642902194,1.821917111830019,1.428691036527174,0.7976944194832344,0.913570962263093,0.02314402183344772,-0.04721275026223962,0.3569454363292797,0.19908785818506133,0
否,4258650.309544793,0.9763126592143929,-7.012113070223187,1.533344424586024,2.35612738786155,0.02224994607615348,-0.01945147152586915,1.654531194324999,0.10593385215972187,0
否,5067608.494997375,1.03252819849272,-0.3889247194252149,-0.6861121322335257,-0.2815589788301624,0.01994181193911792,-0.02947482094649288,0.9334180870497478,0.18782403474437406,0
否,5331023.119878082,3.156018549207279,-0.2991185733597587,0.734140484892119,-0.3265971278977965,0.1667731665265502,-0.01887014411713099,-1.940813551029318,0.08539480848122977,0
否,3652257.793728662,2.128508371641555,-0.2503887095507206,0.606926500900567,-0.6200074023341112,0.01910939465653654,-0.0155941008191039,1.182693950321859,0.16090989165858027,0
否,4887390.889997425,1.881229549697946,0.9374003065200953,0.7849901888991307,1.160782374955128,0.02486025189518678,-0.06145683612253517,0.6520595780247406,0.11656730472151804,0
否,5076906.763892991,2.077382189732674,0.2415587865039057,-0.01029381981701538,-0.4924348514206926,0.09190116445206006,-0.01412300268967666,-0.3609545036687553,0.17298819084174547,0
否,3113955.932040262,2.743665868495002,1.263886988617937,2.074899637599027,0.5284646553196417,0.02431968743226676,0.02405504015445398,0.4667625832315906,0.6929465390348555,1
否,3215866.226745956,2.107369438922197,0.2843236690661911,1.212628742726482,0.5031370471953421,0.0238419073168173,-0.02258181045648576,1.304478935976519,0.11651575485331231,0
否,3484876.85358087,2.851646011378833,2.764058306022735,2.476785965787181,2.124408523176986,0.02206644513625771,0.002627729310324889,0.570510385119529,0.7166309502792445,1
否,3238558.133065895,3.12371663221564,4.467145720614778,2.240667739085505,3.531462022567723,0.0217850017292555,-0.01924332512367836,0.6963593819748968,0.6257380293454615,1
否,3547720.61753477,2.168330080564152,0.2853894255198879,1.333700536846565,0.4064714859997913,0.02109711544183555,-0.01966532739068107,1.278374138720677,0.1727734902599211,0
否,3697044.068804854,1.947671554005288,0.305526960770796,1.225008021462015,0.4141422245085872,0.02227882748877993,-0.0230157599381477,1.337811562492782,0.14876455263939686,0
否,5307550.344115774,1.948718696223115,0.3913103988721858,-0.8527047317110978,0.1409808953593088,0.02421696493697682,-0.03604153401047305,-0.214917612472082,0.36702528732227563,0
否,4097610.199087925,2.078409949491818,0.2795688558835782,0.2542917997844656,-0.4144694568828131,0.02116780974224701,-0.008746759066507433,-0.6044419839840041,0.4784275654460853,0
否,3703968.353638252,2.190979769202733,-0.2265446559757072,0.6001046615645841,-0.5217375459080024,0.02228522063840917,-0.01516580980630879,1.236832267477498,0.16234118374501175,0
否,4638826.201162236,3.161365670498008,-0.1463150606922337,-0.2053273892314363,-1.26510025322892,0.01994938174405712,-0.0454745575064257,0.3205032396168985,0.15509760722225724,0
否,2995936.195997454,1.088013565555711,0.5706988942642361,2.142802377080483,-0.1758787639220603,0.1087461976315896,-0.01709773370149779,-0.848731925348045,0.025118468409188886,0
否,2746224.787629727,1.054413320392467,0.5894269700251881,2.759756936324336,-0.9962604619760361,0.1560006384489686,-0.0135598735026674,-2.036110046343274,0.009861022359626655,0
否,5012130.241542066,1.999268867669405,-0.4630191341347455,-0.06155329762740614,-1.604640224922732,0.0214041079874321,-0.03655516579893688,1.039151402512182,0.12081926186866707,0
否,4687659.182780058,2.153272769381147,0.2729632132494445,0.2571695316941408,-0.3448755159464964,0.02007094303451797,-0.009635287038373058,-0.6262280152594598,0.6005600284000694,1
否,5009267.322991999,2.09603765063454,0.2090773507298992,-0.7335071210013345,0.3620551621867475,0.02211563519878035,-0.04413510095453618,-0.5939851949556023,0.30987794340453945,0
否,2862362.131860369,1.024299558321145,0.5371256711820083,2.549800201569391,-0.367976104412032,0.1249468917081298,-0.01728196193766047,-1.260033587052287,0.01670066399380383,0
否,3319049.816654655,0.9683593968921318,1.384304503406965,2.931081267045724,-0.24240033333245,0.1468858230774168,-0.01428671040951577,-1.995262480751967,0.025173618329661158,0
否,3166129.034544335,1.903902639559508,4.946558414859062,2.541148946042258,3.765580901924198,0.02677313405181818,-0.02282195997079864,0.6014762905994514,0.47611502171745695,0
否,5447863.268548351,3.043606910526553,-0.4779498265879569,0.5148888657178518,-1.747599672935966,0.07645188534880155,-0.03142888337037052,-0.1292859538535791,0.12689803476642855,0
否,5290622.242453856,2.811658320020624,-0.2919036479101749,0.6003054230606848,-0.2853095754015929,0.1431475874132526,-0.02064368678129511,-1.84448744628814,0.11527356223852034,0
否,4466066.770418599,1.907530335176289,-0.4573173323138514,0.7793182161642784,1.245946907139328,0.02465528504761232,-0.00684358128836948,-0.08390911877950903,0.5796185484010663,1
否,3215435.388178135,1.943253846138526,0.2173676475073414,1.790430158899276,-1.070950272782738,0.09419868963331396,-0.01499018322951942,-0.46540887166155,0.03792233789399419,0
否,4816820.41380676,1.060123458576794,0.5365903539659976,0.6723729113366635,0.06968086073514364,0.02075211825808807,-0.01231790850632112,0.7006920139711326,0.37851446180191345,0
否,3538800.275900852,2.999274164299656,-0.1491682708932377,0.2912231452261724,-0.7612735234231247,0.02027216339485034,-0.03293143331728296,-3.026829712731704,0.4346595240863738,0
否,4928700.441720979,1.087557737440095,-1.570968991264405,0.05818016499804399,0.08777640832346839,0.02063020540856849,-0.007228982574495594,-0.252380782243723,0.4910848867905504,0
否,5205368.716992696,1.80713956642464,0.6030237332936607,-0.7139874894405196,-0.5293559983265808,0.02287256822183576,-0.007030621408829642,0.656191308854613,0.5192915080039128,1
否,5443231.338165649,1.928626067355786,0.3263671827812365,-0.7890973848525552,0.1805012998177473,0.02414837792720008,-0.03935587722231614,-0.2588272761858669,0.3603447174889915,0
否,4182214.71644273,0.9069825341176622,0.6220071491778197,1.140801918241802,1.491709010856549,0.02442869310261308,-0.07065494645204111,0.9103028922662799,0.03261967475939054,0
否,4215761.449278383,1.940205196240006,-0.6432326195717888,0.8680915913606263,-0.4515723586968788,0.03054980688455827,-0.01758708675204364,1.66670180726853,0.12879979286069154,0
否,3293205.327800354,0.9470101176555161,0.701112887271778,2.537775797978323,-0.9147157801321194,0.1858587824363173,-0.01081785732973725,-2.370953547520492,0.009170957683405099,0
否,4023017.507369983,1.855303869955188,0.7753245910528141,0.8486534934820852,0.4690272206235754,0.02226587097267512,-0.04163855713335381,0.1310197321652946,0.15134717229626676,0
否,5310173.508894245,0.9611489139692381,-0.3345398951995615,-0.7482932664565966,-0.1136706161496131,0.01988244263224138,-0.0325076423589871,1.004917085626566,0.1952884968980396,0
否,3314625.106118154,1.024643109112186,0.7843620605555045,2.451607756078401,-0.5496283394732061,0.1231817820937926,-0.0007264587015956884,-1.497809840797397,0.05481603438256752,0
否,4116279.432891613,3.061067382863501,-0.07066387390524989,0.5272705791372367,-0.827559490832875,0.0196075826885278,-0.0185277885871191,1.531134644855324,0.2139619241747969,0
否,5777592.219908456,3.160952429241405,-0.3662563631728734,-0.2513337078020976,0.5980856787787908,0.02481474510476713,-0.02277560938466852,1.581145006872249,0.5129588962456018,1
是,7011138.817139665,1.036175919610602,1.121059723926513,-0.09495828758020228,0.9760188343177942,0.02354824753333388,-0.0164332300084535,0.7865972401260313,0.7730074088502525,1
是,4929401.545487829,1.035916033065566,0.8974627968488632,-0.02008703773383399,0.3726391944022951,0.0220101805195737,-0.0008915406597290517,0.8968413522143226,0.5289585644383539,1
是,3985511.512755043,4.098292607106663,2.793876658383932,1.489968505694648,1.12637034227182,0.02746511837852435,0.005927795871385994,-1.510254621266724,0.9196055489224951,1
是,5058007.121035356,1.972523094160288,-1.025792755406562,-0.2948294606533183,0.9877396461949834,0.02115273222297498,-0.01248770410146864,2.048591192233475,0.3602076746130043,0
是,5160062.071677459,3.282686477999401,-0.8754779163148304,0.7137242981256191,0.5430971267706871,0.02354263024548458,-0.01631478268012406,1.272509749795603,0.5065896567513252,1
是,6168894.376126275,0.9279194634166964,0.0653895668795934,-0.6218582211374839,1.995291337173581,0.02578320383271523,-0.00575543129520447,1.266797269858487,0.7141833361619038,1
是,4601881.937607533,2.082812706058784,0.4522536690832214,-0.188843742463802,1.638591917700071,0.02393851577027037,0.0009530562274090348,-0.3089606331603127,0.7719789916445974,1
是,4274162.57804966,3.140184420020038,0.2464513433489757,3.155698447692517,2.143949237475871,0.02798534688337362,0.04931004262864876,-0.9989003157551932,0.9817770566842517,1
是,3800398.726617732,3.063154095646355,1.447982839225004,5.14031351325389,2.618711309227205,0.02633080258069515,-0.01741569553738526,-0.3730150473612804,0.6645318592147709,1
是,4834673.758261922,1.074636130484968,-0.1875287014268059,-1.234727420113946,0.1765820491534121,0.01668774309740593,-0.02127950579446529,0.7484168908759524,0.28734943097861737,0
是,5520949.620038286,2.148008391734283,0.8569522413020552,0.009961006214444791,1.91805710426441,0.02081573207756127,-0.01686855428148264,-0.9835076592669723,0.8435919527396872,1
是,6946006.163279015,3.919858145287983,1.568855243435631,0.06195295952935122,2.751350406717604,0.02054062839682554,0.002375751531938572,0.1091646379353383,0.9849206419352662,1
是,4997129.875530087,0.9884036760135915,2.402975273608896,2.162135462970586,2.302160976693663,0.02169567682030049,-0.01037998285650039,0.4289669927402919,0.6998796783805874,1
是,5210123.134035042,1.810368159107739,0.1201839571160763,0.1576570880469742,1.774203540711956,0.02196247818143973,0.01236234635955641,0.6783133541892912,0.8424668848147505,1
是,5200744.565783412,0.9582372577714642,-0.2130509943333685,0.4457007579447809,0.3293427313805772,0.02152125751538513,-0.007536694926788433,0.726391071216753,0.4773881151102543,0
是,5753062.31805747,1.83121394084262,0.4381349107484983,1.114126535909445,0.8556251218059128,0.02641996443885175,-0.008500154921905131,0.1982607000131537,0.7352249302553298,1
是,4511087.081749837,3.963403409394052,0.3185510819097452,-0.09327801630722782,-0.4933777334156202,0.01818104749839063,-0.03755253586033957,-0.3332548533242621,0.39046036314984084,0
是,5651029.349440641,2.903162167829153,0.5486476767404939,-0.01912653793472384,0.7983377452609478,0.0222732064302446,0.003723048725557749,0.9738518270079313,0.8353272380240628,1
是,5069881.670451675,3.931928782153608,0.7903381670401194,-0.315913471560812,-0.4472519035088696,0.02065948466260228,0.001212806221849555,2.418006707656142,0.6080020249960889,1
是,6404201.533876502,4.393933408251529,-0.07160245407423094,-0.0110560882573354,0.4803413339262744,0.02359042343443057,-0.0006914805431947204,0.2346462575035409,0.9356619198647642,1
是,4666734.824688993,3.006237302361637,-1.925685188576056,0.273957438032608,-1.390783063505153,0.02060897545695444,-0.008675700966396454,-0.451901240837068,0.4970365725377861,0
是,4897972.686671022,1.962190968482452,0.4657994978519946,-0.3691785462114718,0.5635154941291082,0.02086287147688198,0.01222706127448621,1.150569236628476,0.7193350542840145,1
是,4702945.814357835,0.9713133640374163,-0.4996369823094275,1.195977856518829,-0.4626162288210899,0.02728425489560941,-0.009524984567725799,0.1774937669616742,0.32504563246839885,0
是,5410186.015802437,4.249523325525947,-0.34671262974765,0.2800286870093582,1.651469600182987,0.0196909185616823,-0.003704256107716733,0.9445127532974065,0.8638072163562558,1
是,6951244.062532686,2.769320011691297,-0.06159110185428813,-0.6565397418196904,0.4351108118528384,0.02162346412489511,0.001213843572436336,-0.547771899609576,0.9506230911711208,1
是,6335624.535757192,1.026161808677701,-0.9813709247049848,-1.597276220524678,-3.243956000552354,0.01997152427407913,-0.01492530779015048,-0.5088202711136426,0.43935410787987467,0
是,4682899.595477195,2.755173697553271,-0.6162312238262003,-2.174232362697699,-2.748286671537887,0.02106006597919922,-0.007058467934692216,-0.3128956617783553,0.40358322723244566,0
是,6887884.394688281,4.012755460589783,-1.245255184333596,-1.385137681991215,-1.638805497083528,0.02211416834294801,-0.02121430339283083,-0.5182818508527972,0.811978139277842,1
是,3801833.458136313,1.092040406092562,-3.596259721588512,-0.3512493745336663,-0.5665345148220811,0.02033663089041669,-0.012417623655375,-0.8861532367820469,0.20763326574336588,0
是,4744780.768881404,2.872108555209369,0.3589986892822244,1.231860977707747,0.8056947709176909,0.02538314891401925,-0.03157018270980088,-0.2887512525181385,0.4596474539812844,0
是,4681217.463709307,3.90122058794657,0.4422870595229165,2.449975723984386,2.913123592089752,0.02646940866096687,-0.02144233871803257,0.3355126013945486,0.739591181171581,1
是,4594460.224607051,0.9274369585264086,-0.722448233596368,-0.7199982950592853,-0.0422033728381673,0.02143001403848953,-0.01453683635448103,1.070747578998809,0.22131975345123017,0
是,4365475.438009987,0.9685092376287494,0.9306902914622831,1.965149315161627,2.414220250611117,0.0235738972496638,-0.0119609099425938,-0.9569050912148314,0.6708213293076318,1
是,5449781.593609524,0.9023712538923889,-1.150273515203694,0.2003844638710953,-0.686148409846894,0.0250640484467101,0.008375923621998894,-1.391450757967644,0.7745437396465461,1
是,4627149.258167952,1.069643136391754,3.23383691507441,1.323715220932631,2.53173255417848,0.0253611862956411,-0.01408497626166466,-0.4289167611049572,0.7168580167618114,1
是,4053607.181947279,3.835395694513301,0.5562822408985149,1.048182766341014,0.6392312841179436,0.01546181292631147,-0.01243618879496178,0.9136358863148228,0.5518473413887347,1
是,4631320.749902713,1.061238735630511,-1.752571045328538,-0.6248514835789216,-0.07046582360869705,0.02061216077960722,-0.03057745231169182,-0.6968734039535558,0.22954808760087173,0
是,7838498.215726853,3.124893808147017,-1.08415729546973,1.074751075558261,-1.179975114093431,0.01880740159186886,-0.007515311993097321,0.9047952824997801,0.8902147358654728,1
是,6560242.946955525,4.241448693016357,0.9635910615467177,0.03542788064733612,-0.2114268868779787,0.02275312702086138,-0.004836701425016844,-0.5367008875563989,0.9460974927645767,1
是,5235958.955285192,1.872820948164929,-1.342078826298074,-0.4104314207064849,-1.429467810876009,0.02273299168654202,-0.008304888369641699,-0.597388302028819,0.520556197917093,1
是,4492265.92720683,2.977566044429534,-0.4368676860339951,1.219336805328472,-0.08260528258823314,0.0286197910008757,0.01204184858034757,0.1572073547485328,0.7235695546135275,1
是,4187035.638224727,4.070510554508526,0.915233090192348,0.823340365995872,1.038237650790047,0.02708873106625213,-0.003670435061077365,1.257092996179139,0.6261130365561213,1
是,4138399.59404285,0.9649765638887966,-1.168874807789014,-1.527462863444464,-2.695521238793363,0.02154058767153657,-0.02600439758509357,-2.405279214252937,0.1952349367488325,0
是,4550026.807901325,3.989075177556327,0.6779420625925437,1.88059241149399,0.4670006053206422,0.02706743826865963,-0.01652536124100937,0.2753239860412731,0.6071589919302135,1
是,6683774.792528304,2.157681822285563,-0.2086481338509228,-0.3685857101627345,-1.027303949865091,0.02202329291620403,-0.01133475829165283,-1.140858805815884,0.8488759050598355,1
是,5175009.594251385,2.747121331340215,-0.04991713017983922,-1.148007782015388,-0.8641025288319609,0.02482359119147215,-0.01894309954728314,0.1062641971690714,0.4662531519146293,0
是,4823670.95898332,0.9899000945143495,0.0509482714060594,-1.363463316966621,1.223043853265766,0.02042823253193583,-0.01170946520226047,2.290830527350395,0.27603759080972345,0
是,3862976.475286506,4.081210545032861,2.7677302255273,3.329027695894558,0.6800721876458125,0.02424462441003966,-0.01281660641312088,1.699249943668053,0.48151505482592255,0
是,4994238.814275825,1.05536826132897,0.5301826209221767,-0.4475135943051932,0.5265965614511556,0.02528260109085851,-0.0002741750910700958,1.263359105454097,0.482575426263241,0
是,3837724.859481601,2.782826605517651,2.708889957302944,2.288739214246416,1.576132758386861,0.02686120289521621,-0.03028135134556573,0.08566636001495032,0.3982511885771256,0
是,3597555.228860682,2.861722922209998,0.6658695596413289,-0.7090267505162325,0.6271194747583886,0.0286277507121419,-0.005199559109801142,-1.963884256315207,0.6968676221079187,1
是,4976518.136418917,4.376386826312122,2.055310790094539,0.4435434528711776,0.8845201920802647,0.02983417598662687,-0.02215780730991349,1.849683564685523,0.5374610551191832,1
是,4884898.23141814,3.107250018861264,0.1731236546987382,-0.1344685620708737,1.180493718793149,0.0215106191472645,-0.002334591506483668,0.2339738184863104,0.7834229417581307,1
是,4554414.699319154,1.057845829273868,0.7645167891450213,-0.02835740137374912,-0.1549013095192015,0.0217191290575733,-0.03144729583446131,-0.8650549122111318,0.2895751594532251,0
是,8034516.341771894,1.981946002680893,1.166695452547449,-0.8999389352581092,-0.2060112169196169,0.02849584284830118,-0.01187366008329588,-1.10169252149959,0.9496671114884659,1
是,5718392.697990991,3.917698530213471,0.3009513448122748,0.4861222397445126,-1.77720188995767,0.02900222739076427,-0.02686861311740673,-0.003203025515739767,0.5209244620075276,1
是,4897676.874887723,1.081208636387593,-0.7652806872353438,-1.185094478490715,-2.014692886674899,0.02315176107350756,-0.02220799081544229,0.8606488009759291,0.12702973707714316,0
是,4381666.565421275,2.143844338699064,-0.7208902478791733,-0.1984316213901851,-0.4311795413370119,0.02160167465417182,-0.01509192517780537,-0.05203432868668669,0.3606716053731166,0
是,5701083.25561315,2.828191379279223,0.5622451849996687,0.8733555921180145,-1.494337350153371,0.02616503808102775,-0.02171930462289053,-0.3029490599080178,0.5610381688530948,1
是,5464117.836980536,3.213730259226903,-0.5845391989957746,2.447002817844307,-1.49851821036714,0.0237716457098689,0.0007927363175066923,-0.1285826464070827,0.7441498597178612,1
是,3857690.006701864,3.887747784553236,-0.2986369067176814,2.915628973873535,-0.4523170873785671,0.02135319065020313,0.007950159858552061,-0.4085604880866957,0.7362031123988003,1
是,4285207.215720972,3.732817429923724,-0.073996067111179,1.548469569805814,-0.07932260766546376,0.02128176034837967,0.003661391995471949,-1.359636478196401,0.8431724187480383,1
是,3868663.660224871,3.207795189782234,-0.2246564164402182,1.659151006380517,1.504321124468084,0.02318885587747652,-0.01608399092787824,-0.4930698360286121,0.5770882143697025,1
是,4255154.870672601,1.944196122794488,0.3227484576618424,0.7533857736693869,0.8325278267875685,0.02483089812483621,-0.03608426000969846,-0.163171119553037,0.24248986200774816,0
是,6707729.257678713,4.212241842232539,0.9050345155706835,1.586440027493884,1.825179060369505,0.01824905031783796,-0.01574298389698373,1.095307335063639,0.9240739189632848,1
是,3715720.921664241,1.898070995955432,-0.428707374698575,1.176636529699143,1.412006928987611,0.0230325557571372,0.0005427284371702988,-1.542767242112098,0.7082088641712619,1
是,3310191.720216987,4.075192835339669,1.6690705636006,1.918952617170233,1.041216332258369,0.0355330990971079,-0.001381537555880685,-0.9086188334059055,0.7115306039565582,1
是,7189974.511544614,3.137934088506257,0.6070502242800201,-0.6558898654381403,-0.06246509442367496,0.02288871532842006,0.008638510087746229,0.9635238889102158,0.9427905861757371,1
是,8144782.493330033,1.949591884191962,0.942945257325645,0.1507310042563072,0.7556516707183342,0.03431595700381519,0.006395834006539846,0.895578298905109,0.9544143560508167,1
是,3920253.313115402,3.274624740800633,0.9758437072970044,-0.07373615286100645,0.9816328722871339,0.02119388426683071,-0.02303377684179331,2.154443637574944,0.23740685302737008,0
是,5161017.564702326,2.962386899843366,0.2052829583108996,1.202723209788878,0.4992627899370657,0.02009697652026971,-0.02091999539389432,-0.7438281269792147,0.7106390355387273,1
是,5489939.284555346,4.344140969090892,0.6155763204272876,1.202058738848873,-0.6961270923559668,0.0256591346103458,-0.02764771040263359,1.062028681121204,0.5083822227820033,1
是,4414475.875778477,2.034739709516824,1.346847121524541,3.693958289676423,4.073352601839383,0.01930732238887232,-0.01388616782582625,0.03709609404567566,0.7928803488724804,1
是,3663347.411282642,2.895168040493306,0.2784521434522882,1.056197352167613,2.289254056449782,0.02007636358365315,-0.00945313305134946,0.4796792795701765,0.5697040329995527,1
是,4246401.466618794,4.246998069362478,0.4522083190719745,1.569197212046534,2.038665973836344,0.02041881895637951,0.002167140873968456,0.3902930175812249,0.8517318184936126,1
是,3670171.646651087,3.834455435199542,1.052272810194745,1.383807046196704,-0.4269137483502754,0.02279770788451255,-0.009418574785753423,0.3875097411489777,0.46147726263880207,0
是,4944582.745930729,3.263962400888279,0.7593350483170048,0.7232146969984811,-0.4294248395760845,0.018975400449549,-0.004798081641575602,1.899396266770338,0.5314449256770812,1
是,4718583.895133542,2.905026622059466,1.663154247473156,1.575906891797545,0.9215757311680852,0.02107025238288807,-0.01389271623311938,0.1914946619122059,0.6808318905478847,1
是,2765071.999419888,1.967403197257518,-0.2585320635084616,-0.7680200425797181,0.6139614705825317,0.01991432376896476,-0.008970836600613255,-0.6859489260050267,0.3028573193054931,0
是,3823547.852484804,3.275464384987091,1.14027522642269,0.9627692132332901,2.008302293030964,0.02862993394171088,0.001139391086824742,-0.5016243544043938,0.7872605271288464,1
是,4266649.806647399,4.078303724245459,-0.2241578874414509,0.9445698603781947,-0.3950113261028793,0.0204265007465071,0.01243738976227627,-0.6096368564182048,0.8490624083255093,1
是,2056400.482714468,0.9369682257405463,0.3430230662685799,2.045265208705049,1.699806296099662,0.02053630120708034,-0.005857079993558846,-1.81494814145187,0.35367157831824103,0
是,4966611.65444748,3.158921280479802,0.6196863290623396,-0.5215547925781828,-1.284057779686939,0.02011106282977062,-0.03478423467727112,1.370589222866608,0.20395437999422447,0
是,6116041.947328252,4.346337375053151,0.6057056122453779,1.58813023568206,0.7901871965997573,0.02163313329857381,-0.0226417395179488,0.4977834644714186,0.8320821072436467,1
是,4678518.300872557,2.134404391861401,0.2773231720732093,0.4433915259534726,-1.464909370175542,0.02503595121321255,0.006357858004453145,-1.323087801799831,0.7228498442291832,1
是,4378223.095279261,3.791317864691235,1.421153740372337,-0.3499245449433612,0.90086252855394,0.02014827836975406,0.01730983882335352,0.4186113618017259,0.8904244492706098,1
是,4128502.125764767,4.326879887237152,2.084612563262891,1.568778674541637,1.955618156448845,0.02309446184937424,-0.004569250316363536,2.376484311183754,0.6433456554271344,1
是,5045042.949667923,0.9202788276941932,1.042590616651165,1.503025894627382,1.522708251681072,0.02618475948688182,-0.0531414948066575,-1.123907655692827,0.2814691308121755,0
是,4371331.571916574,1.882445034434846,-0.5124226190290536,1.960447005608073,-1.102580706245336,0.02774918166078978,0.01965784394524724,-2.429319297544436,0.8477351303174184,1
是,4047935.40047147,2.744758304135423,0.5817499344122742,2.472272414935266,1.053209309250349,0.02863732655356959,0.007710557661082673,-2.258887425368247,0.8845553191634659,1
是,7476381.528724071,0.9437090752070977,1.22340351958524,0.4250463758693427,0.6965194157743381,0.02224643473942915,0.005404457677800074,0.2108444975157086,0.941202936583284,1
是,4519719.721194894,3.190048237892539,1.877996714618938,2.678078638724495,2.397422010087456,0.02578159290976159,0.001163026143103417,0.6024697711605164,0.8348364574208333,1
是,4547841.19516927,3.826077282630521,2.217573853516853,2.027002729486669,1.726749771350989,0.02014387294690807,-0.04742013475934981,0.2294049135874029,0.45428755494839346,0
是,4912975.910911622,0.9646422041234173,0.1496599623416189,0.8319772253511604,-0.4982256201603091,0.01721777104420697,-0.03529570977861905,-0.1697268750844831,0.22409160868390834,0
是,5022435.341033123,3.159740213806459,0.1298210844491168,0.07004366113123474,-0.4631211725566453,0.02444892560898686,-0.007560068350612349,-0.883790798120796,0.7470444281508696,1
是,5338485.679076687,3.849182963216245,0.4213346027066572,1.516520278219647,1.354608552097045,0.01884254225557788,0.024550930341401,-0.35540794864113,0.9734795530607954,1
是,4926363.768514695,1.017964456719453,0.8190320677234341,3.006299343913474,1.241368559328981,0.02237878206965161,0.02444786277867477,0.1755717484386687,0.8717942398178964,1
是,4846953.139630721,0.9104491385429713,-1.296357931501658,4.250114272590639,7.665143605814935,0.02503301186622315,0.02065820932770919,-1.621793345145826,0.9858817075490652,1
是,5237785.37255131,2.011998658835703,-1.399285730400281,0.3854713806321357,-1.262350612094826,0.01922305835535371,-0.01142318582467313,0.6767177457913365,0.3870602193259291,0
是,4312211.349441173,2.879514491873546,-0.626735127903435,0.9008368570843555,-0.5739149590329394,0.02217165215544842,-0.0121049142192118,-0.01363991086565166,0.43613530893394703,0
是,4574375.507759342,4.351004780185938,0.677562471463826,1.192948285659702,1.14262287258946,0.02070348231298801,-0.006790634007627007,-0.2927928396181216,0.8426103512545932,1
是,4703317.285328961,1.04626628428842,0.03891215781700733,0.1200486256673569,-0.6892557686766432,0.02133822057020997,-0.01634013664500281,-2.390446358197047,0.5862591835158172,1
是,4978032.597881343,0.9162235168666782,-0.3003637064569554,0.08533121970205519,0.006703481667004452,0.01959403279479616,-0.01356040241606886,-1.581470203952786,0.6156862526063631,1
是,7028828.271975647,1.98762515909765,-0.8142503146538589,-0.8290206973280744,-2.397324210458795,0.0245270783649379,-0.01192294438869558,-1.75622785044561,0.8281851923585158,1
是,5483791.37941188,3.033221066030085,-0.6166597545325508,-0.8660285090144725,-0.4961492726966901,0.02091893064984677,-0.002219261530186458,-0.1301756170078147,0.7720752825626614,1
是,4064205.162310279,4.253532212698944,0.9837092518010228,-0.1273157071138165,0.03742983720433032,0.02003917223167984,-0.01852164548925425,-0.1479906334656132,0.5819080867403096,1
是,4407087.265549859,1.071647140381406,-0.5949579500266624,-1.292554181124716,-1.82807441288958,0.02034472780838723,-0.02121855793174699,-0.3326732905001026,0.17760764306905805,0
是,2684937.86027862,1.965286662477199,3.61110018848212,5.686742314320189,0.05445582436007667,0.02674581975824555,-0.002451642268069611,0.5907073694336362,0.2946292790173014,0
是,2619995.16936213,2.031529631073067,0.9824551931636445,1.192164385744989,1.299414531672167,0.01835608414187761,-0.0155087911392474,-0.5549351561237869,0.31163489566899305,0
是,2427414.781811267,2.035038067221485,2.140787130218333,2.942256871209739,1.944903757021344,0.01939676490367273,0.01043124921624261,-1.082250672500268,0.7072917570096864,1
是,3983438.946439154,3.138677008069276,2.730253274441351,4.019396209336362,2.755700916644177,0.01990793418235947,0.03149016849151198,-0.151855384911523,0.9661817690644958,1
是,4446462.487110779,1.993430379618025,1.322979239054865,1.067323390139591,0.172081576753669,0.02579548289989001,-0.01226646487200136,-1.430684379774458,0.6506110118700524,1
是,5114878.172554009,2.863663610558659,0.5633374118643224,0.8001921210744642,3.554082794101067,0.01916225127419884,-0.03548786344042674,-0.8977690767434366,0.7881437556061038,1
是,4784378.436720422,4.015904480135625,0.9086201668278417,0.4408479375345545,5.251577960726513,0.01709965052606936,-0.02131262106043561,-0.742044420676462,0.9387537625033213,1
是,4655864.684687673,2.071096924280201,-1.357495960709041,1.266582756482037,-0.480779256638041,0.02497818966949164,-0.02312684310745491,0.3579281214268087,0.24473316893787123,0
是,4234835.60107287,2.85868654836485,-1.140175546188541,1.111703269493412,-0.4679626686220282,0.01941483730474015,-0.02644223120179388,-0.01908226590616121,0.28090751551950244,0
是,3899758.201932935,2.954136236263777,0.5944994494830947,-0.5188552341088343,-0.1912502063474114,0.02307430867065597,-0.004935238383335177,0.8440978619811259,0.4111960472785798,0
是,4685579.34597059,1.036395946719094,-0.156212367158772,-0.3842341281490133,-0.518093042717361,0.02513163577283408,-0.03003861462883683,-3.063506421612749,0.4872652491297435,0
是,4791643.725445493,1.929568624607674,1.94518584713426,3.186856616247539,1.502125957948059,0.02258065449901885,-0.007821862177689485,-1.657835611168754,0.8603444943115539,1
是,7210698.530028859,0.9649061351228168,0.6063427628420262,-0.7037288587768875,-0.4590474264684634,0.01920167281601939,-0.01446665270496339,-0.4219394587566145,0.8269039135533331,1
是,5649324.538375268,2.976280161098567,0.3714876072149896,0.6762551748738542,-0.3179758866025859,0.0247742936267631,-0.03708734223136664,-0.6079796640801358,0.5249454588523568,1
是,5279481.170018852,2.955875612141716,-1.998417376794469,0.7378263650431107,-2.011949248866617,0.02290209051305028,-0.008998946957863383,0.108005611052989,0.471202931007565,0
是,4398383.089446905,0.9006677147765997,0.2500767423527162,0.8845762846026136,-0.7866168140115468,0.02566488827763126,-0.01728381677102709,0.6481803881060751,0.17931818597981278,0
是,5628709.627844013,2.783573563333228,1.586408605620904,2.499761929230189,0.7089024275111058,0.02190149386853104,-0.01782163236783382,1.926743180051541,0.5767010958249559,1
是,5189736.316275771,1.877549670548036,0.8497123789220151,0.706364404268276,1.895114889231752,0.01965526881313311,0.003910091729088837,0.4676784050655348,0.8349273392262064,1
是,3912764.034692057,4.089092294504978,0.2905990216090845,2.383353560727939,1.263097979699568,0.02679233135598815,-0.02573639791939427,1.68652669017447,0.2938192803774508,0
是,4616287.076670987,4.341715333951305,0.8379657930560215,0.4757964195624608,-0.0664937945368385,0.02755902353778802,0.003350232392010156,-2.14503718944365,0.9229689024906208,1
是,4223443.478536587,2.077105356054231,0.5260027894678369,-0.6100893509630715,0.05109453643497911,0.0286629825441027,-0.01887026907388499,1.369644435959445,0.19680937197691317,0
是,4782089.998874441,3.73168466161157,0.8721526398607304,0.3211628042252184,0.6610067578759735,0.02619075123654783,-0.009459012093084201,2.434526810258623,0.47457986631875526,0
是,5858595.082675828,2.018450683559973,0.5355754896892521,1.931071667046925,0.02468065685248906,0.02137747649224158,-0.001613749752604546,1.271608812302502,0.7027518691314735,1
是,4674146.956243187,1.916947287079325,0.5129645101237635,1.330836549230169,-0.6059320272789734,0.01963872400075624,0.008534369900278472,0.06777178605218463,0.6864863736605231,1
是,2188442.279621029,2.859191783441309,10.67113635241509,1.550933885979346,3.988628684475148,0.01946662050712385,-0.008206340873613476,2.715559673418871,0.5733154903237571,1
是,5400007.42303453,3.923025445476064,0.1848146660329912,0.4492007980888832,0.02501000045544226,0.022629130460646,-0.0107807670260809,0.5327450277707038,0.7429395116510518,1
是,4913296.790439696,3.044262263748851,0.5299504838913749,1.431674842366224,0.4298576445702134,0.02295567714318549,0.01435410337497972,-0.1731725839969535,0.8840110421819793,1
是,5244277.206898199,3.859016299396432,0.8010634386128116,0.4253649992277186,1.435724142409454,0.02391292663896773,0.01939771130212652,-0.4851181684972519,0.9643472234196931,1
是,4998605.049793426,1.039181451246245,2.964853408131402,2.17250237900884,1.671541359565612,0.02755474607402086,0.01448170618585682,-0.6822160518939115,0.9047089024320447,1
是,4625822.83917267,2.178888300956484,2.001462829926597,0.3514355656627387,1.187682656286053,0.02830064790018077,0.02469802288234023,-0.9490153179600681,0.9332974247277234,1
是,9980642.910043836,3.03413088349635,2.200277807765814,2.033385820438712,1.24003047278895,0.02417110552040423,0.002590581697515112,-0.3763658341741349,0.9973011032777371,1
是,2864950.568404614,4.234593735547063,1.132732761130059,-0.7514267268619979,3.786219144330185,0.0230420225203948,-0.02700154708616065,2.219913878437846,0.28432250860367,0
是,5458240.767886706,1.007714661851464,0.4764269093197798,-0.01622420525719783,-0.3268832216179366,0.02625338105841768,0.0206413156942194,-0.5181854693964381,0.8522123291836178,1
是,4583326.370343941,2.129841523667845,-0.571882720702774,0.3635418459867574,0.01054160882182343,0.02072621273510739,0.002396967054265662,-1.517214028583363,0.779834826411577,1
是,4387982.309836662,4.159535669585647,0.01099905987348093,0.8027207143957316,-0.3509550725655821,0.02165024825602033,-0.0142524067563834,-0.7672236815839915,0.6742642198288574,1
是,4890949.969939204,1.050071763309202,-0.625360091148751,-0.6587003406143509,-1.541610799103368,0.01909493846192416,-0.02637213045112652,-1.119382070678038,0.2883194789871005,0
是,4603517.584013543,2.082839801690401,-0.09681786726709248,-0.4992967809698359,-0.3690479128508462,0.0211674978928981,0.0091684934430356,-2.251260149548699,0.8628020513945117,1
是,4633583.802489711,2.092112588574464,0.3400594569774534,-0.5116688294493111,-1.267038378517714,0.02776864600412219,-0.002835546391931024,-0.3868018416620027,0.5085914607364358,1
是,6819958.617195684,2.940926201744094,0.9605218529897044,1.122249030009457,-1.119629071458448,0.0259586826232658,-0.006598508232715758,0.1558627482704745,0.8575672494067811,1
是,3890412.129583623,2.813165549173518,1.674079601347038,2.080473126854193,-1.259381596316479,0.02109947991772113,0.01563640729459206,-0.9874786804805785,0.7842456621778741,1
是,4004386.787892239,1.833134121363208,0.1715128948518204,1.693409568666235,1.321636778071044,0.02303746986783707,0.005495511002399897,0.8327846602793576,0.5613600262356159,1
是,4484921.216090534,3.097997036313871,1.777602350116674,1.802367841733338,1.874562644622221,0.02227486388259555,0.02130302157777246,-1.681196005179044,0.9691287822701876,1
是,5024565.789047278,4.063691386112269,2.090711266769719,1.611911218643779,1.95522431495647,0.0220254944516729,0.01951759399030546,-1.932682610488129,0.9870774760787252,1
是,4571737.125901424,1.09349861093423,-0.9132912646334516,1.016330217958467,-0.1045102492202589,0.02789658322233405,-0.001805293790195727,2.642591946209242,0.17280996947578176,0
是,3627739.605311981,2.038755985464818,-1.446186075690591,-0.0918440486348636,-0.6589965660288409,0.03255866286789949,0.01194850686553423,1.426270221584386,0.24621008052983673,0
是,5317064.418036462,0.9190059930051362,-1.276801048546874,-0.4619615192949942,-0.1609400113458935,0.0312578358504428,-0.01046996028777976,0.9730275348577413,0.29827740170037775,0
是,6896936.81813694,1.871689718373123,0.1082007890273405,-0.2044289278322269,0.374969157597759,0.02480427968135235,0.01393705571333212,0.03814446316883863,0.9430763831448516,1
是,5017131.589872085,2.795664548137561,-0.2454369344928593,0.437279135604941,-2.006170629354865,0.01904430232932964,-0.002325330649080748,0.2786200166194664,0.551784833228817,1
是,4784885.217008055,2.778963515835639,1.908486615829836,1.618803378563346,1.765949711779408,0.02493873707272274,-0.01404954723425079,-1.256889318514599,0.8397172252757509,1
是,6302732.475001503,0.9346890890173536,-0.5768197755571453,-0.1943736450940416,-0.9629828657502665,0.02168863863285811,-0.01886905747517743,-2.047480776246976,0.7386700831694457,1
是,4928520.581480148,2.004074930537849,0.3704873859683906,0.5847158851288369,0.02299712365331939,0.02043464435096286,-0.008874033988398351,-0.09632839668615145,0.6101759380480954,1
是,4723313.404162889,2.995293560400573,0.433134147236879,-0.2988309844566427,-1.339351349708211,0.02865628569811898,-0.01398394525666687,0.4532204708832493,0.3800369551874294,0
是,4818326.456441045,0.9635315030417512,0.8879101425518888,-1.452683842421835,1.030330652770514,0.02516061949820201,-0.02578428936992092,1.927388516271297,0.1814886185771231,0
是,4402097.595717817,2.125310312354567,1.69281501786659,1.914193858208517,-0.4978938607181626,0.01776209170194272,-4.772395931300931e-05,0.4868032867448232,0.5841391705016283,1
是,5773281.503728932,2.985480059524074,1.527970210303799,0.515900518332848,-0.4331464805502521,0.01759695261519802,-0.010961639660994,1.213232516798201,0.698030111165932,1
是,4388701.030040124,0.9614125815920084,-0.6517774197991201,0.3043466714862387,2.197502987843853,0.02580444331334329,0.005345075114639174,1.808374577733946,0.45154120303671286,0
是,5071755.150449834,1.859269146053721,-0.4258029919368054,0.8647618814526852,0.05114987763322233,0.02208149178689224,0.009654245450852895,1.259337629948582,0.634505976208241,1
是,3849602.167389275,2.73716826456781,-1.215171327103869,-0.5859139060017442,-0.5574397105319343,0.02517581466173105,0.007745045773711008,0.5824077604044506,0.4435427045224923,0
是,5647705.006112711,3.286969998334533,1.869905163455264,0.1078455657901642,1.138767055574568,0.03586524460879507,0.001520982054170604,0.09314806580028294,0.8857438847058916,1
是,4575708.752463789,2.021766810732355,0.3799846752186065,0.4321734059806293,0.9921748940426302,0.0227039188287449,-0.00878074988123843,-1.508177721237679,0.754391759119882,1
是,9215390.01387094,2.789263401190522,0.8573668239486222,0.8091234747437507,0.4654645889770093,0.01904552674063099,-0.02816228095553122,-0.07733661756162145,0.9663033815719904,1
是,5235644.994613774,0.9658039034288847,0.1491686945246693,-0.7127040239758294,1.097228979778354,0.02311625224137277,-0.01836879646082781,-0.4937575511005943,0.5676041995516243,1
是,3072924.886439818,3.828074127351804,1.187946953488807,0.21489622281008,1.759138057266769,0.02212406218377386,-0.01256220202049903,-0.2417488497933053,0.5708809733450395,1
是,4537165.138741139,1.923371426919611,1.503398624977138,0.2839672040303227,2.279790463369977,0.02401399352429114,-0.004236537325605924,0.4514721240472235,0.7085959752426791,1
是,5201438.154928703,4.346866513260863,-0.3874389104631698,0.1312400571698665,1.010390221826911,0.02615453643579035,-0.02923261450393544,-1.547355293615389,0.7962736319102905,1
是,4655143.355816137,1.027490307008807,-0.9037611393676267,-0.6513708787618308,0.1887793573589247,0.01869471083481124,-0.02484343643493404,-0.3165181394600635,0.29656514624934366,0
是,4791464.711119848,2.715377746285321,-0.2677259435506873,0.04884472372269,1.8954091748143,0.02711960354173848,-0.03259982592318818,-1.084390357654527,0.5852667945057771,1
是,4738800.046783682,1.044311292853753,0.9626599216795,1.692711711893142,1.606189823060864,0.03119366558048115,-0.004046940934727808,-1.066369974600956,0.7255547182592363,1
是,4238781.744780214,2.048545708045993,0.5689916816098688,1.243689465433595,0.4575649350011421,0.02227213886039505,-0.006612826972034529,-0.5491771274528591,0.5983551993793794,1
是,5106594.016249477,2.891950025298149,1.307902765560352,0.8178402575243259,0.09316617892192572,0.03034268940501694,-0.06119446080772466,-0.7659308765279849,0.22664220247801656,0
是,5099248.637396623,2.067657638423572,0.7336453474341446,0.3722383197329504,1.696327733906719,0.0244754745996795,-0.0188107085032354,0.900928964475464,0.543361940490249,1
是,5027830.833992254,3.221999283065161,1.018412978710701,3.556383935435924,3.11381745093708,0.01869621670444892,-0.004522565618971248,0.4694988809340174,0.8932846719794704,1
是,4560794.012136139,3.881525827861008,1.700052414798501,1.131787366312029,2.681706612706853,0.01983322565074921,-0.02442593377154411,-0.7544414752093178,0.8304369689970859,1
是,5054090.330242394,1.052132929748537,2.123595111199276,2.412501907452245,1.880952540592302,0.01815279590520697,-0.02955554565896477,0.305482754042426,0.5039812275623822,1
是,4962962.459001432,2.194440486182519,2.948190816630266,2.136566876646371,3.243395096618381,0.02735503902159754,-0.02068971450245927,0.2272026788576418,0.7598228897253104,1
是,3326772.772843883,0.9379262856812256,0.8795808203067187,0.7320928283655594,0.3385086481667498,0.01959517457127696,-0.001567498071769244,0.03559697876706276,0.3335353897143828,0
是,4169508.738720143,2.801765165895641,0.6194222330660276,1.272219450126992,-0.01200539954371864,0.01814855356804824,-0.01638329616566833,0.1296740123307317,0.45654130290202816,0
是,4911047.869772159,1.094559374719038,-0.3903657314639267,0.8832261822622551,-0.614861471578681,0.02087276250895844,0.002581899737868065,-0.5067372405821323,0.6164170468451495,1
是,5737476.374798417,1.916581021194605,1.541323570574318,3.824668047988803,2.035339339253747,0.02134652790504649,-0.02530098625231095,-0.6465522392010187,0.8038324867408189,1
是,4488070.945117204,1.943225580399449,1.454596015343462,4.555067782048737,2.405142007254221,0.01999458243192186,-0.004942883910381547,-0.800272975752829,0.8363310633478882,1
是,3844539.915897833,2.986135937684738,-0.008546391497881722,-0.9345865267213956,0.8449286039226028,0.02498229270924115,-0.00631227763748658,0.8414255981307444,0.436411250170333,0
是,7915712.962410771,0.9647207107957652,1.01880952762002,0.8719768279912186,1.270839464267944,0.02020256191764046,0.007068809631616471,-1.556956241535748,0.9858815965296284,1
是,4066044.489199035,1.982950876654276,1.715467633467053,2.663699257205652,1.295455273218859,0.02695085083648207,0.008308258278232198,0.2197382373928901,0.7126527615156042,1
是,5354923.565863288,2.002970569402273,0.9166261422555206,0.1315334593880034,1.236282283052963,0.02882491798159361,0.002932814283201171,1.52890044156048,0.6883580450142351,1
是,5153804.791287421,2.974501045504708,0.09654487326323642,1.663734717260293,1.363051595561652,0.01680085510051857,0.006175022545801656,-1.069081427871726,0.9336447908881307,1
是,4141749.720605924,3.113273274011126,-0.6434023115939768,0.09837670452240334,0.4352178547827955,0.02488158529926048,0.02870760897519827,1.712909829344097,0.7280193629595055,1
是,7294415.268548141,0.9209031327782026,-0.01783321007096997,0.4518540849334874,0.6586619864888198,0.02271082186758907,-0.01492610534419184,1.581893793327614,0.6987980111420795,1
是,12271764.949391,0.9256397509305276,-0.1576634757211224,-0.9372738964656375,0.5876506087166427,0.02112981357849462,-0.005440433165209508,-0.5567519753339928,0.9975779954661287,1
是,4514114.742729432,4.017946000114719,0.3607054449982796,0.9112466421633159,1.489283482755088,0.01957979165637059,0.009772115493537025,-0.6726624276785201,0.9261798027062331,1
是,5518280.526204512,1.907879183150593,-0.7531680897954172,-0.1103751283299829,1.346895865506356,0.02058256986302778,-0.001445813367768848,0.3185223346640214,0.7770623515439172,1
是,5472942.505221976,3.121878058971411,-1.288795137035804,-1.153072920882957,0.3033813189712917,0.02764812146715633,0.01962314445904766,0.5185693407781278,0.8714819169955823,1
是,4722407.236028645,3.694961550083034,-1.54841913867121,0.796868978816487,-0.111882242813191,0.0217600817254737,0.011201393084689,0.9597479554718741,0.7274808567043463,1
是,4978608.582224161,1.089215184475553,2.056465498137135,1.153870640712573,-0.03742814311182869,0.02001592553448787,0.03059673772083118,-0.3079061479707041,0.9077884655729842,1
是,5686231.3783707,4.253335880784848,-0.3729338881807567,-0.004410435863679011,-0.2618858742166305,0.01686957663457518,-0.05526963481574707,0.5168634484848005,0.3431745759280468,0
是,4775217.120675139,1.966505660801419,-0.1879556966447897,0.144076623478664,-0.8886467131910961,0.02016842945669652,-0.01221654584622645,-1.807446160460331,0.6442010289985947,1
是,5082010.115264833,1.017021882214737,-1.255784642858128,0.07147587697179758,-1.194686235736527,0.027819406985159,-0.01939674051378319,0.6944503718850275,0.18112856973865837,0
是,4461006.417565113,1.046191971042852,-0.08721500490786604,0.2959816217299092,1.093121828365807,0.03124601236039882,-0.004801669670965669,-0.7318134830281109,0.5543161719211214,1
是,7159310.71596526,1.935179230201935,-0.1128430362445047,0.258023952543508,0.6841300831460716,0.0195322442435819,-0.003240586209593827,0.7527221327205919,0.8930189257507133,1
是,4204803.395920055,3.249694164683905,-1.161014389320125,0.1460127591941233,0.252033837756784,0.02195884352523558,-0.01487910238774228,-0.3036027015768976,0.4995705819042266,0
是,5046856.156964186,1.054889118270391,1.304019304276768,1.878129026776618,1.358951710321508,0.02284253939026531,0.01081097585763283,-0.2582286846276632,0.8440430568050781,1
是,4979029.682409487,2.132133088023299,0.5540340788745718,2.055352206372083,-0.5236304174906906,0.02534167353902338,0.008941924557873427,-0.8574056521554856,0.8103167952136355,1
是,4390917.006625921,1.083599511304269,1.47201676945464,1.961434047817074,0.9398607804717491,0.02662665985152719,-0.002155844853243315,-0.6749664635879178,0.6465806384295888,1
是,4770685.29133891,2.117936329245993,1.813863837120953,2.661390889280579,2.260575209904759,0.02957423028140076,-0.005005436844998299,0.6442721745588094,0.7211020596568857,1
是,5516721.165875958,2.906010206247136,1.369613807016561,2.009013287159388,1.471223208109675,0.02170638865293567,-0.0005895768375870906,-1.890874664675321,0.9561198540298002,1
是,4637965.88806776,3.83424830943997,1.659661865627863,-0.1969147554526835,0.2015573246746723,0.02210827311614687,-0.01057996971847758,1.552962864755538,0.564492459836091,1
是,4318105.972705514,3.874672912815281,0.9993984416947701,1.230713090438059,1.558743912523997,0.02722442597131446,0.01212735541677786,1.530109328880759,0.7885093876200194,1
是,3815350.54843017,1.054814212671243,0.4342809807787885,1.050733429891794,-0.06567378994515795,0.02814840374440641,0.009047658549643954,-0.9590599210524566,0.5648226881115782,1
是,5734768.770516009,2.027739271302588,0.8942147708680623,0.6187721734190955,0.4195382074897741,0.02116436078735428,-0.01434241981020678,-0.4662815510003397,0.7656700916892875,1
是,4483178.352972267,3.180771680543991,0.7581030549991054,-0.4553127532745762,-0.2497162133535748,0.02234411857020362,-0.02110852602418212,-0.3731929732326772,0.5089064723897505,1
是,4239347.672708824,4.149882336410105,-0.148006915527942,1.11313889707375,0.08944471838206113,0.02464016058639879,-0.01863397797953648,1.042463626626973,0.40198852005211283,0
是,3887989.28849191,2.817778446140672,-0.225525835576887,2.69358603039364,0.0388051590288034,0.0208917087312909,-0.004215948514915451,-1.049959960611041,0.6399816081202735,1
是,6690712.035736095,0.943225882078352,1.333625066443367,0.3294778494663688,0.5743375024974006,0.03065574332173021,0.005508874479964471,-1.804331032621435,0.9478022052444977,1
是,4633849.589897745,2.072395684471029,-2.089101554353589,0.5913577851445151,0.4986018023990557,0.03255395307051611,-0.01611486350599878,-0.716102156110061,0.4234048340293192,0
是,4445066.089568689,0.9918651484325038,1.309188377018228,1.310873661694738,0.7609875207646575,0.02666696202269177,0.00138382842512192,-4.57603745771669,0.9260300639477094,1
是,3635596.941537489,3.672697802708824,-2.63261022091822,-0.9553474138703656,-2.111201230917453,0.02246368278792845,0.1286580658812582,0.118167087332541,0.9934459199737797,1
是,5441951.767060683,1.947036035439657,1.179722557508845,-0.689152132711856,-0.7078724749476144,0.01929437959966117,-0.02033674809880521,1.335909035688552,0.37805018133537216,0
是,3885646.750480626,3.039992945917005,1.412227480649256,0.9252766699340434,-0.53221285149566,0.01859319439198386,0.007794246678790193,1.331766005397518,0.5400817618105171,1
是,4176881.866161858,0.9575771852003618,-0.1502847516812636,0.04260798135822662,1.213727582638417,0.02347435157849257,0.01086280936461641,-0.1151321833629808,0.6491119417318915,1
是,5044915.455639058,3.059869966896134,0.3430616696469576,0.6692030660384176,0.8841414861146242,0.02311022212385583,-0.00522360136564687,1.348393684883952,0.6522114923720198,1
是,5133382.020246578,3.877190124494525,2.304379409864805,1.506173042440714,0.6217495581551931,0.01909439304146801,0.01626789474301811,0.881810895265002,0.9262443882883261,1
是,5451454.398677725,1.076228099222744,-0.7789539154949936,-1.352753989840414,-0.3306251434092406,0.0248731752857762,0.0009959822189433492,1.070900684538499,0.487149418316308,0
是,7287322.455582004,3.629063294363809,0.284879679126955,1.224847276944094,0.8624857365750916,0.02143442049933768,-0.01571751009936755,0.5332057255153898,0.9230768156254098,1
是,3446691.194265792,0.9208430869455261,0.8767467944298176,-0.2111540613958296,0.1820545085965569,0.01937147256364316,0.02998021908010991,-0.01698025467044068,0.6874651919729378,1
是,4836957.297232674,1.889473125614029,1.45505962523234,1.473737227469037,1.585069039169568,0.02145715039113903,0.02103325145743689,-0.8668945415453181,0.9385680534049072,1
是,4936265.506854481,3.205620194367911,1.230904589500746,0.8637528275760146,1.447985150689677,0.01864796024923771,0.004030633139331862,-0.242090635588656,0.9015857765705269,1
是,4215556.641571461,2.104378533832694,1.064504529180927,0.6181029669115131,1.15417167163062,0.02640186506743548,-0.02645151894906305,-0.3073369843094054,0.3947786534114686,0
是,4342106.769338697,2.701709302437072,1.049769695092522,0.114261660834522,0.040297128497068,0.02499456884129326,-0.02497790595838508,0.09115878256507823,0.3616329106919105,0
是,5191613.637608603,0.9999050413344344,-0.06991574897653115,-0.2460874170556289,-0.4129574233159902,0.02449863562888737,0.02910771060963847,-0.2602815367506646,0.8507974783263584,1
是,4916570.091993735,1.816263612392246,0.6372954716012996,0.9267016407247595,0.4678618963382189,0.02058080641114515,0.02480141833871077,-0.26492373146174,0.897225935931558,1
是,5049292.729606055,3.688346874480627,-0.7857404391178469,1.42790294950415,-0.4948449659809206,0.02563189590353985,0.01649942057664212,-1.54233215359216,0.9278653748448282,1
是,4567437.618916404,2.060789401916416,-1.422679607999974,-1.088183975551433,-0.03835906066755118,0.01957795720884056,-0.02522838067798372,0.3105384920305766,0.26196935404606486,0
是,4389718.348652108,4.222169447701987,4.428393666772597,3.463285393018811,3.423053904045503,0.02069540998966884,-0.01985053603680689,-0.5233657047559988,0.913646670349523,1
是,7043316.055133122,0.9929390835232021,0.2831233098938997,1.251788634544424,1.582419214863788,0.02950058118449207,-0.008241994385750906,-1.340508979883053,0.9281337791024541,1
是,5119102.172669781,0.9910749317392884,1.260613340701331,0.3185748950943617,-0.4824559340806035,0.02331396003175524,0.03908840461306946,-1.026649771196518,0.9380515331130204,1
是,3715918.451888061,3.618727624427446,-3.05003097559967,5.193604256279069,4.902036130620916,0.02436093494252757,0.002367925040609855,-0.3409119565438999,0.8630824305701802,1
是,5383620.557683807,1.810166491875058,-0.9693452345462426,0.6107522061385632,-0.3896999630261016,0.02363573994445233,-0.02862897474873881,0.8735722202564363,0.2574108365759294,0
是,4640042.701139404,2.917075964597646,-1.799185412733649,2.214457797159291,-1.034234941854675,0.02301286700212262,-0.01837552022099514,-0.213892171325626,0.37468375028839074,0
是,6985523.645853746,3.853965043510306,-0.7852724024657033,2.809562541798049,1.484334303494346,0.01729915169880385,-0.0257040491128342,-1.943374074280252,0.9623586421449474,1
是,5124236.36365346,4.032286709482968,1.012112299528969,2.757059324878145,1.268534651334083,0.02586954762737855,-0.03339651417507503,-1.169992596388744,0.7621607037404433,1
是,3716503.67045605,1.026860852357272,0.3003270804344748,1.181752865007966,1.491857818060427,0.02630536684556812,0.02397349489365338,-0.601927661883812,0.7732061866149108,1
是,4687816.389451233,1.902817887272118,1.118122569441176,0.7245510778596895,-0.3015390298135853,0.02923819779225816,-0.006380047325068453,0.9941265833058589,0.40248627366883577,0
是,5063305.352736925,3.122206345870666,2.251735740269013,2.028295890609978,2.576195526246146,0.0206196952001634,-0.0143367958681442,0.8784502988668208,0.8032202469299711,1
