,20.703125,20.923056722689076,21.14298844537815,21.362920168067227,21.582851890756302,21.802783613445378,22.022715336134453,22.24264705882353,22.462578781512605,22.68251050420168,22.902442226890756,23.12237394957983,23.342305672268907,23.562237394957982,23.782169117647058,24.002100840336134,24.22203256302521,24.441964285714285,24.66189600840336,24.881827731092436,25.10175945378151,25.321691176470587,25.541622899159663,25.761554621848738,25.981486344537814,26.20141806722689,26.421349789915965,26.64128151260504,26.861213235294116,27.08114495798319,27.301076680672267,27.521008403361343,27.74094012605042,27.960871848739494,28.18080357142857,28.400735294117645,28.62066701680672,28.840598739495796,29.06053046218487,29.280462184873947,29.500393907563023,29.7203256302521,29.940257352941174,30.16018907563025,30.380120798319325,30.6000525210084,30.819984243697476,31.039915966386552,31.25984768907563,31.479779411764707,31.699711134453782,31.919642857142858,32.13957457983193,32.35950630252101,32.57943802521008,32.79936974789916,33.01930147058823,33.239233193277315,33.45916491596638,33.679096638655466,33.899028361344534,34.11896008403362,34.338891806722685,34.55882352941177,34.77875525210084,34.99868697478992,35.21861869747899,35.43855042016807,35.65848214285714,35.87841386554622,36.09834558823529,36.31827731092437,36.53820903361344,36.758140756302524,36.97807247899159,37.198004201680675,37.41793592436974,37.637867647058826,37.857799369747895,38.07773109243698,38.297662815126046,38.51759453781513,38.7375262605042,38.95745798319328,39.17738970588235,39.39732142857143,39.6172531512605,39.83718487394958,40.05711659663865,40.27704831932773,40.4969800420168,40.716911764705884,40.93684348739495,41.156775210084035,41.376706932773104,41.596638655462186,41.81657037815126,42.03650210084034,42.25643382352941,42.47636554621849,42.696297268907564,42.91622899159664,43.136160714285715,43.35609243697479,43.576024159663866,43.79595588235294,44.01588760504202,44.23581932773109,44.45575105042017,44.675682773109244,44.89561449579832,45.115546218487395,45.33547794117647,45.55540966386555,45.77534138655462,45.9952731092437,46.21520483193277,46.43513655462185,46.655068277310924,46.875
11.0,8.646387169564572e-45,2.941962374315809e-41,1.0010126128004327e-37,3.4059791509691718e-34,1.1588958848762817e-30,3.9431823051559424e-27,1.3416810685590372e-23,4.5651150528242065e-20,1.5532957819777957e-16,0.5831792975970426,0.5831792975970426,0.5831792975970426,0.5831792975970426,0.5831792975970426,0.5831792975970426,0.5831792975970426,0.9999999997901552,0.9999999987362723,0.9999999923431486,0.9999999533501892,0.9999997138059861,0.9999982290881442,0.9999889269366334,0.9999298994664939,0.9995500345973239,0.9970808296535502,0.98157013248787,0.9112791022176431,0.817708256784892,0.8116150271950087,0.8347799255832066,0.8582970299379771,0.8776312654336843,0.8879171808127277,0.8778690939925051,0.8326689746909541,0.7494730653775483,0.6497349666714799,0.5660331733016362,0.5202000692090705,0.5201631316561781,0.5678632262794628,0.6507794649300311,0.7305532491820435,0.7819808800713446,0.7999871129047257,0.7731350499768435,0.6962248089369343,0.603659910521931,0.5364992723401303,0.5051470798436732,0.5193989614937773,0.5726757098466078,0.6245570119982117,0.6343386569254741,0.5698118203709416,0.42599608716651227,0.2641889922046187,0.14589457318769097,0.0773558166635287,0.045116209593884106,0.03811086978940746,0.05275285186951586,0.09788875568447748,0.19940163635966476,0.38242999423056057,0.574646122791575,0.658814752726201,0.651367375009183,0.6070068157690321,0.5600123841862316,0.5318446010840135,0.5354562142384547,0.5734460630214037,0.6407180433488446,0.7790981552934603,0.9762974579719578,0.9992417371758564,0.9999761807657638,0.9999975835786119,0.9999965551489145,0.9999923160314805,0.9999825376264815,0.9999605268523958,0.9999129960848807,0.9998280109836425,0.9997843350098514,0.9998898813887601,0.9999670049302986,0.9999913107138204,0.9999977695402278,0.9999994308162735,0.9999998550156765,0.9999999631290831,0.9999999906683107,0.9999999976804826,0.9999999994601313,0.9999999998972218,0.9999999999868502,0.9999999999988656,0.9999999999999195,0.9999999999999946,0.9999999999998381,0.5831792975970426,0.5831792975970426,0.5831792975970426,0.5831792975970426,0.5831792975970426,0.5831792975970426,0.5831792975970426,2.334509466957171e-15,8.71534049885895e-19,3.254053561459357e-22,1.601639191684297e-25,3.874129980946776e-26,3.8695969539061745e-26,3.869595261607468e-26,3.8695952609756886e-26,3.869595260975453e-26,3.8695952609754533e-26
11.15126050420168,4.419042651925936e-45,1.5035941552820336e-41,5.116029787159878e-38,1.7407463770167058e-34,5.9229482140661985e-31,2.0153030912310234e-27,6.857136687232722e-24,2.333163867608211e-20,7.93866869133296e-17,2.701158776958894e-13,0.5831792975970426,0.5831792975970426,0.5831792975970426,0.5831792975970426,0.5831792975970426,0.5831792975970426,0.9999999998409916,0.9999999990472617,0.9999999942453482,0.9999999650815193,0.9999997868946018,0.9999986900656074,0.9999918766742121,0.9999490863868415,0.9996769561837813,0.997926545768709,0.9867910472627885,0.9273821646096198,0.7934038348208918,0.7476189643281055,0.7691549142029246,0.7974003769857659,0.8210778279132527,0.8355331280080008,0.8307078655052752,0.7913368803276526,0.7137223735929278,0.6215319090326039,0.5481129228952266,0.513527289817205,0.5240803125021561,0.5764744082534272,0.6518586479543735,0.7198342492088002,0.7651156497905947,0.7838691594534525,0.765033604861725,0.7004588021775021,0.616819707812761,0.5534355240100884,0.5243807890706628,0.5370821880215578,0.5789761512792884,0.6122105672228897,0.6068480267364367,0.5443879286419293,0.42618201380364057,0.2917210912973858,0.1825586551516015,0.11178835400316822,0.07675412770137409,0.07222719030814212,0.09903358969175664,0.16692601471649313,0.2820499226094758,0.4245325881738149,0.55072576300696,0.6176114610728404,0.6197220051909457,0.5882905658722467,0.556480371183708,0.5466391575768247,0.5689427857106767,0.6208863882302329,0.6921968947189625,0.8010065322194503,0.9712357892646893,0.9989796909366165,0.9999588353081208,0.9999908501303142,0.9999849963117117,0.9999668199788364,0.9999254167434721,0.9998349271388547,0.9996542532811151,0.999402363007425,0.9994199074266034,0.9997470281657435,0.9999258715224227,0.9999804519554163,0.9999949751411813,0.9999987172361243,0.999999673405249,0.9999999171491106,0.9999999792347412,0.9999999950225777,0.9999999989700376,0.9999999998488625,0.9999999999855443,0.999999999998933,0.9999999999999283,0.9999999999999953,0.9999999999998582,0.5831792975970426,0.5831792975970426,0.5831792975970426,0.5831792975970426,0.5831792975970426,0.5831792975970426,7.138173297559452e-12,2.6648684895874775e-15,9.94866344560605e-19,3.719821934702519e-22,7.111856656934155e-25,5.7258039377231e-25,5.725286487639184e-25,5.725286294461403e-25,5.725286294389284e-25,5.725286294389256e-25,5.725286294389257e-25
11.302521008403362,2.258508389293404e-45,7.68465091034364e-42,2.614728370892671e-38,8.896701402985736e-35,3.02713263584112e-31,1.029992081323428e-27,3.504582769278562e-24,1.1924460983178821e-20,4.0573380370932167e-17,1.3805229410757504e-13,4.697275830897111e-10,0.5831792975970426,0.5831792975970426,0.5831792975970426,0.5831792975970426,0.9999999953118665,0.9999999998786545,0.9999999992791779,0.9999999956559639,0.9999999737197055,0.9999998402404485,0.9999990229369506,0.9999939797739437,0.9999625684338961,0.9997647665278822,0.9985053528438548,0.9904937544851593,0.9441998164668779,0.7943767551759318,0.6880750699806902,0.6966752171448136,0.7274209554991544,0.754307082353633,0.7708860035898256,0.7684211401714521,0.7338525883834133,0.6650111163453158,0.586682198775132,0.5302646625665867,0.5119407613174525,0.5345717815396653,0.5892262046241883,0.6553970273292526,0.7121744925855086,0.7509990895957855,0.7687688647508997,0.7557016616629901,0.7024844861231497,0.6291659904937844,0.5725257224330232,0.548713205295144,0.5599883588204395,0.5877633820250298,0.6009538292605773,0.5836994584691687,0.5298205562749234,0.4397134990110709,0.33126909366073565,0.23213093359739845,0.16212254444112006,0.12805194252351035,0.13052200685201903,0.17473188214443286,0.2639623664765908,0.3708153831842591,0.45429095216697846,0.5196234617740317,0.5714374050271888,0.5874314531293051,0.5749732798110267,0.562959783819647,0.5730558390519069,0.611939929201732,0.6729717589143265,0.7436586623032633,0.8291395197746144,0.9660071560991639,0.9984486795516511,0.9998924773405471,0.9999609356955206,0.9999363337831512,0.9998619586445645,0.9996969607220513,0.9993593221273958,0.9987831180274566,0.9982569225594587,0.998625389163295,0.9994376605132667,0.9998344706628604,0.9999560799089123,0.9999886842512293,0.9999971102716684,0.999999265318879,0.9999998148114404,0.9999999547042064,0.9999999900174742,0.999999998336491,0.9999999998201883,0.9999999999859444,0.9999999999990374,0.9999999999999367,0.9999999999999959,0.9999999999998754,0.9999999996677765,0.5831792975970426,0.5831792975970426,0.5831792975970426,0.5831792975970426,0.5831792975970426,8.14830401468287e-12,3.0419770335111263e-15,1.135658824381609e-18,4.324391543487959e-22,8.629165282297275e-24,8.470945821127674e-24,8.470886753624443e-24,8.470886731572985e-24,8.470886731564752e-24,8.47088673156475e-24,8.47088673156475e-24
11.453781512605042,1.1542907698086222e-45,3.927513245937624e-42,1.3363496183524938e-38,4.546974613817011e-35,1.5471234364690768e-31,5.264139633413392e-28,1.7911412513611244e-24,6.094418472420489e-21,2.0736464245215246e-17,7.055651845027896e-14,2.4007093185034387e-10,0.5831792975970426,0.5831792975970426,0.5831792975970426,0.5831792975970426,0.9999999908510404,0.9999999999061172,0.999999999452689,0.9999999967067874,0.999999980119021,0.999999879483301,0.9999992656782614,0.9999954972272203,0.9999721748426534,0.9998264584483766,0.9989067834108991,0.993082809440153,0.9581720673334346,0.8162888372713155,0.6489912022278519,0.6293757509933726,0.6582210231478055,0.6866978615970332,0.7038645171464782,0.7011804192853092,0.6688596566551085,0.6097455108669917,0.5504389637354725,0.5166902663031386,0.5169422743332577,0.5489756921483759,0.601294013901058,0.6574776649263959,0.7051739161065645,0.7391025329694039,0.7560952720372198,0.7477148664739612,0.7046013986072194,0.6421215201158769,0.5948421307749489,0.579376082038823,0.5904266739734426,0.6027255141413271,0.5948321293237359,0.567345729973614,0.5239215840724426,0.4604855445021873,0.37776126701685186,0.2931316514825575,0.23061117165326703,0.20404586387763665,0.21888605714748688,0.28145942813096325,0.3779903495931464,0.4512647807794091,0.4732164961531503,0.4873941821306113,0.5234708547015614,0.5554954810061473,0.5680836061101457,0.5799971818380781,0.6100103746862002,0.6617077637966536,0.7264807560729474,0.7922722464793526,0.8579233279961499,0.9589972276140027,0.9967441793552325,0.9995949379934591,0.9998343898030161,0.9997477930504762,0.9994724678541544,0.9988945287159791,0.9978506776632563,0.9964688169402272,0.9958029589242905,0.9970329942106408,0.9987793518812893,0.9996324096892482,0.9999014638123036,0.9999745325745274,0.9999934966262946,0.99999835309958,0.9999995915413068,0.9999999057652763,0.9999999824762285,0.9999999978320777,0.9999999998170219,0.9999999999871374,0.9999999999991467,0.9999999999999436,0.9999999999999952,0.9999999999998895,0.9999999997089449,0.5831792975970426,0.5831792975970426,0.5831792975970426,0.5831792975970426,2.491487186006491e-08,9.301379633793883e-12,3.4724507581944797e-15,1.296482853814817e-18,6.09296085538369e-22,1.2551226423186972e-22,1.2533165495526659e-22,1.2533158752905396e-22,1.2533158750388197e-22,1.2533158750387257e-22,1.2533158750387255e-22,1.2533158750387257e-22
11.605042016806722,5.899412141135479e-46,2.007294863095574e-42,6.829888421110354e-39,2.323892553228533e-35,7.907122731696247e-32,2.6904251578777075e-28,9.154262271819375e-25,3.1147685894879627e-21,1.0598105099006119e-17,3.606040977446707e-14,1.226967595428902e-10,4.1747968520682996e-07,0.5831792975970426,0.5831792975970426,0.5831792975970426,0.9999999821171301,0.9999999999251438,0.9999999995825916,0.9999999974910084,0.9999999848748828,0.9999999084910954,0.9999994438849357,0.9999966017952544,0.9999790953631926,0.9998703668338483,0.9991889371370628,0.9948969553552359,0.9687501055185125,0.8469644746100313,0.6397719504999309,0.5807845373648631,0.602527696001633,0.6309273373754997,0.6483619632291288,0.6453882451556194,0.6146733656456689,0.5647747770555892,0.524962083451457,0.5134000181718854,0.5280388013152617,0.5620970519094579,0.606633554121209,0.6529346531404182,0.6948198473086581,0.7273690454582077,0.7462804309591163,0.7439335883747727,0.7111269908349009,0.6597960411639372,0.6227345435316156,0.6160703827327377,0.6268055202785903,0.623439752646976,0.5942545493587741,0.5561400473866286,0.5208755310799404,0.4805593914938541,0.42421914950996903,0.3608294637268267,0.31463954540053424,0.3026676893282661,0.33257201430429834,0.40616209304408907,0.4888413395478415,0.5150201713720439,0.484628831264085,0.4582379767426957,0.4774593131235148,0.5248773139670937,0.5670640313441856,0.6057915109605734,0.6542487450364377,0.7143141475932662,0.7779318734278354,0.8347956090015313,0.8789775139635829,0.9411896635672427,0.9902599630409229,0.9983614404752348,0.9993674181779428,0.9991290077983774,0.9982793209086726,0.9966478876083112,0.9941775139833793,0.9917475764959491,0.9913241340131096,0.9939911107176367,0.9974032231186675,0.9991885704215777,0.9997793371197852,0.9999427426197312,0.9999853992415999,0.9999963407791536,0.9999991278773622,0.9999998227837444,0.9999999748323674,0.9999999976568829,0.9999999998289644,0.9999999999885317,0.9999999999992465,0.9999999999999465,0.9999999999999889,0.9999999999998911,0.9999999997450006,0.9999993170098779,0.5831792975970426,0.5831792975970426,0.5831792975970426,2.8440602954211095e-08,1.061762836361781e-11,3.9638429103107785e-15,1.481660897484988e-18,2.4068029899043645e-21,1.8545583712591843e-21,1.8543522037589597e-21,1.8543521267911876e-21,1.8543521267624533e-21,1.8543521267624423e-21,1.8543521267624427e-21,1.8543521267624427e-21
11.756302521008404,3.0151036914855198e-46,1.0258991924667427e-42,3.490656577006073e-39,1.1877076644634022e-35,4.041215356209662e-32,1.3750371445689948e-28,4.678610225607454e-25,1.5919128970163317e-21,5.4165372824103945e-18,1.8429950650396713e-14,6.270852820634894e-11,2.133678350992164e-07,0.5831792975970426,0.5831792975970426,0.5831792975970426,0.9999999650238356,0.9999999999362479,0.9999999996794644,0.9999999980746015,0.9999999884038634,0.9999999299330713,0.9999995749509218,0.9999974089564089,0.9999841119047971,0.9999018858526496,0.9993892881712708,0.9961763274588427,0.9764685358775056,0.8769731905407346,0.6573664069645121,0.5587746384323338,0.5698049327095075,0.5970203867599321,0.6153798734233364,0.6141745968093365,0.5871608337401745,0.545980550023504,0.5209795575432838,0.5236658191881164,0.5429067566783801,0.569739896645117,0.6013546544848557,0.6379385040373552,0.6775676769078105,0.713380484849652,0.7384832716452778,0.7452696964666475,0.7244939545458852,0.6848748496718292,0.6571765571693935,0.6566245586996821,0.6643036616882043,0.6453563626984716,0.5962626196900355,0.5465920248283999,0.5151669483648693,0.4933145584709189,0.463536044781391,0.42738839303420784,0.4047680089030496,0.4112243973096462,0.4535512836687021,0.5259811552227645,0.580754551674036,0.5617291730882442,0.4911566463608845,0.43364608384069486,0.43661153722777474,0.4962431998408537,0.5689385059493871,0.635378598967598,0.7001354445052704,0.764584408640897,0.8228329858950363,0.8652035818749811,0.8771983292017622,0.892049628037243,0.9693849724769185,0.9942435003512401,0.9979802577204007,0.9975313367856593,0.9954653965403935,0.9918655639521309,0.9872604068765304,0.9836835452321607,0.9837097602674707,0.9883654489636974,0.9945846868678625,0.9982218034883565,0.9995071095952003,0.9998715405441926,0.9999674151034185,0.9999920462404652,0.9999982696983097,0.9999997200034078,0.9999999706637497,0.9999999977422814,0.9999999998461548,0.9999999999898717,0.999999999999318,0.9999999999999172,0.9999999999999287,0.9999999999997992,0.9999999997764306,0.9999994016774696,0.5831792975970426,0.5831792975970426,8.695458538329588e-05,3.2465264551833665e-08,1.2120140999144188e-11,4.524796134444675e-15,1.7166518426360895e-18,2.8066823297761694e-20,2.743642991665354e-20,2.7436194574156467e-20,2.74361944862969e-20,2.7436194486264096e-20,2.7436194486264084e-20,2.7436194486264084e-20,2.7436194486264084e-20
11.907563025210084,1.5409756180655545e-46,5.243221474102939e-43,1.7840237771578338e-39,6.070201026572148e-36,2.065406356954507e-32,7.027614737426611e-29,2.3911695987281746e-25,8.136035146365547e-22,2.7683133784447367e-18,9.419279567271025e-15,3.20494161731839e-11,1.0904920676367917e-07,0.5831792975970426,0.5831792975970426,0.5831792975970426,0.9999999315754702,0.9999999999382873,0.9999999997507267,0.999999998503523,0.9999999909937137,0.9999999456343519,0.9999996706287443,0.9999979956987488,0.9999877383303419,0.999924510735119,0.9995319116367404,0.9970808453267105,0.9820071601004942,0.9021690651188767,0.6909710801147811,0.5624607513114677,0.5619922007113055,0.5875485742777252,0.6075489396167367,0.6102075550720456,0.5892967235928763,0.5561174173602548,0.5391876412438853,0.5457394890555283,0.5595973915235205,0.571545766328677,0.5858790701662858,0.6123272637309095,0.6526810283664524,0.6962115570842139,0.731543692167349,0.7501964376802694,0.7430273593960076,0.7156995190019992,0.6958746852775753,0.6973726553252708,0.6980569475965511,0.6640009542492031,0.5982029889902312,0.5371656597558963,0.5051366570860911,0.49618848841295926,0.491057966122539,0.4845914176140961,0.48816716571621716,0.5122393320273871,0.5613145469368487,0.6239475390837931,0.6496191511494667,0.5949185499761998,0.49412431218018726,0.41330888402751864,0.40296910207159575,0.470089559726428,0.5689009962531888,0.6611452101988383,0.7399057028029327,0.8054847164261264,0.8536762723152652,0.8713707446563846,0.8337951092631971,0.8000483378770038,0.9199657068343831,0.9834733976938189,0.9946391018137648,0.994196824429842,0.9901194142784356,0.9834960559016922,0.9759312172355674,0.9707560710540456,0.9710820862983287,0.9782607741467592,0.9889524225103382,0.9961397317564568,0.9989032972769495,0.9997131202734639,0.9999283488799778,0.9999835827436799,0.9999970194949906,0.9999996433632113,0.999999970512529,0.9999999979422305,0.9999999998637484,0.9999999999909962,0.9999999999992183,0.9999999999996133,0.9999999999994001,0.9999999999989048,0.9999999998025728,0.9999994758473482,0.5831792975970426,0.5831792975970426,9.925840481454647e-05,3.7059460683695675e-08,1.3835276265353058e-11,5.165479782969102e-15,2.3341925741272348e-18,4.0665397316844663e-19,4.0593437210483085e-19,4.059341034587501e-19,4.0593410335845738e-19,4.059341033584199e-19,4.059341033584199e-19,4.0593410335841987e-19,4.059341033584199e-19
12.058823529411764,7.875702126524764e-47,2.679734191075056e-43,9.117885896968798e-40,3.1023914053501475e-36,1.0555991312843983e-32,3.5917116197741815e-29,1.2220919833388123e-25,4.158209159996291e-22,1.4148446805974494e-18,4.814056708529452e-15,1.637999019282594e-11,5.5733465560754776e-08,0.00018959905083993273,0.5831792975970426,0.999544719708608,0.9999998661272618,0.9999999999274591,0.999999999801252,0.9999999988079296,0.9999999928327343,0.9999999567843748,0.9999997385352684,0.9999984115744065,0.9999903027118842,0.9999404537440371,0.9996319475284782,0.9977125504617391,0.9859055001567818,0.9215965221274491,0.7295192962406106,0.5849637900690701,0.5745729504207299,0.5981511040915822,0.6197491839074276,0.6269874690776458,0.6131572239251508,0.5869288236329057,0.5727426474020268,0.5756307438457553,0.5779405875866515,0.5707921099026839,0.5650214026082327,0.5805410808307286,0.6233475731384559,0.677552646604086,0.7252985646744495,0.7562632441594328,0.7621893543696778,0.7468144685539315,0.7333820759425562,0.7333223769377507,0.7243268164185468,0.6773502798143282,0.5999574365998577,0.5298149240221489,0.49407027658905006,0.49193476347700904,0.5067020209335039,0.527780000733917,0.5557215603429572,0.5942180662471128,0.6455693431389276,0.6963046487389946,0.6990096066567619,0.6184417162563755,0.4944159466987148,0.39706406151560447,0.37805173148189836,0.44750663964111564,0.5628821999885444,0.6751570059719867,0.7644803602172393,0.8273436658489253,0.8585736481692423,0.8388050038816572,0.7512547474533597,0.6904941715591462,0.8336220773400449,0.9597193850678162,0.9874073488656866,0.9878143739756332,0.980774756876778,0.9697649699293773,0.957984432418314,0.9502932281035471,0.9505070994809646,0.960680857890647,0.9780374516687028,0.9917262034793201,0.9975753935284637,0.9993661250305947,0.9998479651784231,0.9999695920216464,0.9999958191454258,0.9999996206498654,0.9999999725977413,0.9999999981682273,0.9999999998796035,0.9999999999911696,0.9999999999977153,0.999999999996924,0.9999999999947917,0.9999999999910296,0.9999999998133423,0.9999995408020259,0.9987715625730361,0.5831792975970426,0.00011330298227329275,4.230378673998811e-08,1.5793127442981126e-11,5.9019953342861536e-15,8.207154472316985e-18,6.0068476972637515e-18,6.006026264637268e-18,6.006025957974775e-18,6.006025957860291e-18,6.0060259578602475e-18,6.006025957860247e-18,6.0060259578602475e-18,6.0060259578602475e-18
12.210084033613445,4.0251567421690407e-47,1.369573147021274e-43,4.6600187898049195e-40,1.585587098328047e-36,5.395013539182787e-33,1.8356715388676493e-29,6.245934276411701e-26,2.125200187464899e-22,7.231065260897306e-19,2.4603943250037472e-15,8.371574610445217e-12,2.8484563937947842e-08,9.691029902405444e-05,0.5831792975970426,0.9991095772898957,0.99999973806816,0.9999999998951793,0.9999999998336104,0.9999999990039502,0.9999999940229783,0.9999999640359915,0.99999978290134,0.9999986844115162,0.9999919911173221,0.9999509805243496,0.9996981314552027,0.9981313226161189,0.9885136970353696,0.9354197433222371,0.7649014704970944,0.6174366524877983,0.6001427666331579,0.6212876109306932,0.6435119830400596,0.6545491836825689,0.6473676946918503,0.6273315823583935,0.6136398955192035,0.6099238630962894,0.5990265372314024,0.572460522002175,0.5465156752092417,0.5508852259966229,0.596185216310629,0.6613954555698383,0.7208610588842265,0.7614733955463504,0.7769410907725529,0.7711846620429508,0.7624874705162716,0.7587560366386952,0.740225676366287,0.6851230857876195,0.6032332427383353,0.5288814685125515,0.48894218963889685,0.48792796400743865,0.5151379965318619,0.5575235968126337,0.6053227294920839,0.6549381112352542,0.7064201103877494,0.7468060866257221,0.7338045089029479,0.6354382806566049,0.49397837739706,0.38682884629462627,0.3640797604119353,0.4308936861815164,0.55023381522148,0.6721236077492428,0.7652241685261144,0.8195283968758009,0.8270027212469931,0.7696816739690154,0.6622358570669745,0.5971777925291823,0.7187983986354215,0.9125437420888595,0.9720597181380097,0.9754344415722358,0.9642984406539103,0.9471699899369359,0.9296151227645186,0.9182933546303582,0.9178301980956953,0.9312483775949862,0.9577007980952319,0.9825847584837742,0.9947017128435451,0.9986339888682395,0.9997019773116677,0.9999530101697376,0.9999952204816559,0.9999996374765138,0.999999975411198,0.9999999983824619,0.9999999998895991,0.9999999999841134,0.9999999999840575,0.9999999999734545,0.9999999999546333,0.9999999999223347,0.9999999997170583,0.9999995975236203,0.9989236855193888,0.5831792975970426,0.00012933454189118987,4.829024336373961e-08,1.8028112828542433e-11,6.8192000142363014e-15,9.137518303135036e-17,8.886350834841722e-17,8.886257067392789e-17,8.886257032386924e-17,8.886257032373857e-17,8.88625703237385e-17,8.88625703237385e-17,8.88625703237385e-17,8.88625703237385e-17
12.361344537815127,2.0571990330185328e-47,6.999689041132974e-44,2.3816677864497124e-40,8.103704909859965e-37,2.7573129065150394e-33,9.381850090794749e-30,3.1922061119059516e-26,1.0861588878816363e-22,3.695692221514767e-19,1.2574717335142812e-15,4.2785899523108904e-12,1.455804629699858e-08,4.953179035907918e-05,0.5831792975970426,0.9982592638830082,0.9999994875038913,0.9999999998238449,0.9999999998479094,0.9999999990930009,0.9999999945779795,0.9999999675054071,0.999999804673187,0.9999988216955263,0.9999928618207585,0.9999565407040146,0.9997339068824143,0.9983628947320199,0.9899964886849293,0.9438190863370258,0.7915747370401744,0.651012389327082,0.6306757129914814,0.6490904093749957,0.670535918121923,0.6836991053579252,0.6818981490249546,0.6678607019988598,0.6553446352214959,0.6460970746149058,0.6239667527003666,0.5811370162979352,0.5383758785402856,0.53293575584193,0.5791216907075583,0.6522900231537865,0.7193957746703874,0.7641447662956978,0.7831536945518892,0.7826495667415916,0.7766414764148606,0.7689694009044075,0.7439583880083054,0.6876345919800008,0.6099834124636625,0.5390579318354325,0.49783637736535175,0.49372325357965163,0.5239273601028379,0.5780031978925971,0.6392528778983896,0.6965536353702922,0.7468465466449831,0.7788955545267766,0.7565312445549646,0.6484986412167015,0.4970383595781856,0.38712553097260743,0.3640058390313984,0.42348306202987834,0.5338928367451884,0.6509677461746297,0.7371275913539312,0.7772649347286803,0.7630901530341586,0.689337290714445,0.5917570142749418,0.5306183341295234,0.6016880945606056,0.8291364259790845,0.9396075784840103,0.9505546401099159,0.9344566946005642,0.9096819179177529,0.8852309546001594,0.8695473133903541,0.8678849332413267,0.8843293922006452,0.9217321070615879,0.9643113453701914,0.9886821041513646,0.997217746312151,0.9994964188733702,0.9999414357220014,0.99999524917033,0.9999996707403823,0.9999999782385425,0.99999999855521,0.9999999998617267,0.9999999999150737,0.9999999998645476,0.9999999997689073,0.9999999996046934,0.9999999993236746,0.9999999987114937,0.9999996456375846,0.9990569854636964,0.5831792975970426,0.00014763411749366443,5.5123851312087867e-08,2.058050486074464e-11,8.997527404517199e-15,1.3176404490863904e-15,1.3147733444696875e-15,1.3147722741038176e-15,1.3147722737042217e-15,1.3147722737040724e-15,1.3147722737040724e-15,1.3147722737040722e-15,1.3147722737040724e-15,1.3147722737040724e-15
12.512605042016807,1.0514044874614952e-47,3.5774392027997607e-44,1.2172357453626876e-40,4.141685646618599e-37,1.4092224994834973e-33,4.7949270478116975e-30,1.6314900877798016e-26,5.551200007805232e-23,1.8888145111927843e-19,6.426755030761241e-16,2.1867250585258365e-12,7.440405652837025e-09,2.5315590281785877e-05,0.5831792975970426,0.9965997031769837,0.9999989972442336,0.9999999996784834,0.9999999998411209,0.9999999990580166,0.9999999944017964,0.9999999666577278,0.9999998009041448,0.9999988074772167,0.9999928307958837,0.9999567106057439,0.9997372967408863,0.9983993074496967,0.990326175904658,0.9464679491168966,0.8053568986329039,0.6774192496746958,0.6582516184021215,0.6743806895617146,0.6940041418272215,0.7075190843125777,0.7095269039793078,0.7016298393624796,0.6927676109007783,0.6817144334649826,0.6527905776631676,0.5992867611481236,0.5457194347521341,0.5333606488085244,0.5776652752877399,0.6525190452411241,0.7200835426953324,0.7616999249124011,0.7775089774567456,0.7773008568407488,0.7721999155276716,0.7621927716394546,0.7356339223401098,0.6855908147931292,0.6213759810374805,0.563171637680194,0.5263122970062514,0.5170862786673026,0.5405050887113096,0.5942908843214277,0.6602995656585412,0.7203996552754255,0.7673253541215415,0.7921817389041497,0.7663883083681137,0.6595354018320667,0.5091664606339152,0.4026783369565771,0.37963269591267507,0.42769149254991706,0.5182552672377433,0.6146763550060995,0.6823980799976975,0.7083332457601198,0.686891166539676,0.6210223639184284,0.5431149179338306,0.4868015571224032,0.5082432615870633,0.7064909730270059,0.8734868472352489,0.8999360614559577,0.879938815901673,0.8480708599481434,0.8177228085086539,0.7984388348068198,0.7955755420244907,0.8141906363855053,0.8624392297706641,0.9297896748365966,0.9768970062294291,0.9949417013587133,0.9993087079520866,0.9999385788922385,0.9999956067142232,0.9999997072378903,0.9999999807384221,0.9999999985216307,0.9999999995171721,0.9999999993068133,0.9999999988227117,0.9999999979864772,0.9999999965553588,0.9999999941069728,0.9999999898032212,0.9999996740539923,0.9991737662363945,0.3110498925133351,0.00016852246816433084,6.292450750375961e-08,2.3510827427322348e-11,2.8222754167903132e-14,1.9456077696919652e-14,1.9452804865076025e-14,1.9452803643241466e-14,1.945280364278532e-14,1.945280364278515e-14,1.945280364278515e-14,1.945280364278515e-14,1.9452803642785154e-14,1.945280364278515e-14
12.663865546218487,5.373575325048338e-48,1.82837711425779e-44,6.221114750841599e-41,2.1167552602434205e-37,7.202331111417087e-34,2.4506174338038876e-30,8.33830840870893e-27,2.837137537654153e-23,9.653456088478495e-20,3.2846209679786655e-16,1.1176033541137248e-12,3.802683063148082e-09,1.2938589919510262e-05,0.5831792975970426,0.9933684822272546,0.999998037993172,0.9999999993903922,0.999999999805637,0.99999999885512,0.9999999932409728,0.9999999600307132,0.9999997631724729,0.9999985933624842,0.9999916208227494,0.9999499092107965,0.9996993468114621,0.9981905972507964,0.9892377754283258,0.9422253958628369,0.802974351097542,0.6902950987640744,0.6761702731707022,0.6913536014509867,0.7089348141867594,0.7214347864230302,0.7257142189965605,0.7241012117902895,0.7218199446294956,0.7137188924520477,0.683624893484878,0.6260850938650903,0.5684269816705688,0.5522621715635216,0.5913062430767086,0.6597501190588213,0.7189085873136134,0.7498691849150416,0.756655751223533,0.7530053112695908,0.748584411680673,0.7398860927143436,0.7176625728800469,0.6805490857434756,0.6373157139260237,0.5996699198197759,0.572776262540028,0.5587464313118327,0.5683050345140213,0.6100103190102241,0.6700592790504667,0.7258503473652513,0.765880956284115,0.7840528622737805,0.7609398871678433,0.6686641113580705,0.532875677055329,0.4340814795635799,0.40968671465277534,0.4438983365438378,0.507414363863998,0.569917268089962,0.6114059996610754,0.6299367704168325,0.6183068851382728,0.5722168724669663,0.5121122116147685,0.4602022346833428,0.4476599726306958,0.5678011054744018,0.7528533517128864,0.8013608004319137,0.783656546471756,0.7508723900653151,0.7202402742435332,0.7010471286071538,0.6982475770645734,0.7177378816544844,0.7735150632752602,0.8702071957604223,0.9567516884769862,0.9923338739784605,0.999221850862772,0.9999416706498061,0.9999960633702588,0.9999997413033136,0.9999999820184959,0.9999999968620716,0.9999999964252332,0.9999999940006044,0.9999999897438676,0.9999999824545721,0.9999999699838449,0.9999999486492629,0.9999999120498694,0.9999995792801722,0.9992758879051327,0.34009681824667776,0.00019236568653629733,7.182929091407392e-08,2.7103480991237558e-11,2.97826290983458e-13,2.878190321796384e-13,2.8781529620564765e-13,2.878152948109099e-13,2.878152948103892e-13,2.8781529481038904e-13,2.8781529481038904e-13,2.8781529481038904e-13,2.878152948103891e-13,2.878152948103891e-13
12.815126050420169,2.746356147260177e-48,9.344569348167713e-45,3.1795212135843846e-41,1.0818428084773412e-37,3.681006615882064e-34,1.2524749067046393e-30,4.261588080707327e-27,1.4500197067748362e-23,4.9337409205593697e-20,1.678721975809791e-16,5.711908098623126e-13,1.943495976932536e-09,6.612766844681745e-06,0.5831792975970426,0.9871064345398209,0.9999961611084474,0.9999999988251603,0.9999999997265603,0.9999999983978864,0.999999990592707,0.9999999446984364,0.9999996744456233,0.9999980801550953,0.9999886538490362,0.9999327660081452,0.9996004157869357,0.9976234064901496,0.986120284491995,0.9289026841758368,0.7827903623026123,0.6873625337619044,0.6810045273028726,0.6967116890169254,0.7124040824754471,0.7227333937459547,0.7277443294486098,0.7323197969683385,0.7390077779488015,0.7381337868607096,0.7122664330762901,0.6570048763558637,0.6009316132036286,0.5830030516619675,0.6133764398671654,0.6675695975020955,0.7097678691938462,0.7235806202460231,0.7173127100840025,0.7086768339828242,0.7070723733268993,0.7054855438985174,0.6941748788862201,0.6750070888698284,0.6561715312239016,0.641292398182691,0.6261872705842324,0.6091044865217138,0.6032320405951687,0.6253606826197334,0.6694407519136627,0.7131475803079342,0.7427770075566932,0.7552453593528042,0.7401822259622453,0.6734051767704083,0.563615500317457,0.4760897738063279,0.4501747418122135,0.4708851714780376,0.5051042831008056,0.5266522636754414,0.5392724054186158,0.5586457410549792,0.5667243104308128,0.5416351142237779,0.4952969748647983,0.44766236769785595,0.4163258989815995,0.45206748768442284,0.5768329915952446,0.6351088181672151,0.6312357983365822,0.6110327448039524,0.5909485677092888,0.5786565087118705,0.5788024975567426,0.5981200530547981,0.6553757118191375,0.7806484071694136,0.9297658782737576,0.9905539822219547,0.9992312150908035,0.9999470723360157,0.9999965123425515,0.9999997670800327,0.9999999748406572,0.9999999811967213,0.99999996940342,0.9999999477575668,0.999999910631532,0.9999998471115092,0.9999997384431677,0.9999995525368175,0.9999992344055653,0.9999984534830176,0.9993635849729191,0.37039750701319435,0.0002195815992699694,8.19978643704095e-08,3.486877196842731e-11,4.269818662019493e-12,4.258395264669601e-12,4.258391000013693e-12,4.2583909984215845e-12,4.25839099842099e-12,4.25839099842099e-12,4.258390998420989e-12,4.25839099842099e-12,4.25839099842099e-12,4.25839099842099e-12
12.966386554621849,1.4036226592815032e-48,4.775873402799791e-45,1.6250070208503355e-41,5.529141154086742e-38,1.8813089118727893e-34,6.401216976122845e-31,2.178035649372063e-27,7.410839700686017e-24,2.5215631840138978e-20,8.57970371479724e-17,2.919273104095214e-13,9.932925111546426e-10,3.3796998258858746e-06,0.011368844471935279,0.5831792975970426,0.9999924887788413,0.9999999977201681,0.9999999995768402,0.9999999975288912,0.999999985537443,0.9999999152830187,0.9999995032222128,0.999997082952022,0.9999828416706472,0.9998988564805273,0.999402500287509,0.996475386502377,0.9797948183941745,0.9031606670940708,0.7461160293669596,0.6709767403271829,0.6732664879842752,0.6899037916829841,0.7031860495045844,0.7097403540980267,0.7136755254833862,0.7239573547846625,0.7410388911339572,0.7502570739254139,0.7326045731172428,0.6846207975720578,0.6342928823231393,0.6157698618982579,0.6349829793382037,0.6690723923504374,0.6876603008894757,0.6797662466758116,0.6586712571209434,0.6458466913158567,0.6511183854860894,0.6636888573449545,0.6698839837406777,0.671357689368611,0.6747957380753512,0.6776990721553666,0.6710680788326993,0.6523841776001618,0.6345466430392847,0.6366366922163975,0.6597722205181982,0.6866540185585449,0.7047093793913615,0.7134573904361401,0.7089016294978548,0.6704751702304264,0.5921033579545564,0.5204942974496969,0.4963368339359569,0.5069857476570835,0.5149202330862784,0.49607858328841314,0.4800266570182869,0.5035983842080249,0.5326645396917304,0.5260234220542932,0.4909740487978305,0.4481766584543465,0.4080611944747347,0.38064978312005576,0.3933227220097694,0.42277695775056906,0.43643187465134997,0.4399742788272626,0.4399652440350539,0.4409682260763002,0.44730406756846686,0.4662363387812395,0.5191613788449961,0.669298659484768,0.9046628831138791,0.9900741446883194,0.9992871393364838,0.9999527463133764,0.9999968924470386,0.9999997472078596,0.9999998961450239,0.9999998436325777,0.9999997338678742,0.9999995447963514,0.9999992212566899,0.9999986677510153,0.999997720832323,0.999996100877519,0.9999933294345409,0.999988380583852,0.999424888438282,0.4017498728553432,0.00025064710662670036,9.365961839774732e-08,9.794740772896746e-11,6.301836183116323e-11,6.300532189589657e-11,6.300531702774436e-11,6.300531702592697e-11,6.300531702592629e-11,6.300531702592627e-11,6.300531702592627e-11,6.300531702592629e-11,6.300531702592627e-11,6.300531702592629e-11
13.117647058823529,7.173711143086522e-49,2.4408793931250052e-45,8.30517439710978e-42,2.8258635785399813e-38,9.615096062639958e-35,3.2715688399069587e-31,1.1131623235505538e-27,3.787572321442349e-24,1.2887342471670235e-20,4.3849617086352546e-17,1.4919979994682885e-13,5.076573473616069e-10,1.7273182506021304e-06,0.005842928253884577,0.5831792975970426,0.9999853035041171,0.9999999955624561,0.9999999993085826,0.9999999959684658,0.9999999764339125,0.9999998621287773,0.9999991925164707,0.9999952640618194,0.9999721728574931,0.999836127500411,0.9990330679660181,0.99431689071108,0.968071055018222,0.8607965670104425,0.6974205812439588,0.6453960556895371,0.6550851292147188,0.6714774143575378,0.6807404867674841,0.6814462272361835,0.682379189778306,0.6973533901373508,0.7250682012815081,0.7456474852386036,0.7384239415786282,0.7010813125674905,0.6596303577250261,0.6420218385565728,0.6496331176335148,0.6608883672282047,0.6523888420847077,0.6213298981725247,0.586623884051802,0.5724297250446627,0.588810123179806,0.6211313098122776,0.6490291313906322,0.6702938677446907,0.6892067908672043,0.7006866956509724,0.6963840821562005,0.676130936990435,0.6515006211856059,0.6388998058030315,0.6431659092376418,0.653983393178811,0.6624396469777092,0.6696420475779039,0.6742625553748814,0.6590054895468872,0.6108201537817453,0.5602214184554117,0.5440162503183402,0.5502572838500444,0.5389516755031538,0.48636239458633207,0.4416975991720978,0.465829032595194,0.5123081342296647,0.5222662943640082,0.4984186401779847,0.4618435146101856,0.4184650666364364,0.3496856053089069,0.26134471885523725,0.23655923976515175,0.25260728447818315,0.273361233529052,0.29102940987310266,0.3052459768502841,0.318493368894358,0.3371492669531191,0.3831197388355354,0.5577300267824884,0.8895472491760921,0.9903917662799525,0.9993511528584289,0.9999575952258403,0.9999969923877289,0.9999993597049838,0.9999991963380821,0.9999986439852899,0.99999768137828,0.9999960334508409,0.9999932141724649,0.9999883910743856,0.9999801399783786,0.9999660245681307,0.9999418769283379,0.999900379216342,0.9993430879766524,0.43388163445917405,0.00028610712563784064,1.0777377382586248e-07,9.720862880583289e-10,9.322143933236437e-10,9.321995080924095e-10,9.321995025353599e-10,9.321995025332857e-10,9.321995025332847e-10,9.321995025332847e-10,9.321995025332847e-10,9.321995025332847e-10,9.321995025332847e-10,9.321995025332845e-10
13.26890756302521,3.6663793665726866e-49,1.2474979358306792e-45,4.244653769575928e-42,1.4442577503407127e-38,4.914135669604036e-35,1.672051223099038e-31,5.689210637711672e-28,1.9357730931389627e-24,6.5865331884213705e-21,2.2410901151554373e-17,7.625384645561673e-14,2.594562823889756e-10,8.828079658478877e-07,0.002994790795588374,0.5831792975970426,0.9999712449522866,0.9999999913499973,0.9999999988372739,0.9999999932203121,0.9999999603471925,0.999999767800787,0.9999986381607858,0.9999919966466371,0.9999528422602205,0.9997212524042702,0.9983481987767627,0.9902828621256509,0.946850944659934,0.7978573269469684,0.642134825904963,0.6130853836648041,0.6273159233882227,0.6414538698485126,0.6450755181631942,0.6387271469471062,0.6354387197208133,0.6532636321808836,0.6901542370623088,0.7219159367197964,0.7260780988742344,0.701452550487866,0.6714740550346433,0.6574173762029746,0.6557806103574801,0.6455776222217984,0.6112159930545075,0.5600327019811736,0.5162563030765622,0.5044784780000733,0.5339006943410222,0.5864368754337489,0.6344374391953951,0.6702275530680359,0.695919367218539,0.7070669571488584,0.6993610091297197,0.6767141648832569,0.6497012999457229,0.6300011653803418,0.6224642904591544,0.6224500505511112,0.6252105203038605,0.6323925920064567,0.642696573675648,0.6420220822930365,0.6182710455952676,0.5919417668557749,0.590127363929567,0.5978334993101813,0.5756319146130342,0.4987489074016786,0.4248317041674816,0.441279607706755,0.5005909239818921,0.527531545321114,0.5169852470586012,0.48874330904254165,0.4445922929464074,0.3460322936489308,0.19165301177958344,0.12265995823197458,0.12620227834707762,0.14724321893630543,0.16971633956790974,0.18937365135774864,0.20587162279023102,0.223140435381414,0.26206194256833515,0.46270742003017623,0.8821945921900062,0.9907749841437189,0.9993949691483142,0.9999596387459947,0.9999951251936757,0.9999958024056994,0.9999930864260763,0.999988189701695,0.9999797965280053,0.9999654370709855,0.9999408722719676,0.9998988503897549,0.9998269688573839,0.9997040198290461,0.9994937438731378,0.9991338288141473,0.9980879736346153,0.4660969634948183,0.00032659307434199585,1.3575326137617435e-07,1.383795291200205e-08,1.3792438703369627e-08,1.3792421711732246e-08,1.3792421705389003e-08,1.3792421705386636e-08,1.3792421705386636e-08,1.3792421705386636e-08,1.3792421705386634e-08,1.3792421705386636e-08,1.3792421705386637e-08,1.3792421705386637e-08
13.420168067226891,1.873833137625166e-49,6.375780402298356e-46,2.169380769402512e-42,7.381391179904646e-39,2.51154322557126e-35,8.545610468505649e-32,2.9076727621449707e-28,9.893454566971753e-25,3.3662812591238235e-21,1.1453885433868962e-17,3.8972231205166205e-14,1.3260433009191005e-10,4.511904986277956e-07,0.0015328383696297083,0.5831792975970426,0.999943738855141,0.9999999831248797,0.9999999980120137,0.9999999883891164,0.9999999319114167,0.9999995998870458,0.9999976424916649,0.9999860613735073,0.9999172277148007,0.9995059197294491,0.9970396283585626,0.9824990930449685,0.9084363523853098,0.7130029622906474,0.5835194604649282,0.5735621847704078,0.5893537364219683,0.6001245924282402,0.5983654336918061,0.586149475349916,0.5786944734613104,0.5964318473262096,0.6388382033384968,0.6801921280638413,0.6961008171239053,0.6856097905022903,0.6694025889439924,0.6626182103354736,0.6569393663475963,0.6313890899612016,0.5779694975523789,0.5139786715788737,0.46737754314359975,0.46083841939004117,0.5011152213429165,0.5671617711588895,0.6266828174887278,0.6685467259762694,0.6934047821700603,0.6981895253352006,0.6834785631868006,0.6580322749488685,0.6320224056575604,0.6123153237570161,0.6014855938168749,0.5976737525258393,0.5990128783968516,0.6069700812885548,0.619429022067408,0.625605893001675,0.6190670287015098,0.6168077795287203,0.6329832218434757,0.6460613138847846,0.6197792715597933,0.5277763578887603,0.42488623816255966,0.4246987141558112,0.4929032452039902,0.5390380553566746,0.5453547175036558,0.5278868668772985,0.48337685935845254,0.35795656956088384,0.16229997164732665,0.06870843952332109,0.05843699938044154,0.07073978074735687,0.08752716273185089,0.10359073867574703,0.11713279192378816,0.12986991513295024,0.16044403575611071,0.3760911026950382,0.8700688352755552,0.9902871238326503,0.999366506730509,0.9999477992624749,0.9999768619391793,0.9999646734053353,0.9999398395067728,0.9998971008940762,0.9998239772065857,0.9996989033776985,0.9994850035515644,0.9991192826445512,0.9984942386895953,0.9974267350201497,0.9956055148638095,0.992498496282322,0.9866934282307075,0.5831792975970426,0.0003729577006964567,3.432861168604665e-07,2.0411865892013166e-07,2.0406670493971848e-07,2.040666855531435e-07,2.0406668554599645e-07,2.040666855459946e-07,2.0406668554599465e-07,2.0406668554599465e-07,2.0406668554599465e-07,2.0406668554599465e-07,2.0406668554599465e-07,2.0406668554599465e-07
13.571428571428571,9.5768884713504e-50,3.2585685782042765e-46,1.1087389406930273e-42,3.772521612193681e-39,1.2836131926215847e-35,4.367537147955706e-32,1.4860692339733872e-28,5.056400651786004e-25,1.7204573627449053e-21,5.853914159230321e-18,1.9918140214160147e-14,6.777214335104881e-11,2.3059694863513504e-07,0.5831792975970426,0.5831792975970426,0.9998899242575615,0.9999999670599329,0.9999999965555296,0.9999999797997717,0.999999880859958,0.9999992946857722,0.9999958045937729,0.9999748943880763,0.9998486501412547,0.9990798952923144,0.9943780134710826,0.9665795776973897,0.8394888039124159,0.6109119555060072,0.5221923309774689,0.5258931650099802,0.5419706160352219,0.5505431619608816,0.546115167269286,0.5310499080067375,0.5200486237300984,0.5340642057164822,0.5767074157215912,0.6247449635362874,0.652300163983349,0.6571204169314824,0.6569330650612478,0.6617815451412161,0.6591550383156514,0.6279346183718985,0.5660272917023244,0.4978893848118221,0.4534588437497803,0.4524777386797354,0.4975476603603917,0.565237426266559,0.6241143288520109,0.6636930600935161,0.6828659596210078,0.6783789336960092,0.6552944430499333,0.6276469876886017,0.6054858759771955,0.5914125982948137,0.5849277852188622,0.5841437166639277,0.5877869720147411,0.5967486783084986,0.6087961794849219,0.616736684382106,0.6209603154329376,0.6389598926897376,0.6722004777289056,0.6915190515444949,0.665175519967468,0.5654931283477654,0.4364016861850586,0.412521419026884,0.48599115922126385,0.5539661344054151,0.58107100723135,0.5765070095364301,0.5305694350442018,0.37710530021895067,0.15239080107289743,0.04673303785955443,0.027406604890107055,0.03125845783122921,0.03990125075308548,0.04838536906982258,0.054987048559601064,0.06056897852581667,0.07932815031558438,0.2677680665484042,0.8259651915926819,0.9866457821734442,0.9990802537646839,0.9998403184351552,0.9998174027171837,0.9996934734849598,0.9994760892320231,0.9991040657665922,0.9984682400184877,0.9973823628723608,0.9955301450014443,0.9923773298599633,0.9870296379293632,0.9780131254120834,0.9629571779048173,0.9380755951993623,0.8939880288897794,0.5831792975970426,0.0004277482191732469,3.1781415092037646e-06,3.0193330295575098e-06,3.0192742049335214e-06,3.0192741875224322e-06,3.0192741875605737e-06,3.019274187561025e-06,3.0192741875610303e-06,3.0192741875610303e-06,3.0192741875610294e-06,3.0192741875610303e-06,3.01927418756103e-06,3.0192741875610294e-06
13.722689075630251,4.894608410543887e-50,1.6654070073934697e-46,5.6666034698516215e-43,1.9280809280843745e-39,6.560360337583457e-36,2.2321847144506707e-32,7.595083719536401e-29,2.584252832363172e-25,8.793007356059952e-22,2.991850386907839e-18,1.0179871772169426e-14,3.46373567835395e-11,1.1785475991156172e-07,0.5831792975970426,0.5831792975970426,0.5831792975970426,0.9999999356700074,0.9999999939314712,0.9999999641167931,0.9999997860503488,0.9999987159326932,0.9999922304102522,0.9999525203711992,0.9997064539263317,0.9981629143241251,0.9884614821500644,0.9319265640850196,0.7242599421226191,0.5043832376193427,0.4596330263068474,0.4728352433173818,0.49016692142817053,0.4992303785371364,0.495227744295272,0.4795691354318447,0.46495637164798265,0.47202864092255814,0.5098075747104861,0.560844307034586,0.5991776141921119,0.6202006492372047,0.6383035004689065,0.6589805672080717,0.6661650338372417,0.6389344150762495,0.5787013393351113,0.5131225933626167,0.4730678095873197,0.47566833604242514,0.5181447272896734,0.5759219253001985,0.6241984612496928,0.6561339559624286,0.6675650673268386,0.653157844263477,0.6219918064414303,0.5935173715623445,0.577693088836776,0.5734434233453796,0.5771406088978301,0.5847899985075992,0.5933317761464983,0.603053770665532,0.6132390918179117,0.6205712845719935,0.6307260993652046,0.6622904402307932,0.7073115130524159,0.7308543613561843,0.706006032928789,0.6049169123838785,0.45596374647267623,0.40409858140613064,0.4783527255287365,0.5696449258693262,0.6206018538822635,0.6301150710262593,0.5808529164850008,0.3978467901149152,0.15024178280714284,0.03847028764286597,0.014372237682303966,0.012990936245968716,0.015809817127182487,0.018367391684557397,0.01966908140549945,0.02044565758305351,0.02842329830721208,0.14088279825085248,0.6967954190895018,0.9725964601839157,0.9976892841747291,0.998974294054456,0.9984344593547421,0.9973367553801386,0.9954531745069517,0.9922465339012478,0.9868083125489635,0.9776417118759911,0.9623484854305778,0.9372658247781364,0.897257317314305,0.8361872570891128,0.748854835119114,0.6330456594254973,0.4656440715516138,0.12787005071673585,0.0005016107034466201,4.4826800393798935e-05,4.4669845811305653e-05,4.46700160383514e-05,4.467001834733027e-05,4.467001837022432e-05,4.467001837044904e-05,4.467001837045124e-05,4.467001837045127e-05,4.467001837045127e-05,4.467001837045126e-05,4.467001837045126e-05,4.467001837045127e-05
13.873949579831933,2.50156521841389e-50,8.511659962876135e-47,2.8961209881853868e-43,9.85414926675942e-40,3.352907498261186e-36,1.1408380761817919e-32,3.881740002495297e-29,1.320775118009376e-25,4.493981851527402e-22,1.529092470517339e-18,5.202788664180901e-15,1.770266377356167e-11,6.02339064793542e-08,0.5831792975970426,0.5831792975970426,0.5831792975970426,0.9999998743040461,0.9999999890167975,0.9999999340703862,0.9999995993770313,0.9999975393517816,0.999984693858813,0.999903393380638,0.9993804761928285,0.995970714802126,0.9740004963384529,0.8554007153807499,0.5667159459559439,0.41080947806857826,0.4019479112353625,0.4225279483414892,0.44268197375108026,0.45387545663556356,0.4510134750264839,0.4343553662279903,0.4149283792102921,0.41306732192056456,0.44254544970388177,0.4928006177608043,0.539898240790076,0.5772375473789332,0.6153243793254378,0.6544717265059017,0.6752958259182394,0.6580075426829844,0.6058242210095692,0.546175052205794,0.5101883960596391,0.5135153555934628,0.5484873288550085,0.5909616326856775,0.6249557408763501,0.6476342609837281,0.6509855541286504,0.6272468430622338,0.5895389148772552,0.5621853753268715,0.5547937755003459,0.5630386169258366,0.5802557950983281,0.5991085513396042,0.6132645868384624,0.622980888822566,0.6308098355220049,0.6372962060602133,0.6501850685473082,0.6867090173600732,0.7346157949847951,0.7576686081995352,0.7341287264870696,0.6386738394103489,0.482176115863588,0.4017792176944773,0.47024856206924254,0.5839015808421826,0.659987687583319,0.6834735882029256,0.6289558796326774,0.4165648814167522,0.15020487389409207,0.035167997205497445,0.009033835416809098,0.005254584649511956,0.005389621740056265,0.005593964857038618,0.0054011324735029915,0.005199222028085234,0.007909236846933027,0.053793936721166474,0.4520106865057986,0.9252810699564451,0.9904224641907784,0.9917949881147231,0.9865631126138028,0.9772627135582261,0.9617223079053531,0.936250181344569,0.895666274157222,0.8338316810439351,0.7457528666325969,0.6316133071326188,0.5005479801691126,0.36937535324693055,0.2546257667316332,0.1617859067366056,0.0693906198652312,0.006941061101849408,0.00042226968614407447,0.000648854637923447,0.0006603929482926673,0.0006605101294158692,0.0006605112800953235,0.0006605112913860397,0.0006605112914968241,0.000660511291497911,0.0006605112914979216,0.0006605112914979217,0.0006605112914979217,0.0006605112914979217,0.0006605112914979217
14.025210084033613,1.278562362883852e-50,4.3503515295530126e-47,1.4802217693947503e-43,5.036504456498249e-40,1.7136876152529327e-36,5.830879865300134e-33,1.98397652532501e-29,6.750546991343845e-26,2.296896364634447e-22,7.815267292299298e-19,2.659171036657293e-15,9.047919083128803e-12,3.078584875617675e-08,0.5831792975970426,0.5831792975970426,0.5831792975970426,0.5831792975970426,0.9999999792044797,0.9999998719906947,0.999999198532527,0.9999949041142391,0.9999670439486006,0.9997829845577375,0.9985455500919999,0.9901568685588747,0.9363746128182735,0.7060767794746452,0.41470166811958264,0.3450086627147049,0.359967609214267,0.3866721512012116,0.4096904961958795,0.42178984365972,0.4175613749560515,0.3971003824448459,0.37099503476157697,0.35933171403174136,0.37862333177616303,0.42427286706126127,0.4766653169029725,0.5288623702564664,0.5866848261051357,0.6437687855962019,0.6777598197116013,0.6714443121298304,0.6289622836923704,0.5749865209700618,0.5405075356530026,0.5421707404299193,0.5704423876608936,0.6017671631945873,0.6251751403957501,0.6399191443235708,0.6353318628878283,0.6034356074055754,0.5619766597635949,0.5384605308208426,0.5410747238476783,0.5623608909419244,0.5928911645107571,0.621846770985921,0.6396835902600512,0.6477621450547091,0.652979777817386,0.6591460055991971,0.6724122205412212,0.7040557874552377,0.7422809132603336,0.7569211080186593,0.7332434148997666,0.6528180353559464,0.5110047797764472,0.41002234042912594,0.4634195065655559,0.5952286773152947,0.695733815896503,0.7320039753163724,0.6709015864586731,0.4310308754143833,0.14930494253047188,0.032984322905003305,0.006784908223319,0.0025370030254507534,0.0020186325336520056,0.0018255443439892125,0.0015915187218752704,0.0014236361986126897,0.0022579792731022568,0.017590742001263714,0.20652266893036825,0.7860382289077851,0.9464933141295426,0.934336040010634,0.8940161720046623,0.8314496443840804,0.7424938884050984,0.6276180519372202,0.4962655379764544,0.36542747321893715,0.25183907902120856,0.16441023507915645,0.10314596897908017,0.06296257665937532,0.0375194909056745,0.02002306057786629,0.004595084512163416,0.00026022320301835686,0.00016443317354586476,0.006036938539827107,0.00962732530101635,0.009683831560019627,0.0096843892806156,0.00968439475327554,0.009684394806973211,0.009684394807500092,0.00968439480750526,0.00968439480750531,0.009684394807505312,0.00968439480750531,0.00968439480750531
14.176470588235293,6.545677368312179e-51,2.2271887847047876e-47,7.578084900453902e-44,2.5784689270705202e-40,8.773327424809086e-37,2.9851542250634665e-33,1.0157087864077885e-29,3.455983383222035e-26,1.1759099981763467e-22,4.0010734351133666e-19,1.3613787479711575e-15,4.632137278215437e-12,1.5761004524881882e-08,0.5831792975970426,0.5831792975970426,0.5831792975970426,0.5831792975970426,0.9999999577960202,0.9999997304382212,0.9999982418985093,0.9999883192737368,0.999920923622997,0.9994549163462262,0.9961888513901848,0.9735795650011655,0.8422844636808506,0.5051766520859088,0.3246631555362958,0.318503809656975,0.3475941495289755,0.3784508142363909,0.4017060011388502,0.4106393786988683,0.4006788810477141,0.37315528803025855,0.3389181602813856,0.31713493435676043,0.3246032426468005,0.3611543596897923,0.4137187056887926,0.4769857804104149,0.5509765779014367,0.6214007998457152,0.6641136254918582,0.665803631236618,0.6306271108059368,0.5786912269117542,0.541385603059048,0.5404264572930726,0.5686112885007307,0.6010817806473803,0.6236049291212976,0.6337207228483606,0.6215600928787696,0.5834678184500528,0.5423076165120967,0.5259674342186651,0.5391357329318742,0.5710316749219715,0.6102848525573812,0.6439533399255398,0.6609457681047973,0.6648479843014033,0.6666487666641346,0.6718561481418518,0.6819133403585678,0.6974804795446997,0.7101043970948597,0.7067479753736164,0.6822451030594512,0.62615015194299,0.5263386319961452,0.43003124893054595,0.4602066869413467,0.602256232798777,0.725302308036495,0.7727959713027903,0.704564563034604,0.4396844051143969,0.1455813709689788,0.03073646330956311,0.006661484264260182,0.003134481269503679,0.0025465529337658165,0.0021351412469676613,0.001728389170915032,0.0014106348211353644,0.001571319921789116,0.00695655201060424,0.07827937081083039,0.500281892866566,0.7140866629962019,0.6237440815031655,0.4925791748723886,0.36170696108144096,0.24870470678315082,0.16209321317635464,0.10158056592910973,0.061990942216023595,0.037192999025745986,0.022081428786305455,0.013025405195281784,0.007642676463291709,0.004371473238552544,0.0018573313188595723,0.00020815965773923035,9.744256874342335e-06,7.002219740626224e-05,0.006730688532477952,0.10762440902547028,0.1261830221836102,0.12639688077319688,0.1263989827408431,0.1263990033656583,0.12639900356802863,0.12639900357001427,0.12639900357003375,0.12639900357003397,0.12639900357003397,0.12639900357003395
14.327731092436974,3.596837373458059e-51,1.2238360388654805e-47,4.164143371958574e-44,1.4168638194441727e-40,4.820926920980909e-37,1.640336650814363e-33,5.5813008774781144e-30,1.899056540336541e-26,6.461604690065742e-23,2.19858338688066e-19,7.480758729394275e-16,2.545356903051859e-12,0.5831792975970426,0.5831792975970426,0.5831792975970426,0.5831792975970426,0.5831792975970426,0.5831792975970426,0.9999994113158346,0.9999959793663802,0.9999720560612169,0.9998028204314083,0.9985943430025801,0.9900247561169789,0.9340972321985949,0.6983713920928989,0.40029325236092544,0.3246744165469273,0.3427764720879987,0.37600236675895693,0.4052671188846645,0.4228198288989363,0.42350907700273765,0.4049754892313478,0.36986390224139315,0.3282339183020464,0.2968055025750046,0.2906589580565265,0.31309188731895543,0.359441277410463,0.4277363162153872,0.5112988734087764,0.5875240105752103,0.6322382470759247,0.6368380322597232,0.6046121533304684,0.5502724136822555,0.5067545646721385,0.5039472737418002,0.5395089275843835,0.5858562154086244,0.6184952717009824,0.6285094180628257,0.6106804654814393,0.5700857104447131,0.5340332021520284,0.5276914953366642,0.5500304322879696,0.58683275765883,0.626136507306628,0.6556928852896605,0.6661000652402994,0.6638551003001558,0.6619458973108517,0.6646202932630524,0.6663752592360049,0.6558948618442172,0.6310585948845827,0.6063974525054031,0.5843054034773265,0.5545189659548447,0.505484299275628,0.4468575932361416,0.4610520828456831,0.6023968880213072,0.7467138229100188,0.804792767703036,0.7294837679440781,0.4411820915750951,0.1388944335164362,0.031595268172487,0.012494647527462585,0.009687791551040091,0.008159997458209388,0.006587800780804553,0.005187557158689395,0.004134787149677086,0.003971592939083723,0.00882529366626985,0.05249423102922018,0.2539445506805241,0.27457482940365163,0.1720678410499107,0.10352712523763138,0.06191964990133534,0.03681584619927469,0.021771722726190115,0.012822274409390983,0.00753029019452193,0.004414328577653205,0.002584715860361414,0.0015118628977214598,0.0008794108428428319,0.00047416529298991426,0.00012617179922628984,7.873245629865674e-06,6.151117220497564e-07,3.094340844837496e-05,0.003138625540778884,0.2183930080183645,0.6677071024916368,0.6814636810922917,0.681601469183295,0.6816028214336247,0.6816028347019075,0.6816028348320956,0.681602834833373,0.6816028348333856,0.6816028348333857,0.6816028348333857
14.478991596638656,7.444423870450093e-51,2.532990320439557e-47,8.618585003492579e-44,2.9325026481381904e-40,9.977939504433883e-37,3.395027857489086e-33,1.1551699082613309e-29,3.930506348505395e-26,1.3373694001046403e-22,4.550454835138304e-19,1.5483154658885924e-15,5.268255261946205e-12,0.5831792975970426,0.5831792975970426,0.5831792975970426,0.5831792975970426,0.5831792975970426,0.5831792975970426,0.999999617751967,0.999997279911838,0.9999804798169653,0.9998602012299511,0.9990207751752166,0.9935428971946718,0.9627533069128373,0.8395143876116282,0.6020449935929174,0.4464871898057161,0.41782973226776327,0.432002528308548,0.4484578168365763,0.4546822657751789,0.44643982287152917,0.42252758627523457,0.3848750980748576,0.3406624833816744,0.30261798134681395,0.283101097690097,0.2883858877074653,0.32282636049266705,0.38958094976593244,0.47582015127868793,0.5507164101771348,0.5914104288811766,0.5946329469298401,0.5629022568566956,0.5056522496977508,0.4565461241306456,0.45272934912038715,0.4974819147574452,0.5615397862270419,0.6091574128015756,0.6233403397456585,0.6050387030248903,0.5682158512435097,0.5420065144071672,0.5464345748088623,0.5738635118708306,0.6073004139981703,0.6356405762075465,0.6508084078674299,0.6497764925111172,0.6422433421436738,0.6390032611472497,0.6391392469737963,0.6298834343299965,0.592263541590937,0.533306037100679,0.492939811305643,0.475843680966047,0.46557456025468064,0.4527746410624652,0.4402344365032425,0.4662028719640182,0.5968765311050196,0.7589787157525724,0.8290915073608353,0.7474559292306024,0.4371386643693946,0.14002922259290154,0.05323615557693852,0.040032348259034865,0.034292209179412246,0.02802260027915278,0.022137161897628564,0.017274301692821833,0.013798191612039138,0.013625980466396547,0.029367862700042,0.12442234536278424,0.27186574996553037,0.14040789961556277,0.05026236868875311,0.01982088071519245,0.00916086602962219,0.0047641791602789025,0.002643138615681993,0.0015113244613590808,0.0008754813798367196,0.0005098936781425597,0.00029760060083661703,0.00017365183178535176,9.963739332951212e-05,4.5511223244752286e-05,6.1053636554963495e-06,2.793025493688693e-07,1.4523175498217938e-07,1.372129381785172e-05,0.0013964627980458618,0.12425853927762325,0.9087482636156919,0.9687596565550026,0.9693877791217076,0.9693939462843878,0.9693940067968668,0.9693940073906142,0.96939400739644,0.9693940073964972,0.9693940073964977,0.9693940073964977
14.630252100840336,1.1035067092967783e-49,3.7547187822603426e-46,1.2775557301500419e-42,4.346926506718973e-39,1.4790564537260412e-35,5.032539884925915e-32,1.7123390009513887e-28,5.82629377283908e-25,1.9824180738590648e-21,6.745259339850803e-18,2.2951086245553807e-14,7.809270918187586e-11,0.5831792975970426,0.5831792975970426,0.5831792975970426,0.5831792975970426,0.5831792975970426,0.9999999951565559,0.9999999643453518,0.9999997335995399,0.999997991853311,0.9999848604054358,0.9998878284466666,0.9992088278240978,0.9949346871781287,0.9722530195420741,0.8822985406026846,0.6872500894959139,0.5280292044263744,0.4782888451467433,0.4707711636022572,0.4671237599166755,0.45642599082811575,0.43555270760499726,0.4040857149993469,0.36514359477402325,0.3265298093522938,0.297714041391675,0.28748835886360075,0.3080084878171966,0.36894348625961265,0.45366103817442077,0.5234454228494304,0.5573448494055925,0.558278864377755,0.5291715335583265,0.47405822660634966,0.4230087589928194,0.41696174002246295,0.46597203744745314,0.5410044108655914,0.5987379865813097,0.6189224164818068,0.6082291736160612,0.5839911298986639,0.571836960369821,0.584949776224144,0.6106764393868817,0.6313225212948845,0.6380848672951751,0.6301266494326987,0.6153444490333849,0.6063114115816207,0.606262220385519,0.6058019389381618,0.5872002789324988,0.5308846782980425,0.45087979327740174,0.39951953452720473,0.38473455080969937,0.3868398463104993,0.39874899675628656,0.42788090662887895,0.4952148457785436,0.6246172543593891,0.7787253187485695,0.8553162290820832,0.7727017659761765,0.45611560313301686,0.206026151889447,0.15178966047981937,0.13336109247424707,0.1119726098796467,0.09019211858084011,0.07109427509112923,0.055616620668621934,0.044830790545673085,0.0464159245362913,0.10478976319020702,0.3363692468730238,0.423258440586801,0.18331818806593297,0.05291848675959205,0.014064301985268198,0.003909258647114656,0.0012343473932570806,0.0004684973034303692,0.00021311453860034768,0.00011000556003363939,6.080846088620871e-05,3.469828095965231e-05,2.0000688053718782e-05,1.0963583452955734e-05,3.3730408976424463e-06,2.384428605290959e-07,1.0190245778777311e-08,6.006507871615093e-08,6.085723530712006e-06,0.0006198611043387748,0.05944734912561023,0.864039655134556,0.9963564026894384,0.9978557617870254,0.9978704958280465,0.9978706404003497,0.9978706418188907,0.9978706418328095,0.997870641832946,0.9978706418329474,0.9978706418329474
14.781512605042018,6.212305219135102e-49,2.1137577933041563e-45,7.192132173987825e-42,2.4471472449891137e-38,8.326501232323774e-35,2.833120301783948e-31,9.639788792235513e-28,3.2799717500606532e-24,1.1160222958316402e-20,3.797309949043125e-17,1.2920524191543565e-13,4.396289149181237e-10,0.5831792975970426,0.5831792975970426,0.5831792975970426,0.5831792975970426,0.5831792975970426,0.9999999994660504,0.9999999958956701,0.9999999679124002,0.9999997459503993,0.9999979737168436,0.9999839290425715,0.9998765377006322,0.9991192542870405,0.994441572316759,0.9702564417281313,0.8761032372382149,0.6772652095789217,0.518750962498622,0.46516685785406126,0.4520607871476041,0.4451694658217095,0.43458143517848874,0.4167033681672117,0.39016345085828597,0.35728211172474406,0.3250516467037801,0.3048240655692621,0.3145260153730698,0.3697878277656454,0.4522632526191682,0.5161501767557882,0.5430502181550806,0.5430834506448805,0.5209678424463791,0.4749358126941349,0.42647615280247364,0.416439027543297,0.46216407087149386,0.5363929444579534,0.5939560538225199,0.6189170494752144,0.6231330261645932,0.6206345810572198,0.626017625711751,0.643570817394531,0.6595361948301586,0.6590552447613977,0.6372332930458497,0.6020217848136429,0.5738322160574935,0.5670609892652873,0.5735682426101266,0.5742040606747434,0.5497501605658665,0.4849200877521141,0.39522007567232803,0.3340153710789053,0.3182557886328864,0.33224335512644615,0.3724124083407041,0.4497145901012576,0.5717391414835785,0.7185078164069494,0.8426532539331838,0.9031636480343197,0.8537991276411555,0.6172274679991502,0.4527488871804467,0.4042841242191489,0.3571804813248445,0.30321815857186885,0.24989755367774066,0.20142597266431575,0.15984977482676826,0.12976287648436916,0.1370285879871246,0.2848237342416103,0.593557839660377,0.5770793546256515,0.2749291083209052,0.08406186142178138,0.021631911890103547,0.005330178589897738,0.0013168300579892408,0.00033579013031796604,9.208793379800961e-05,2.883940721763155e-05,1.0865472317536556e-05,4.910511896940938e-06,2.492456151722487e-06,1.1407676271560823e-06,1.7962793529600204e-07,8.576245309332469e-09,5.901308206010938e-10,2.649458181094224e-08,2.699142175945244e-06,0.0002750127073179095,0.027271284913957056,0.7406735159593193,0.9964345513080727,0.9998221117409658,0.999855464536989,0.9998557918050522,0.9998557950162019,0.9998557950477096,0.9998557950480187,0.9998557950480218,0.9998557950480218
14.932773109243698,8.882450162051911e-49,3.022283609512912e-45,1.0283421886490962e-41,3.498968990831351e-38,1.1905360193304887e-34,4.0508391417015356e-31,1.3783118313665789e-27,4.689753681562543e-24,1.5957054236265744e-20,5.4294485217128926e-17,1.8473934969985724e-13,6.285859125892684e-10,0.5831792975970426,0.5831792975970426,0.5831792975970426,0.5831792975970426,0.9999999964938622,0.9999999998472926,0.999999998836193,0.9999999909708551,0.9999999291474805,0.999999439102342,0.999995559929165,0.999965563701522,0.9997476958295891,0.9983338524241345,0.9904396641422926,0.9535651230468922,0.8271571249069877,0.6075453615830309,0.4647212558443481,0.42443353598192785,0.4204029228188765,0.4235073500940444,0.42359765325374843,0.4137452622264528,0.3905377663815177,0.3596225530285651,0.33592525586342487,0.3417528439341948,0.3956436808162567,0.4766203371437343,0.5336730592910305,0.5527913398023808,0.5519376522328846,0.5389103590964033,0.5072651113191392,0.46735794911965106,0.4547762163744775,0.49121616699652076,0.5532444112036106,0.6012423641810775,0.6281244988707266,0.6491680649293252,0.6720802943602913,0.6958390379478226,0.7137928211294783,0.7145941986193625,0.6895607882502343,0.6387922968636797,0.5780861011836864,0.5382320414383371,0.5345732698645728,0.5474209973609988,0.5488883800170149,0.5210772488401582,0.45482645843971503,0.363553165758172,0.2952032765924931,0.27987413009429196,0.31341328811343694,0.3944132430145965,0.5234365564525266,0.678191942323177,0.8137878810021181,0.8979688113666306,0.9312342846299178,0.925731610543441,0.8563192782237816,0.7713415500594336,0.7175755777954804,0.6590128724482124,0.5903849117820018,0.5139117832449067,0.4320758862501886,0.34903342486541333,0.2793093325078889,0.282049726212669,0.4816140734754323,0.7391888017606316,0.6999393806238907,0.3932467701815446,0.13556657134077751,0.036264565795215996,0.008947404793971828,0.0021636278596902305,0.0005218348553776291,0.0001264821514281277,3.1101411201997006e-05,7.908473610761851e-06,2.154659737531293e-06,6.418703566538899e-07,1.4406231350373947e-07,9.063241954157354e-09,3.2806910381632427e-10,1.2699765983797666e-10,1.1746250997123644e-08,1.197114180381451e-06,0.00012199077470383814,0.01228163931313429,0.5589363871036424,0.9923072288359163,0.9999142885961175,0.9999895067838113,0.99999024487939,0.9999902521215761,0.9999902521926363,0.9999902521933337,0.9999902521933404,0.9999902521933404
15.084033613445378,1.0271517948940312e-48,3.494918604631363e-45,1.1891578380131223e-41,4.0461496530963686e-38,1.376716080371731e-34,4.684323048275258e-31,1.5938568460248222e-27,5.423152710234355e-24,1.845246802600958e-20,6.278520622550886e-17,2.1362924953048013e-13,7.268842806684936e-10,0.5831792975970426,0.5831792975970426,0.5831792975970426,0.5831792975970426,0.9999999969738764,0.9999999999174682,0.9999999993877178,0.9999999953835248,0.9999999649984489,0.9999997335940461,0.9999979768836474,0.999984899827184,0.9998924307022289,0.9992992934736404,0.9959850650740018,0.9800639678753358,0.9162564330210349,0.7406298605658006,0.5176177039682336,0.4122804497167862,0.39843939633958964,0.41449544115451886,0.4341194417496198,0.4421434724402805,0.42988427197741147,0.40319298790249136,0.3816340997764233,0.3907760658359617,0.4470393662061291,0.5239627595727354,0.5703971343520621,0.5792954929475446,0.5752742981722431,0.5701957183575841,0.5559552754574455,0.5318867076897774,0.5221732268999052,0.5468266257978004,0.5893699012212844,0.62293416708318,0.6486379493310032,0.6810670698126713,0.7219452693732148,0.7585121666175645,0.7751172757805798,0.7626338584136967,0.7182716701365076,0.6461824827491134,0.5669000525962876,0.5178120321145665,0.515050990407264,0.5304775065518991,0.5304155086874104,0.4999000933677884,0.436117462663296,0.3504197701394681,0.2828776296883707,0.27636889213541355,0.3419205361157655,0.4698377990221653,0.6302204404786712,0.7759353283003478,0.8728103631066375,0.9170429074716355,0.9275873512465339,0.9294842389873271,0.9357786668236827,0.927081998764723,0.8994693851431512,0.8608237218767537,0.8077511794200435,0.7343256203885123,0.6348684808501147,0.5115015693559902,0.39368312803653943,0.3766786943015536,0.5733057101894286,0.7963722472660806,0.7895159453811086,0.524903665003446,0.2117668697189456,0.06056216029611401,0.015221543319763498,0.0036924143205356906,0.0008879776329886106,0.0002131807483186846,5.120347071455695e-05,1.2320149229763648e-05,2.9547035188870367e-06,6.305836167062911e-07,5.3044225740051995e-08,1.2815295507639396e-09,2.6963182587078762e-11,5.1752016806700496e-11,5.2095427437893044e-09,5.309381988802215e-07,5.410833147838853e-05,0.005484568046725346,0.3598151190059771,0.9828413776444282,0.9998280778302571,0.9999976604434012,0.9999993246699689,0.9999993409993577,0.9999993411595812,0.9999993411611534,0.9999993411611688,0.999999341161169
15.235294117647058,1.1732833554743975e-48,3.992136163657119e-45,1.3583377876195136e-41,4.6217901290195474e-38,1.5725796890701715e-34,5.350755553207845e-31,1.8206127331534366e-27,6.194697116654457e-24,2.1077672797205885e-20,7.171754578725757e-17,2.440217741390201e-13,8.302954011523995e-10,2.825123552380805e-06,0.5831792975970426,0.5831792975970426,0.5831792975970426,0.9999999973530537,0.9999999999475062,0.9999999996166761,0.9999999971535216,0.9999999788312672,0.9999998426296082,0.9999988366097443,0.9999915512828754,0.999941183751022,0.9996225243303342,0.9978585252733592,0.9894738026722976,0.9552038373720675,0.843418036391487,0.6242690987251118,0.44571870484168674,0.3995452596938027,0.420697854289649,0.4566938138407475,0.4806774704359507,0.47980838863044506,0.46023149645272593,0.44480598633981205,0.4595841960226085,0.5140449874963269,0.5779848253489313,0.6088723169849813,0.6065251858977891,0.5979627585924724,0.598894272430101,0.6027419717279013,0.599664525008193,0.5982032537553238,0.6119377339967816,0.6346739639988072,0.6548481943962063,0.6768971782440333,0.7102181546989387,0.7528442043237279,0.7903838549043238,0.8055064076793844,0.7885767759016001,0.7377940153266775,0.6581094477217588,0.5710923367056115,0.5166381819951396,0.5111936663147371,0.5232615885208171,0.5179793927646748,0.48422638619817704,0.42525481031905776,0.35239551287824233,0.2984259499927108,0.313781822655135,0.41815166025773715,0.5770631392176632,0.7312243102618683,0.8401098733156958,0.8958726704497373,0.911474106464298,0.9099116168529338,0.9133023178655884,0.9397932067307355,0.9688296805775338,0.962961008926127,0.9388892167675528,0.8963737626836973,0.8241684065876037,0.7103392442819191,0.5587437896304718,0.4165621187681541,0.3988465330304332,0.5987199565216413,0.8190639677263095,0.850688287634432,0.6521168918084861,0.3151571667942038,0.09949766041049743,0.025808105248941393,0.006311186796421527,0.0015203784773160098,0.0003649340131613895,8.751202220005139e-05,2.0942166298960775e-05,4.862388432123008e-06,7.810607611082303e-07,3.089028738278487e-08,5.404786926851892e-10,8.922303544219681e-12,2.2813616667265484e-11,2.3105126053591763e-09,2.3547883553032492e-07,2.399854245852928e-05,0.0024399313030891417,0.19953685731986578,0.9621288338805916,0.9996138873264189,0.9999961659280968,0.9999999182874411,0.9999999551056635,0.9999999554669233,0.9999999554704679,0.9999999554705027,0.999999955470503
15.386554621848738,1.3393612585795913e-48,4.5572218254462714e-45,1.550610087991036e-41,5.276003107222515e-38,1.7951778568882535e-34,6.108153299699273e-31,2.0783198526820664e-27,7.071554152558188e-24,2.4061207476956758e-20,8.186911598218903e-17,2.7856277997761923e-13,9.478219287815417e-10,3.2250060056550586e-06,0.5831792975970426,0.5831792975970426,0.9999921294095738,0.9999999976825834,0.9999999999653804,0.9999999997495989,0.9999999981517735,0.9999999863604326,0.9999998995412779,0.9999992648713159,0.9999947092845793,0.999963316300542,0.9997634839421328,0.998643913811424,0.9932964719005467,0.9715190369064874,0.8977662863650873,0.7232982493639865,0.5184621572784016,0.4308675018788499,0.4429188851088157,0.4862891903095941,0.5224456576624555,0.5349842423360787,0.5274755179870345,0.5206925592296533,0.5366591841516487,0.5781020698894338,0.6194693921721355,0.6327630104833375,0.621189002513251,0.6093497208389403,0.6150597446348282,0.634789422650505,0.6520913710467968,0.6598630441177936,0.665544533492903,0.6746627955137573,0.6870289688498035,0.7041289317195635,0.7276161018225836,0.75538383873556,0.7812325459544539,0.7945356478182273,0.7835573463656014,0.7414712773691141,0.6701422211866116,0.5889068408573084,0.5351262598588881,0.5236858246869172,0.5258998550334214,0.5114660611934247,0.4740841832692637,0.42269197325853897,0.369914639373582,0.3418993514447927,0.38701354490977785,0.5186402074845041,0.6755657698783437,0.7964651757287345,0.865168288544117,0.8904128592024492,0.8897575753776747,0.8845766470992505,0.8920135569740405,0.9277952247961182,0.9740085821722003,0.9797215197325484,0.9601866068159498,0.9173415810691826,0.8373963154585055,0.7083626786689565,0.5430155095567101,0.40149810584335893,0.39763716037340363,0.6051559598205469,0.8296310785559363,0.8903517254372496,0.7594389620828624,0.44068040575681816,0.15922233349314655,0.04343582598734252,0.010769090123857988,0.0026031111287716305,0.0006252944739110164,0.00014991055266026543,3.568477248792386e-05,7.700592803211945e-06,7.281875776223756e-07,1.694726399686301e-08,2.7337953210609615e-10,4.380944890574304e-12,1.0121797924073651e-11,1.024746870926151e-09,1.0443825727337577e-07,1.0643839230845578e-05,0.001083615769878416,0.09955160347014805,0.9184846778064815,0.9991299433229563,0.9999914526782243,0.9999999131530016,0.9999999961677384,0.9999999969822775,0.9999999969902696,0.999999996990348,0.999999996990349
15.53781512605042,1.5288984183479618e-48,5.202128398736421e-45,1.7700417225764676e-41,6.022626635899023e-38,2.049219026318634e-34,6.972536921695444e-31,2.3724292790617946e-27,8.072271280645331e-24,2.746618041829369e-20,9.345464500302938e-17,3.1798288615988994e-13,1.0819498136388564e-09,3.6813748131790272e-06,0.5831792975970426,0.5831792975970426,0.9999931049086188,0.9999999979707134,0.9999999999769073,0.9999999998342821,0.9999999987792972,0.9999999910132934,0.9999999339797477,0.9999995177700536,0.9999965264099071,0.9999757407508564,0.9998407432056508,0.9990600792416602,0.9952143164255491,0.9793136755296816,0.9248943399833157,0.7875301878148772,0.5928816465925024,0.47643298707568116,0.46851906547901295,0.5088989173201246,0.5531033890416338,0.5812390242597498,0.5909870377570688,0.5943384614954826,0.6056598201673644,0.6262183625294171,0.6419544933858178,0.6387192007884788,0.6205587196901318,0.6075219840570133,0.6170664396641058,0.6479666705063515,0.6797071517604708,0.6937626762374811,0.695125447479043,0.6989718501198607,0.7095899989791282,0.7212630570672954,0.7278430419758011,0.7299898454132586,0.735044738951129,0.7448765233208939,0.7469266736339731,0.726095413191071,0.678200185152394,0.617101216236255,0.571292256058209,0.5517897885308775,0.5388907570809042,0.5124562024612086,0.4726075284543745,0.4331447317936479,0.40568793067843867,0.4067636176806963,0.4725241272893334,0.6034020388842265,0.732434736852847,0.816326946196716,0.8557901989685471,0.8637673817531915,0.8571913379193731,0.8544570746391711,0.8689084995464965,0.9133220519948474,0.9699302436099881,0.9830180686636719,0.9642115374433669,0.9168738743102014,0.8266113018802151,0.6859678817518544,0.5187103310560883,0.38895196550996414,0.39851636608507474,0.6088368058379884,0.8354415461992039,0.9151216560024409,0.840082862558104,0.5740741248937374,0.24503288111350782,0.07221146845277644,0.01831799235148803,0.004453582022838176,0.001071226108861889,0.0002566190640321906,6.006934968384379e-05,1.0544744561972436e-05,4.94287202887198e-07,8.870525901959098e-09,1.3979704988466757e-10,2.2269363337399824e-12,4.493511417944519e-12,4.5449016826284873e-10,4.6319865723749824e-08,4.72072299023122e-06,0.00048088908544831755,0.046742024200679196,0.8332598659647978,0.9980404127589384,0.9999807349828764,0.99999981076697,0.9999999979418288,0.9999999997783855,0.9999999997964057,0.9999999997965825,0.9999999997965844
15.6890756302521,1.745254720502884e-48,5.938288007924326e-45,2.0205225102216224e-41,6.874895954701442e-38,2.339206532209336e-34,7.959229167416927e-31,2.708154628734243e-27,9.214588004436715e-24,3.1352950863644465e-20,1.0667950708382676e-16,3.6298088450935136e-13,1.235056711386829e-09,4.202319752482147e-06,0.5831792975970426,0.5831792975970426,0.9999939595369264,0.9999999982228325,0.9999999999845108,0.999999999889786,0.9999999991884378,0.9999999940267968,0.9999999561083576,0.9999996789099758,0.9999976762896157,0.9999835876764731,0.9998897783986845,0.9993249787416519,0.996406982927274,0.9838988556773673,0.9403605935567725,0.8277006688165612,0.6525372816179593,0.5217740989478468,0.4902677409740451,0.5195435025014551,0.5669434241854427,0.6096891272088996,0.6382126435440051,0.652001442337851,0.6567195886912485,0.6565515525660804,0.6494647245066586,0.6318015299959673,0.6085779944334904,0.5956880320479568,0.6079853171570196,0.6444041477736935,0.6827493236764203,0.6997249855103763,0.7010615419323956,0.7065528117274343,0.7190373103715385,0.7249781782305001,0.712594852581548,0.686286043555379,0.6667623165572167,0.6699830428524108,0.6862877589126957,0.6939228323610338,0.6811571756255589,0.6519775716320009,0.6201293051856092,0.5925392564624284,0.5625803865066886,0.5238675548269126,0.4849113062340308,0.4619126713452263,0.4588622674529439,0.47795647212524445,0.540568710250681,0.6445210614404457,0.7388221984827014,0.7959791444746482,0.820202562628683,0.822549394900952,0.8178054098338553,0.8218008873041159,0.8458469616042013,0.8997962587334049,0.9641769319672087,0.9833248156659453,0.9651907729599025,0.9139201512265722,0.8158510408963665,0.670329174542672,0.5097338706587058,0.39386463954242973,0.4096211339243688,0.614363974684913,0.8391895606693479,0.9302190016406303,0.8955600554179836,0.6971964072630165,0.3574094702772562,0.11770432573380167,0.030992720364417498,0.007609384079374124,0.0018342660092083643,0.00043802980040923096,9.713579585043252e-05,1.0795233223383782e-05,2.8003920566247547e-07,4.566935860577601e-09,7.147754803061464e-11,1.1350398288744555e-12,1.9952360925127764e-12,2.015729562311487e-10,2.0543524026582517e-08,2.0937137044673425e-06,0.0002133382822774728,0.021284390624149167,0.6890933049711596,0.9955925192980543,0.9999565643008775,0.999999573777751,0.9999999958042997,0.9999999999452183,0.9999999999858489,0.9999999999862478,0.9999999999862516
15.840336134453782,1.9922277045886683e-48,6.778621909283539e-45,2.3064489519130635e-41,7.847770306349918e-38,2.6702303072683023e-34,9.085548704116857e-31,3.0913886363524386e-27,1.051855455031269e-23,3.578974036979631e-20,1.2177582826303497e-16,4.143465908780255e-13,1.409829990859552e-09,4.796984350199171e-06,0.5831792975970426,0.5831792975970426,0.9999947082657329,0.9999999984435102,0.999999999989568,0.999999999926531,0.9999999994587807,0.9999999960135691,0.9999999706652082,0.9999997847793352,0.9999984331800243,0.9999887994887884,0.9999230312741703,0.9995101891390423,0.997256939138103,0.9871023574012994,0.9507809658584774,0.855517157198881,0.699943485336817,0.5643351127311386,0.5100896962962276,0.5225236313065893,0.56750752255012,0.6210065787903621,0.6661175787764835,0.6893630012869835,0.6887678554905128,0.6725354613306229,0.6475491789665525,0.6176398067039511,0.5901249333553693,0.5780764163198933,0.5920285718662179,0.6287672586982883,0.6668130397659738,0.6850386896038935,0.6909935422701527,0.7029699873557701,0.7186329509386009,0.718898319917126,0.6899555227638239,0.6396517917775287,0.597882994300509,0.5917623786743219,0.6182070119335809,0.6544782038774707,0.6814352921885068,0.6884540855428435,0.6728206371946311,0.6397656608109032,0.5955663671612929,0.5478545537498687,0.5142537078076427,0.5086216768390058,0.5210211590405768,0.5395947588347481,0.5768954629442136,0.641324538623402,0.7051748714392698,0.7473874912226964,0.7676360459908886,0.7727665656651181,0.7750132602784746,0.7887859260873997,0.8246080005291432,0.8886690497934752,0.9589285491637104,0.9834060034612583,0.9673667835321469,0.9154785389946581,0.8156231313671896,0.6735878797046249,0.5254016177747197,0.42126499292253916,0.43400433721576104,0.6235081006027143,0.8421235930759106,0.9393033742316237,0.9314455718937168,0.796907846715594,0.4879721307100768,0.18610700992269974,0.0519729888277878,0.012971735300778123,0.003137199227925357,0.0007406930234105279,0.0001399460948679616,7.871730868070625e-06,1.479107599644389e-07,2.33923969148749e-09,3.653619824371778e-11,5.787898266834294e-13,8.860924701770518e-13,8.940051264481568e-11,9.111347026189424e-09,9.285930725434067e-07,9.4629815637069e-05,0.009553082933689677,0.49571476029294054,0.9901170252875912,0.9999020700851331,0.9999990390193176,0.9999999905699456,0.9999999999065523,0.9999999999981629,0.9999999999990618,0.9999999999990707
15.991596638655462,2.274150107502617e-48,7.737872386119576e-45,2.6328371592231443e-41,8.958317179472188e-38,3.048097621984345e-34,1.0371254965066207e-30,3.528854515465295e-27,1.2007046877331948e-23,4.085438514607619e-20,1.3900844877258422e-16,4.729811323713033e-13,1.609335761990154e-09,5.475800730840956e-06,0.5831792975970426,0.9844710716115667,0.9999953642078612,0.9999999986367082,0.9999999999929441,0.9999999999509463,0.9999999996383013,0.9999999973321214,0.9999999803245753,0.9999998551114276,0.9999989382443815,0.9999923177021146,0.999946030909846,0.9996435066392609,0.9978952896972784,0.9895395209418543,0.9585522472088733,0.876456058934129,0.738769859573993,0.6042602624484925,0.5305785895110557,0.5227677853628009,0.5597990098459136,0.6192304584213736,0.6773812564767261,0.7085312413484443,0.7047949824962825,0.6777619012270832,0.6397399078756737,0.599930471071969,0.5691427695040269,0.5587227279232865,0.5735422049473157,0.606593062723841,0.63948398968225,0.6587734869938232,0.6734124856129924,0.6948463068350473,0.7138761857230109,0.7093238015929066,0.6689897289006449,0.6035012257285377,0.5465764241158036,0.5312859479116313,0.5623907618727626,0.6213432797986393,0.6827141450711962,0.7202261646140234,0.7190576774030388,0.6850141952231691,0.6333159256767629,0.5827853098536435,0.5577442591945189,0.5648528955779466,0.5803109458871568,0.5836128027177188,0.5851034992532207,0.6089554214085301,0.648619114552461,0.6838770382144128,0.7069753875383593,0.7196634327717881,0.7318028997168531,0.7575738537191946,0.8068621328612083,0.8807933023595003,0.9549178336728887,0.9837761943713534,0.9713568956650819,0.9232723347481123,0.8294594732239605,0.699312399490066,0.5670011036745263,0.47141301344324027,0.4729868355675534,0.6375111223814799,0.8449940100588462,0.944764014081456,0.953743600050799,0.8694517145018926,0.6201355771966555,0.2815717008325499,0.08589597277248191,0.022026181090119844,0.005349754270149418,0.0012152885205378543,0.00015629997608908018,4.609679260600906e-06,7.635651203282753e-08,1.1963382462409706e-09,1.8673908529578443e-11,2.952302066451625e-13,3.9359601810620436e-13,3.965041660177428e-11,4.041012819717444e-09,4.118445293410886e-07,4.197188770054825e-05,0.0042595735411721965,0.3036098470416696,0.9779896089486447,0.9997792227218133,0.9999978332635518,0.9999999787399128,0.9999999997913342,0.9999999999978904,0.9999999999999171,0.9999999999999369
16.142857142857142,2.595967669021177e-48,8.832867484694663e-45,3.0054129316004937e-41,1.0226018799619253e-37,3.479437369227443e-34,1.1838902981415345e-30,4.028226691250193e-27,1.3706177474391476e-23,4.663573380529268e-20,1.5867967893075055e-16,5.399131294199386e-13,1.8370739357493353e-09,6.250676932697016e-06,0.020825425419217267,0.9863698652538795,0.9999959388553598,0.9999999988058743,0.9999999999952025,0.9999999999671906,0.9999999997577161,0.9999999982091404,0.9999999867517595,0.9999999019817972,0.999999276292506,0.999994697067488,0.9999619276449592,0.9997392240296706,0.9983759410178855,0.9914242923755242,0.9644901756468078,0.8924802450243078,0.7701515132402373,0.6400262392525511,0.5514207563290838,0.522678705359183,0.5473166213597708,0.6079286879266897,0.6755865133149748,0.7132281213717145,0.7083077452673381,0.6747105191059756,0.6277185636886663,0.5807243290202742,0.5486547647907346,0.5413305244169877,0.5567782568431723,0.5836818449988499,0.6087542352232058,0.629094165553891,0.6543635594455111,0.6861896953344078,0.7083748174456307,0.7006828779382365,0.6549705385231253,0.5836306732977316,0.5196492403959901,0.49778959964911773,0.5299419222748751,0.6029962629631045,0.6862844804207863,0.7423690962844611,0.7514419792909381,0.7203562327255797,0.668651580972282,0.6218862804806041,0.6059195952503236,0.618641921752249,0.6280490166720858,0.6098276475481792,0.5752192016779086,0.5634144537957951,0.5844146315088339,0.6170015800517299,0.6458176536828736,0.667662903104612,0.6908582487807418,0.7301858368841078,0.7939035034067075,0.8765990656809501,0.9524739605510516,0.9844407658065004,0.9765452467495206,0.936123702702511,0.8555370481300294,0.7438964771885833,0.6293756888504995,0.5405081024262286,0.5262785436548683,0.657507396870111,0.8483727708598563,0.9481008744579397,0.9672571953781839,0.9182156887989259,0.7365125959014905,0.40182194467133786,0.13871707147801424,0.037146736521204565,0.00904714790857275,0.0018230700036763144,0.00012355132792019318,2.4630145977744277e-06,3.914226777564067e-08,6.115511541584628e-10,9.544093115662246e-12,1.5063236891370188e-13,1.7487325415298835e-13,1.7585532151357076e-11,1.7922470198509028e-09,1.8265898441644366e-07,1.861556764202583e-05,0.0018936705640588182,0.16203122176568024,0.9517064751730502,0.999502347203972,0.9999951146322806,0.9999999520646231,0.9999999995296547,0.9999999999953807,0.9999999999999505,0.9999999999999953
16.294117647058822,2.9633259987505655e-48,1.0082816581954668e-44,3.4307123242850994e-41,1.1673114314984936e-37,3.971816494092385e-34,1.3514239538656043e-30,4.598265594080552e-27,1.5645753999854645e-23,5.3235207900312313e-20,1.8113460891881836e-16,6.163167624617118e-13,2.097039696541743e-09,7.135206034394318e-06,0.02370256678893665,0.9880393183182176,0.9999964422791172,0.9999999989540151,0.9999999999967161,0.9999999999780014,0.9999999998371769,0.9999999987926854,0.9999999910292712,0.9999999332098337,0.9999995022360721,0.9999962997551985,0.9999728164068823,0.9998068378468467,0.998729798743452,0.9928445050317186,0.968871894760986,0.9042257903157989,0.7940558190106168,0.6693001613140729,0.5703257021012818,0.5228016161623084,0.5329750474913365,0.5907821966824891,0.6645301306696365,0.707342045997276,0.7025598993945258,0.6651542064205812,0.6121838698395351,0.5610045820056279,0.5306902843646486,0.5285542069896233,0.5448121837965973,0.5646601096247272,0.5811611451942778,0.6017174377937766,0.6364760059050701,0.677543586683083,0.7026452933330438,0.6941663778260754,0.6487781221254485,0.5790380955346027,0.5139759628320002,0.4879938312920841,0.5191290682259787,0.5982096902254201,0.6902374067146515,0.7530050963400303,0.7672185235400569,0.7406574250738869,0.6942222231201197,0.655566113176122,0.6470043816148716,0.6600371014899431,0.6604399253083534,0.6217724048209701,0.5565637979389989,0.5164293868088685,0.5238067955695895,0.5559968063045854,0.5907585811423199,0.6209420113618316,0.654818575212713,0.7083197458279585,0.7863799318510125,0.8760952757528563,0.9518230745134464,0.9854324909484153,0.9821609048792808,0.9516602639051155,0.8887702706121561,0.7991767230918343,0.7032238649105776,0.6213594041777049,0.5914349816594843,0.6843625027661023,0.8527862968641288,0.9502422835171761,0.9753279827446235,0.9492758935080049,0.8270625026539757,0.5351585954389277,0.21631585950061966,0.06190202529767691,0.01492986014066187,0.0022046840688340155,7.544457215753e-05,1.276104794802002e-06,2.0023033868567473e-08,3.125740759574723e-10,4.878051908953684e-12,7.691136765462673e-14,7.772430228666967e-14,7.79943942461734e-12,7.948872028995605e-10,8.101188180373801e-08,8.256356181299507e-06,0.000840755984067214,0.07898509842320697,0.8973327856286532,0.9988786331434597,0.999988984937687,0.999999891919226,0.9999999989395131,0.9999999999895943,0.9999999999998976,0.9999999999999988
16.445378151260503,3.382669622456124e-48,1.1509647394002619e-44,3.9161963165771125e-41,1.3324989959054236e-37,4.5338727480542395e-34,1.5426654877105197e-30,5.2489713521344726e-27,1.785980222580716e-23,6.076858125932759e-20,2.0676716302787788e-16,7.035323717094394e-13,2.393793593525372e-09,8.144904597233199e-06,0.02696626320129847,0.9895064765608279,0.9999968833038938,0.9999999990837553,0.9999999999977329,0.9999999999851946,0.9999999998900306,0.9999999991806907,0.9999999938726493,0.9999999539708045,0.9999996526507953,0.9999973712988449,0.9999801730689609,0.9998534585967606,0.9989803917257484,0.9938523441206135,0.9718151818260624,0.9120057773042475,0.8105838082628477,0.6906279759724147,0.5851502473275907,0.5233444937946269,0.5205892473547579,0.5736364141922302,0.6499440989182019,0.6957305684362957,0.6909821432516029,0.6506571831928716,0.5933872287038032,0.5409259729301306,0.5157830959511029,0.5208066485917019,0.5380646048183142,0.5511365380581511,0.5597291208591971,0.5789853385209762,0.6195387299833744,0.6670812830638873,0.6950576790799075,0.6887546156922068,0.6487965492785163,0.5856921287140326,0.5225543931985924,0.49321999524271287,0.5214929085704947,0.6003961634694426,0.6914735519927485,0.7521632694292256,0.7665193436558251,0.7438789474698683,0.7052781001594813,0.6761014019298724,0.6721836571765183,0.6831456216758899,0.6766158193022297,0.623593007675797,0.5364762344748364,0.47663587639220306,0.47604748426906246,0.5098459917060221,0.5493524840938467,0.5848654074662802,0.6267665063411718,0.6931125911998268,0.784026491941795,0.8788274531187014,0.9531306684215906,0.9869023907450405,0.9876015997889561,0.9673947128174013,0.9232967933924542,0.8562244948148836,0.7786309978077833,0.7052878244706802,0.663802017201687,0.7182688106701698,0.8587708208098022,0.9517700233313074,0.9801132013680027,0.9683861215044661,0.8909677202488272,0.6636295193478359,0.321065563295172,0.10096154195810814,0.02295750598494418,0.0019027332688985245,4.093674791890932e-05,6.548817272398581e-07,1.0236296413946022e-08,1.597699102951181e-10,2.4962980091996566e-12,3.993506882990423e-14,3.469639610286651e-14,3.4591948583442207e-12,3.5254385656111984e-10,3.592993053882074e-08,3.6618289451704862e-06,0.00037306185470493996,0.03664156777269513,0.794930990545619,0.9974751856181617,0.9999751644765188,0.999999756308294,0.9999999976089008,0.9999999999765385,0.9999999999997699,0.9999999999999978
16.596638655462186,3.8613550374360856e-48,1.3138390650818048e-44,4.4703816987064294e-41,1.5210624397587576e-37,5.175466219780148e-34,1.760969828059509e-30,5.991759222181413e-27,2.0387162947199654e-23,6.936801098916919e-20,2.360270102148124e-16,8.030899705412806e-13,2.7325415456386276e-09,9.297484825656055e-06,0.5831792975970426,0.9907953480481057,0.999997269662024,0.9999999991973876,0.999999999998417,0.9999999999899771,0.9999999999251454,0.9999999994382224,0.9999999957575335,0.9999999677133148,0.9999997520836098,0.9999980793932376,0.9999850451111799,0.9998845131093463,0.9991474901301515,0.9944914573600732,0.9734138587974548,0.9162058024670463,0.8205036995172718,0.7042459954627007,0.5954187487172514,0.5252952008599785,0.5149890607993525,0.5646706220927454,0.6401417294460141,0.6846336507777823,0.6771758293843597,0.6324215314761866,0.5710819463375694,0.5197094962533529,0.5024942651250325,0.5157183456433636,0.5339650060350825,0.5412618753497396,0.5434841393009529,0.5601125878748185,0.6018002465994028,0.6521488934615947,0.6831822396333752,0.6825635597561448,0.6525517299733787,0.5990141157058295,0.5384746321585784,0.5051339030234968,0.5286484061514797,0.6031456191563118,0.6872669567461027,0.7399371208507223,0.7500505759543761,0.7302377394235275,0.7010474662608718,0.6810658068709425,0.6785619903874383,0.6860628998346505,0.6766863828368491,0.6184193016276585,0.5206658728622071,0.4521090767668564,0.4517668433215868,0.4903887958987414,0.5326057043971046,0.5676228027337828,0.6105785013666709,0.6844763422556341,0.7850578534226583,0.8836137116833915,0.9563269074000947,0.9889587518395621,0.9923187133928616,0.9809445509946435,0.9537257274103975,0.907616809482487,0.8477361298340969,0.784538414038336,0.7374576320186753,0.7583288345826572,0.8668704915902287,0.9530677509760849,0.9829491623023812,0.9798947068808986,0.93302623166502,0.771701447984434,0.447296390018508,0.15824642106854153,0.029600062748323833,0.0012243312314949733,2.1314349536524524e-05,3.3511729272413405e-07,5.233251067529103e-09,8.191327629706741e-11,1.3302843485954513e-12,3.19393261694104e-14,1.7889493102478575e-14,1.5347248601943741e-12,1.5635835625490622e-10,1.593543871893102e-08,1.6240768500360884e-06,0.00016549262820474782,0.01658932442818881,0.6322504688360235,0.9943252311371333,0.9999440046262523,0.999999450543927,0.9999999946087439,0.9999999999471011,0.999999999999481,0.9999999999999949
16.747899159663866,4.407779755694173e-48,1.4997619170000582e-44,5.102990468153644e-41,1.7363097054637209e-37,5.90785229476912e-34,2.0101666577473653e-30,6.839659829028426e-27,2.3272173303293358e-23,7.91843556943459e-20,2.694274519196409e-16,9.16736084056975e-13,3.119226160624353e-09,1.0613165206226415e-05,0.5831792975970426,0.9919272086899845,0.9999976081283166,0.9999999992969171,0.9999999999988788,0.9999999999931517,0.9999999999484194,0.9999999996085507,0.9999999970003876,0.99999997673638,0.9999998169901709,0.9999985380122595,0.9999881667661287,0.9999040487386799,0.9992474104151357,0.9948022926115361,0.9737838606141823,0.9174016614022512,0.8252177918402847,0.711844073019294,0.602475235060797,0.5305333862234904,0.520469553220714,0.5710059035329382,0.6427543989187506,0.6795022477919714,0.6634608828829194,0.6103362375776739,0.5440632482286514,0.4954759791378018,0.48757472605502855,0.5089375431974276,0.5281220626702002,0.5309621777552801,0.5287450085651503,0.5422982858832858,0.5810160734251263,0.6301541693029157,0.6643988813396007,0.6732510407132958,0.6569559236371488,0.6142615451251621,0.5558514453536275,0.5177170943204722,0.5351871251069369,0.602590664599192,0.675845167239435,0.7159526671283649,0.7183727396246758,0.7016368985382421,0.6844156575385747,0.6734818505453327,0.6692077940544303,0.6707796504145898,0.6612740078740484,0.6074770225721092,0.5130905885939743,0.4514868535179436,0.4634885885398695,0.5107866380202948,0.5522242895851431,0.5778375230429836,0.6089543808731988,0.6787480940840233,0.7842188486754724,0.8875550594822059,0.960625069852277,0.9913583982843258,0.9957975513391527,0.9905038851812505,0.9760327961637867,0.947900650820479,0.9052190368462256,0.8536975621723712,0.8067723272416428,0.8024296553122205,0.8775759954359829,0.9544165087874461,0.9846460975579504,0.9867368527093205,0.9594482942550704,0.8526948205134758,0.5798091425622843,0.23008673604169855,0.028018802414135034,0.0006782921840396307,1.0955181624167658e-05,1.7143362824841562e-07,2.695342887203695e-09,4.6242704199256536e-11,1.6084609457570343e-12,2.1326537001125271e-13,4.989965765964384e-14,6.895692802745984e-13,6.934905562720586e-11,7.067595582313069e-09,7.20301975762189e-07,7.340510911665628e-05,0.0074261590218718905,0.432626838800108,0.9872954520667516,0.9998737550547432,0.9999987611319839,0.9999999878442342,0.9999999998807279,0.9999999999988297,0.9999999999999885
16.899159663865547,5.031529405471509e-48,1.7119948374689808e-44,5.825120132559045e-41,1.982016757393409e-37,6.743878819041461e-34,2.2946274996699648e-30,7.807547426565321e-27,2.6565443443542994e-23,9.038981810876367e-20,3.075544137080765e-16,1.0464643434376465e-12,3.560630833308167e-09,1.2115024605309015e-05,0.5831792975970426,0.5831792975970426,0.9999979046383287,0.9999999993840974,0.9999999999991912,0.9999999999952524,0.9999999999637742,0.9999999997204269,0.9999999978114341,0.999999982568098,0.9999998583395081,0.9999988237683467,0.9999900417701374,0.9999149649712052,0.9992927573770695,0.9948205473551979,0.9730745002733232,0.9163367812267165,0.8264419998789473,0.7157810397243134,0.6086371053898942,0.5411836456448176,0.5392185590185087,0.5948557024618926,0.6598690926916453,0.6813727533949566,0.6489411187959908,0.5823196480872364,0.5102295770750321,0.46569701002066116,0.4671036724065672,0.4957941392180325,0.5159657954988032,0.5156325581791982,0.5109591817538559,0.522052144492357,0.555117930228979,0.5989030223654802,0.6357537648755768,0.657399017870739,0.6575892645250818,0.6261415894167432,0.5698270778677755,0.5277670861435575,0.5396297909662826,0.5984755382198466,0.6577337212716846,0.6812627684404173,0.6737805065312128,0.6623282124957548,0.6608818717428288,0.6599008097383683,0.6515521096446211,0.6432765362019524,0.6324639117909074,0.5899991955250589,0.5146041508566097,0.479560473309393,0.5143981610186509,0.5687564985370178,0.6026795856423598,0.6099121104674669,0.6149202257646393,0.6634295660214486,0.7681000511386791,0.8834635458637377,0.9637751825307828,0.9934112136029853,0.9978815596902821,0.9958923412544621,0.989277605186473,0.9745238517776046,0.947802374544099,0.9095056727058533,0.8675471077108423,0.8475997578908185,0.8912079971534225,0.9560570046937145,0.9856920321559044,0.9907747850496907,0.9755644415802746,0.9082647106455338,0.6991837311311623,0.29176489574978204,0.019345696581527964,0.00035565623787556423,5.616269272476884e-06,8.928594185173078e-08,1.7294803161942223e-09,9.827698926709492e-11,1.6653964936573797e-11,3.4669650502960374e-12,7.372840057316088e-13,4.575181309087723e-13,3.0789473362794984e-11,3.1345866236985973e-09,3.194643637926213e-07,3.255754631259415e-05,0.003307275284335529,0.2527182839728996,0.9718042761902739,0.9997153982454736,0.9999972067054875,0.9999999725921682,0.9999999997310749,0.9999999999973613,0.9999999999999741
17.050420168067227,5.743541704940168e-48,1.9542594219583723e-44,6.649433545930648e-41,2.262492174298311e-37,7.698205876988702e-34,2.6193404969381584e-30,8.912394339756657e-27,3.0324722275035495e-23,1.0318089083045634e-19,3.5107646823241315e-16,1.1945495894018592e-12,4.064495783699176e-09,1.3829396962472561e-05,0.5831792975970426,0.5831792975970426,0.9999981643909304,0.9999999994604624,0.9999999999994031,0.9999999999966337,0.9999999999738114,0.9999999997929047,0.9999999983297603,0.9999999862176816,0.99999988336733,0.9999989872559494,0.999991005127341,0.9999192250691028,0.9992923367212919,0.9945745094939674,0.9714654898961699,0.913826762166452,0.8258358081535904,0.7183309260675999,0.6162511411614191,0.5590069452154068,0.5712154835684781,0.633395114887351,0.6872747530447433,0.6861924040626469,0.6299592452201209,0.5457733233448215,0.4681739741587487,0.4287852989261989,0.43845755156540944,0.47316001082049,0.49429798688097626,0.49179720541873645,0.4865901519154471,0.4968230110329863,0.5233335254663677,0.5576492299977301,0.5944877943167077,0.6303633748682889,0.6488064123307207,0.6296400682226616,0.5776924687346707,0.5357789017167115,0.5450611199569674,0.5953780295143765,0.6386309812790263,0.6428089736067664,0.6244605672451298,0.6205396713077721,0.637790444077254,0.6485336133509567,0.6357392660630607,0.6134818820065167,0.5956117243407706,0.5648328148032575,0.5206973263376262,0.5245854530016825,0.5781519351657994,0.6287558878983626,0.6474969793268393,0.632442666386707,0.6055832467376249,0.6172259873581007,0.711467299890025,0.8557982586076591,0.9615738700466397,0.9943502729358819,0.9988748018249758,0.9983817680813232,0.9957168960572592,0.9890588623230129,0.9748655424603484,0.9501832098528822,0.917062344701674,0.8906321091156976,0.9077669875271865,0.9582320453045376,0.9863839874113893,0.9931492927098687,0.9852170784478168,0.9440631640606505,0.7901773933516133,0.29886842002927044,0.011094433259304842,0.00018382151994678994,3.0051832711584795e-06,7.392292109610966e-08,6.884068213258584e-09,1.3228713186753932e-09,2.7844132088085146e-10,5.902445920485275e-11,1.2520005699822779e-11,2.7891304650071583e-12,1.4204213648614309e-11,1.3903505705237657e-09,1.4168706731251013e-07,1.4439999338247601e-05,0.0014695285138275219,0.13042660480570833,0.9385988079380925,0.999358532173525,0.999993701928765,0.9999999382030521,0.9999999993936495,0.9999999999940504,0.9999999999999417
17.201680672268907,6.556216875004275e-48,2.2307748874215483e-44,7.590286736145175e-41,2.5826206430442786e-37,8.787453780282564e-34,2.9899607666025472e-30,1.0173442294885468e-26,3.4615480419404685e-23,1.1778033985202962e-19,4.007515842599142e-16,1.3635708359961306e-12,4.639596192001281e-09,1.5786136984061702e-05,0.5831792975970426,0.5831792975970426,0.9999983919208992,0.9999999995273491,0.9999999999995469,0.999999999997531,0.9999999999802516,0.9999999998385449,0.9999999986466532,0.9999999883435385,0.9999998967562421,0.9999990608738688,0.9999912683600813,0.9999180400348078,0.9992513059879676,0.9940835836468518,0.9691585700779647,0.9106422075467533,0.8247387487481295,0.7212682809361078,0.6272268768430814,0.5853045957665588,0.6151833085968899,0.6813749771113637,0.7180433931293937,0.6884047745008488,0.6037180969972514,0.5007842984476142,0.4194505506624807,0.38606473995694623,0.4024911176043212,0.4415344180225382,0.46325039855423045,0.4591552402002156,0.4552067275429028,0.46699171995709887,0.48804829019561297,0.5097137904624582,0.5413027992678845,0.5892953010777147,0.6268074051789934,0.623007020779306,0.5810140380920605,0.5461340368760834,0.5575253237554939,0.6012047051162949,0.6297063890673807,0.6154057552936998,0.5860212861889454,0.5885067299928521,0.6237558243335051,0.6481331799487395,0.6335349127265452,0.5952794736043425,0.5616050929069228,0.534807154609027,0.5229077542483191,0.5578250054343066,0.6145671515169373,0.6530637736812316,0.654890268412961,0.6195974811700705,0.5649768352412675,0.5345169320714809,0.596374297744442,0.781784444621443,0.9482975145022364,0.9936463067697999,0.9991937160603845,0.9993741505534757,0.9984029330833045,0.9957246468814481,0.9892724753940387,0.9758854218914926,0.9536240421937631,0.9284302092929836,0.9267188489160275,0.9611995187220423,0.9869052606826058,0.9945442385192697,0.9909331258783732,0.9660795550902034,0.8450779984216465,0.2388949687347646,0.005946960933441082,0.00010488083822474268,3.8099910302475384e-06,5.20100291847554e-07,1.0581942016180999e-07,2.2374328690848537e-08,4.74453692004212e-09,1.006307677826347e-09,2.13441297516185e-10,4.533308339015389e-11,1.565706524184061e-11,6.186327326148419e-10,6.284068272682702e-08,6.404397931844938e-06,0.0006522903504598412,0.062373141999089506,0.8714604309858018,0.9985548336697506,0.9999857997333705,0.9999998606652781,0.99999999863285,0.9999999999865855,0.9999999999998684
17.352941176470587,7.482050168140212e-48,2.545792785624578e-44,8.66214575136966e-41,2.9473242852718563e-37,1.0028370213678245e-33,3.412186764835395e-30,1.1610080481062436e-26,3.9503690245567566e-23,1.3441263837845128e-19,4.573435394078784e-16,1.5561268620934718e-12,5.294774488977663e-09,1.8015327399100082e-05,0.5831792975970426,0.5831792975970426,0.999998590903679,0.9999999995858402,0.9999999999996438,0.9999999999980992,0.999999999984225,0.9999999998655399,0.9999999988210788,0.9999999893648596,0.9999999014232026,0.9999990641223999,0.9999909513844322,0.9999120134643757,0.9991714534940107,0.9933587171848527,0.966367279659047,0.9074129127328965,0.8240713796375035,0.7258190794022127,0.6431119773043116,0.6212169384282041,0.6692765675219545,0.733091025213578,0.7461882143003042,0.6852517185408064,0.571759989313937,0.45183213682505097,0.36906701077606113,0.34230682460294565,0.3646161268471686,0.40685291554774544,0.4284838674825243,0.42257945344655207,0.4209000412673835,0.4368299243140972,0.4554505352097315,0.46399306464180085,0.4844638911768918,0.5387460915903588,0.5945938567964325,0.6106343761893348,0.5857491279161453,0.5641573256148341,0.5808745249532554,0.6206976956204909,0.6398596956695362,0.613274021578856,0.574076848793412,0.5783923289682034,0.6273553384800451,0.6668133069847897,0.6567682701961963,0.6061905678271916,0.5491389284797482,0.5120972961792429,0.5187793745503984,0.565076563391591,0.615024958113036,0.6411201073439116,0.6288950006078066,0.577832119227038,0.5037407369124635,0.44047114853283253,0.4521672331343371,0.6522183208562082,0.9177960239785407,0.990833698875657,0.9990912609119832,0.9997075886626895,0.9993841087553266,0.9983382114633832,0.9956333278142935,0.989283348666886,0.9765777959376205,0.957485808790895,0.9460001772249704,0.9648357626598888,0.9872536811958978,0.995331222592628,0.9942763735176354,0.9789855732384539,0.8603666794013658,0.15855878616661317,0.003932032359309718,0.0002363321403309877,4.071620192388465e-05,8.489182265146004e-06,1.7982858589176195e-06,3.8138403796592056e-07,8.089165216755582e-08,1.715727977756728e-08,3.639153115319182e-09,7.720109379212716e-10,1.6661956633021976e-10,3.085760392221099e-10,2.78785766817275e-08,2.840454916272202e-06,0.00028940515869677947,0.028658096771056785,0.750430285588668,0.9967474542504209,0.9999679829640667,0.999999685839455,0.9999999969174614,0.9999999999697542,0.9999999999997032
17.504201680672267,8.503177556033683e-48,2.893234820728126e-44,9.844328985158067e-41,3.3495661146846e-37,1.1397011594124361e-33,3.8778716067951226e-30,1.3194588847941902e-26,4.4895033347191594e-23,1.5275686484728572e-19,5.197603871975384e-16,1.768502282643223e-12,6.017388948915097e-09,0.5831792975970426,0.5831792975970426,0.5831792975970426,0.9999987601175971,0.9999999996355786,0.999999999999708,0.9999999999984399,0.9999999999864623,0.999999999879118,0.9999999988898667,0.9999999895347919,0.9999998990341027,0.9999990070613262,0.999990103454514,0.9999012395915589,0.9990514580875343,0.992404388260665,0.9633038048056726,0.9045754481254734,0.8243741550409829,0.7328651666184967,0.6655047867305093,0.6678558990455448,0.7305532539097782,0.782766130213543,0.7684058428756422,0.6782677814497406,0.5396489120177291,0.40581854263676714,0.3233768065085423,0.30407282282717124,0.3333240033121808,0.3796025991645983,0.4009466773397502,0.39170187420955566,0.39103082366767344,0.4123883159964244,0.4324072410438791,0.4308218136137024,0.4373872572569801,0.49149131604307306,0.5631042753655799,0.6019692609252953,0.5986954739291225,0.5920346354727014,0.6136079955855958,0.651435171282153,0.6680111656058904,0.63859529798334,0.5939292089099051,0.596621165656447,0.6545032857244214,0.7092914744168569,0.7123868713252578,0.6620783589544835,0.5823263938081583,0.5159653631628678,0.5167983941220392,0.5582873638532657,0.5981267183537881,0.613038056226943,0.5889543802289728,0.5256405476229364,0.4395570199556762,0.3586519830372258,0.32968636939715196,0.4965215651098047,0.8650929401192419,0.9851841859202372,0.9985983099005212,0.9996637440162934,0.99944367799643,0.998663302416792,0.99676562263555,0.9923949009219324,0.983241803978267,0.9674469062632224,0.9517011436538256,0.960978461540283,0.9845444151316669,0.9948422980457404,0.9956842666523208,0.9852810545344777,0.8372206093144827,0.1443565996418075,0.016423997259382508,0.0032267415871004763,0.0006813819558192749,0.00014452537374154477,3.065639071896723e-05,6.502408963945904e-06,1.3791791077014758e-06,2.9252810155646103e-07,6.204860897080265e-08,1.3165644625387857e-08,2.8022936944480706e-09,7.303061903896871e-10,1.2515826764562527e-08,1.2598602437821706e-06,0.0001283760958487506,0.012916262416375193,0.5714778395741668,0.9926962312484143,0.9999278134909937,0.9999992916566308,0.9999999930497426,0.9999999999318042,0.9999999999993309
17.655462184873947,9.027671229361852e-48,3.071695560704312e-44,1.045154766728806e-40,3.5561743176503206e-37,1.2100002967291354e-33,4.117066790350293e-30,1.40084585184756e-26,4.766425230867022e-23,1.6217922552922027e-19,5.518202857385458e-16,1.8775871585779016e-12,6.388553840296746e-09,0.5831792975970426,0.5831792975970426,0.5831792975970426,0.5831792975970426,0.9999999996567531,0.9999999999997428,0.9999999999986173,0.9999999999874212,0.9999999998824439,0.9999999988741299,0.9999999889850082,0.9999998902993458,0.9999988920823643,0.9999887111920769,0.9998853047588446,0.9988864954775786,0.9912167422363491,0.9601384748698106,0.9023084645413252,0.8258266326019283,0.7431441072696181,0.6962692857708959,0.7251074296685975,0.7931603199646988,0.8245831775449759,0.7837469888365232,0.6706210301008532,0.5125884026951606,0.36796639265835446,0.28729707584957115,0.2773358459851058,0.3166948930046946,0.3696571923451167,0.39123389599898184,0.37607859653237297,0.37190899130736677,0.39691104643664277,0.42120659883600403,0.4150786193410965,0.41033964515234655,0.4616929098888451,0.5461460469234275,0.6068649831993588,0.6237624191236123,0.6282424416122451,0.6513620489049373,0.6874324473673813,0.7060935847601448,0.6823028001695136,0.6392251380556234,0.6412614175151139,0.7049124745281428,0.7721304814427443,0.792868910992651,0.7589350610529424,0.670732705593342,0.5584016993074039,0.5264660554590659,0.5528692151350811,0.5812246575110418,0.58515745248105,0.5498318732668909,0.4760332916621822,0.3824684542647203,0.29486618614371185,0.24593182616167317,0.36403424594583556,0.7937057066747825,0.9760476228192116,0.9973820163089573,0.9986491468237438,0.9973008631200828,0.9938903769887519,0.9863025455592441,0.9701854944667102,0.9387537956852495,0.8868286684964023,0.8284600769591884,0.8322203343776848,0.9191578535314779,0.9691179360998613,0.9767516049919062,0.9648930519855793,0.8789141291637494,0.5568834885035195,0.2056852572822218,0.0519445105433116,0.011485562059638244,0.0024583185776036152,0.0005224246600173143,0.00011085275142880158,2.3514142640267225e-05,4.987553968143193e-06,1.0580003079892047e-06,2.2462417595921268e-07,4.802334375119278e-08,1.0893437091713464e-08,8.907705985504992e-09,5.613987851414573e-07,5.6944569011874316e-05,0.005770026928567423,0.3716506649284164,0.9836816008530697,0.9998372544703715,0.9999984028863949,0.999999984329125,0.9999999998462376,0.9999999999984913
17.80672268907563,4.7005526538034893e-48,1.5993788821786105e-44,5.441940548683632e-41,1.8516386121099767e-37,6.300262782050703e-34,2.1436856452216634e-30,7.29396265858057e-27,2.4817953800843203e-23,8.444392448550192e-20,2.873233010108577e-16,9.776272304505285e-13,3.3264097055267607e-09,0.5831792975970426,0.5831792975970426,0.5831792975970426,0.5831792975970426,0.9999999993407941,0.9999999999996629,0.999999999998669,0.9999999999873453,0.9999999998769407,0.9999999987801579,0.9999999877146223,0.9999998746775458,0.999998709120469,0.9999866319120106,0.9998624345227273,0.9986586528157265,0.9897051449618409,0.9566213237591343,0.8997187646982576,0.8269438404215531,0.7555430776679462,0.7346738351635484,0.7865017029440826,0.8462610489107659,0.8525458363073731,0.7903271245737093,0.6611835548835138,0.48973971282316087,0.3385311642307678,0.26300178350127157,0.2662940119737819,0.31935544087661394,0.3802083610945481,0.401945898904222,0.37906327354799624,0.36496805889901224,0.38790793604705504,0.4171834141554505,0.41431724862596414,0.40705174407201483,0.45932305514722377,0.5548291742597898,0.6317887794228915,0.6613402914091636,0.6697963540767624,0.6901388818513151,0.7232298291901665,0.7452189539989564,0.731544963981043,0.6967829182499778,0.702159021607012,0.7692126728682054,0.8412523756765526,0.8738021195091537,0.860473992167591,0.7837982651372458,0.6338694228097008,0.5515890240021778,0.5555767100903811,0.5715884600328294,0.5646793133340168,0.5184509357524775,0.43504873907413155,0.3360979477765129,0.24732070191658512,0.19544189343154972,0.29781864000929203,0.7462052313392499,0.9671999053414136,0.9939748621794948,0.9923623833883763,0.9826780126578266,0.960386126999487,0.9128415620711969,0.821431112339848,0.6749723514945103,0.4966819456573001,0.3445347119866094,0.2824317372818773,0.38318721811738,0.5499199182035003,0.6057067995017428,0.8044476662760074,0.9574188294913213,0.9503047418873249,0.8146065100113193,0.4829172033826454,0.16534359197881154,0.04032267972208671,0.008833135998829978,0.0018866537442421274,0.00040075989193333756,8.503192259181487e-05,1.8042230889517135e-05,3.8365131798951725e-06,8.303936990294069e-07,2.0484768252028405e-07,9.530077490763609e-08,3.5263451566088906e-07,2.5423654239331334e-05,0.0025676170486683384,0.20781194027240713,0.9639448313669693,0.9996331295297968,0.9999963989653412,0.9999999646665861,0.9999999996533092,0.9999999999965983
17.95798319327731,5.223264123421265e-49,1.7772332213479883e-45,6.047095931716087e-42,2.057544770664288e-38,7.000865425882397e-35,2.382068055886992e-31,8.105066844294857e-28,2.757776312426933e-24,9.383426868519077e-21,3.192742633512405e-17,1.0863414544854138e-13,3.6963135097057393e-10,0.5831792975970426,0.5831792975970426,0.5831792975970426,0.5831792975970426,0.9999999940677559,0.9999999999981102,0.9999999999985798,0.9999999999859539,0.9999999998584393,0.9999999985517001,0.9999999850000542,0.9999998431033528,0.9999983463693315,0.9999825036585728,0.9998164292965223,0.9981927649493214,0.9865457609392371,0.9476015422609647,0.8852438200016407,0.8088525196186678,0.7458538030537541,0.7523931322971662,0.820455530348911,0.8683396530493156,0.8554572552198085,0.7775506595814179,0.636636730976716,0.4589322855883293,0.31119415940846623,0.2502022342416064,0.2729947276187542,0.3405490633737647,0.4058670500827985,0.4265794901483472,0.3971163803157452,0.36787827575957444,0.37962659990393965,0.4114817916782232,0.4219227235769008,0.42758307023080677,0.4899773220497506,0.5948911620710986,0.678120719088477,0.7091068608596646,0.713404722565803,0.7262340222030574,0.7532524200275477,0.7757881035485046,0.7710569896463078,0.7472929537113503,0.7597591479222234,0.8286100238519974,0.89770324123736,0.9319634412268966,0.9310671537416747,0.876318618230544,0.7236986950506221,0.5909025046175344,0.5651382474466387,0.5674557201631711,0.5502498797385188,0.49445100880445847,0.40312155718359294,0.30059223237601285,0.2145587681190834,0.17925698330576284,0.35353886175743415,0.8067967176520262,0.9718455301042586,0.9862869988259186,0.9704026903632387,0.9269493407259755,0.832224551477554,0.663784154894678,0.4449800566972295,0.2502119001140759,0.12586874873035517,0.06238935555031659,0.03626351778768518,0.03675237762562418,0.06595243678058334,0.2454557434099271,0.7219612819161854,0.95580869382793,0.9918406498996156,0.9862329813886064,0.9408454245407406,0.7715547297017687,0.41737727775524186,0.13190281945570748,0.031221574021309345,0.006789237076154661,0.0014478950683000458,0.0003076978865114019,6.570345043962424e-05,1.4667607620970098e-05,4.370305870165397e-06,3.0969426977779495e-06,4.502275541970442e-06,1.8566887781162906e-05,0.0011528928275932656,0.10423732163689174,0.9222244671540126,0.9991731909385263,0.99999188071659,0.9999999203330956,0.9999999992183096,0.99999999999233
18.10924369747899,3.6378303285405693e-50,1.2377840295473905e-46,4.2116018767943745e-43,1.4330117328606391e-39,4.8758707186877675e-36,1.6590314461418627e-32,5.64491041729437e-29,1.9206997996940452e-25,6.535245836168781e-22,2.2236394440843564e-18,7.566008300735474e-15,2.574359923180388e-11,0.5831792975970426,0.5831792975970426,0.5831792975970426,0.5831792975970426,0.5831792975970426,0.9999999999747174,0.9999999999976127,0.9999999999760171,0.9999999997484289,0.9999999972860623,0.9999999701388015,0.9999996667370964,0.9999962425773945,0.9999574179567039,0.9995226278923799,0.9950917247713149,0.9653406301514399,0.8846511230416255,0.7766602027241261,0.6623482091048849,0.586751097878102,0.6110279346387456,0.7159090960751057,0.798263046957082,0.7976396845766993,0.7131535506535267,0.5646431446381761,0.3960402119766975,0.27537777343384934,0.24664158174432438,0.29431341485032003,0.3715828933621192,0.43537589235275637,0.45523294865834507,0.42384996516502343,0.3786345028762162,0.36997409911548856,0.39839062262374275,0.43079514333565727,0.46863639779503696,0.5525237812871809,0.6628496233497948,0.7399335532978013,0.7611082028954198,0.7533806280936869,0.7522224032893714,0.7658955469355947,0.7795708769503149,0.7734854375769651,0.7549313870806994,0.7774844825884265,0.8552617312440336,0.9260290199217309,0.9611005684293804,0.9667547917952177,0.9325372191816603,0.8049895841598733,0.6358005043464875,0.5705066686267322,0.5550367562789741,0.5278640310833318,0.46629735609186407,0.3730539140157619,0.2735841143127793,0.20152585512579202,0.22748369625109824,0.5637076942885609,0.9124128248597145,0.9825570719560309,0.9777032013431598,0.941383326060701,0.8498649151567632,0.6676696229566473,0.4187603494962734,0.2073962356018348,0.08808126385268046,0.035285717350752255,0.014777713011851237,0.009259117072912776,0.01390325903002916,0.035297687925854214,0.19089298161943571,0.6633147297345809,0.9433445633056183,0.992783650624632,0.9983805837091276,0.9962314884421022,0.982919628700828,0.9243217156014855,0.7214963479392731,0.3546206944126945,0.10438281199113719,0.024129753515275493,0.005227848303519359,0.0011320059653845019,0.00027238056836719236,0.00011303400642780069,0.00011914117251372722,0.00018921945790743687,0.0003273506693100889,0.001059917169644902,0.04993191979924172,0.8402710515534597,0.9981377198592196,0.9999816934881585,0.9999998203735603,0.9999999982375082,0.9999999999827065
18.26050420168067,2.4413583251582432e-51,8.306804013163293e-48,2.8264180803709714e-44,9.616982886486824e-41,3.272210903279141e-37,1.1133808255108518e-33,3.7883160001713724e-30,1.288987412866e-26,4.385823846413429e-23,1.4922917696792328e-19,5.077575504691975e-16,1.7276636097776638e-12,5.878441951462329e-09,0.5831792975970426,0.5831792975970426,0.5831792975970426,0.5831792975970426,0.9999999996238762,0.9999999999765018,0.9999999998018232,0.9999999981015956,0.9999999799824686,0.9999997753100993,0.9999973858307879,0.9999690306809118,0.9996324260734791,0.995834825793549,0.9644049062413463,0.8646073822167925,0.7467273019851046,0.6286954108964395,0.51039548473457,0.4132274694464099,0.373874003442424,0.4274576294116236,0.5459947376034991,0.6102465478596554,0.5535394557001493,0.42403252194568536,0.2989079219578365,0.23433516234119878,0.2487003041517186,0.3169124179336369,0.39606043189257295,0.45601343442249315,0.4779503319444166,0.45049336078599145,0.39440857618442,0.36376328673182234,0.383467873163339,0.4368410852921355,0.5158102760583804,0.6284677992455722,0.7394778596940453,0.8008550640752554,0.804047216649228,0.7759086912785909,0.7493992804794709,0.7340476398902702,0.7180659040312296,0.6864755328978285,0.6558883557226414,0.6941026538333033,0.8102561067363603,0.9132004894052153,0.9644808759975511,0.9791750125261924,0.9596672978281463,0.8577063104603947,0.6610890834179318,0.540375711983818,0.4972855005819053,0.4595609210060731,0.40107466701579225,0.32358945804421485,0.25199839759231624,0.23449278326545112,0.3960627055805004,0.7879235578801908,0.9650161227178496,0.986049224824182,0.9698349910639301,0.9174809156935575,0.7919152962438684,0.566113136500431,0.3095939678017551,0.13391888226106388,0.05091061926785311,0.01880430197495063,0.008741077313784188,0.010867466745532925,0.021062733827922238,0.03579128528639142,0.1567359422415729,0.6004191450170081,0.9268418467677966,0.9907336745754801,0.9988494769503925,0.999653159233292,0.998967053700175,0.9952191208718894,0.9778609027594954,0.9035539184497909,0.665241895490476,0.2966516207489932,0.08251221179922326,0.01950427723931542,0.005595545872399261,0.0036053390035360846,0.004919755259782538,0.00817507961186762,0.01394383915229267,0.023975971994052964,0.060862626400206135,0.7062822221581739,0.9958130299136259,0.9999587252727603,0.999999594992886,0.9999999960260637,0.9999999999610072
18.41176470588235,1.6347619606863408e-52,5.562333653764616e-49,1.8926033431283192e-45,6.439649963046342e-42,2.1911145131782146e-38,7.45535202283629e-35,2.536715039708601e-31,8.631295353597971e-28,2.9368486933990203e-24,9.992850175290039e-21,3.4001723773259183e-17,1.1569614158280262e-13,3.9368390742825337e-10,0.5831792975970426,0.5831792975970426,0.5831792975970426,0.5831792975970426,0.5831792975970426,0.9999999992936744,0.9999999950927536,0.9999999616468653,0.9999996582192907,0.9999965853221412,0.9999632268605426,0.9995932720339821,0.9957879211346156,0.9702660018949257,0.9088076343261697,0.8389169019944496,0.7579372389736738,0.6594016359765359,0.5474849535055882,0.43465139956746196,0.3393764340345421,0.28619698421875506,0.30126846585311,0.3606505134629573,0.3608729496574885,0.29375132009145233,0.2319967367957271,0.21624313585468233,0.25443468726768165,0.3264863211304038,0.40098920115100306,0.4581860705750951,0.4845348780306579,0.4644970329930709,0.4063905521551768,0.3638457436625557,0.37732086209825166,0.4407475792814067,0.5439380402460781,0.6783975314846304,0.7897226811550105,0.8336284234878444,0.814298377245853,0.7570826477844987,0.6919760128030893,0.630341878845917,0.5644793076747227,0.48840755341995146,0.4340220037874661,0.4829529599312509,0.6589001931796725,0.8414086646058775,0.9414686648470112,0.9761749081332146,0.9662679977326096,0.867002856518696,0.622756637493216,0.4314391996962059,0.35597752888268586,0.31238986495361076,0.2714766815409456,0.2387623757456976,0.2448081143089532,0.3445902393134911,0.6069511285126223,0.8914258921439654,0.9797977201434016,0.984586946520962,0.9608167787930842,0.893333582144382,0.7402436893776677,0.49242110695651625,0.24838664038537492,0.10130737382957614,0.03733194905181286,0.014357739995443618,0.01025276363500253,0.02077749797200593,0.033199808637228795,0.038402891515352394,0.1291447277609989,0.5341586814759528,0.9059635515929317,0.9878585504167408,0.998544538606247,0.9998151317212177,0.9999198794224994,0.9997160197347493,0.9986735918767113,0.9937784718568038,0.9713357454321444,0.8780414261559594,0.607512429346523,0.26695367203630255,0.1220530323916923,0.11963781587931495,0.1749879320052743,0.2650669749088377,0.38280265467972013,0.516480066139405,0.6490912458137176,0.8078019698511769,0.9910623217166216,0.9999070215201626,0.9999990867691916,0.9999999910348838,0.99999999991171
18.563025210084035,1.094524275324527e-53,3.7241847650582306e-50,1.2671832041886275e-46,4.3117306255717985e-43,1.4671370043865603e-39,4.992307653979717e-36,1.6988371719439503e-32,5.781435896048437e-29,1.9677805308589982e-25,6.699067914420476e-22,2.2814784778792007e-18,7.774939088343555e-15,2.652464225204004e-11,0.5831792975970426,0.5831792975970426,0.5831792975970426,0.5831792975970426,0.5831792975970426,0.5831792975970426,0.9999998647943689,0.9999992112217347,0.9999952019623327,0.9999689931047515,0.9997884758453089,0.9985514855965668,0.991370015847108,0.9664597595805646,0.924269281254458,0.8724420837945269,0.8064615495851565,0.7216654500581475,0.6190546399447383,0.5061416688531422,0.39565826956845723,0.30359881020270413,0.25084779624270775,0.2567706940699964,0.2808061907559618,0.2634700898233551,0.23510643998639033,0.23181319882637977,0.2649347357937328,0.3238112437325968,0.38711499532629295,0.43963133066344207,0.46834570086189836,0.4554660984105138,0.40398978959343906,0.36465482116082576,0.3799655246756714,0.4443508266208582,0.544668824051341,0.6738088586972703,0.7792324256433044,0.8090022359865849,0.7710246911303478,0.6900068562782883,0.5939645688746367,0.4963113012708802,0.39512129639736104,0.2944071417617009,0.2275667627001638,0.25682416027441973,0.43322146710577775,0.6942900184988913,0.8813773044697967,0.9570915885759603,0.9537461155766883,0.8203296397325305,0.506177708425578,0.2859215801733408,0.20693611073053741,0.17170472912312426,0.15598412753247587,0.17652364979473437,0.26968684717846597,0.4517028451499322,0.6988871705348344,0.909040406282274,0.979475499087513,0.9806093980915288,0.9495412287276253,0.8650318752615516,0.685378775704519,0.4255889141586457,0.20142374340402727,0.07932632981152701,0.02936762121015748,0.013581110656580143,0.01757245595641381,0.039890953484946194,0.04846109513936276,0.04301934458339648,0.10796985995380304,0.4670813129184653,0.8799047809547006,0.9840908135669862,0.9980896938074256,0.9997727502218032,0.9999696767857023,0.9999803061874478,0.9999217477054206,0.9996329198654081,0.9982727993189174,0.9919432553067219,0.9643210197244376,0.8796140162365261,0.8099145383681117,0.8478676609240517,0.9021989284022565,0.9405095461315953,0.9645556934647821,0.9791094616468043,0.9877645525768142,0.992882367677066,0.5831792975970426,0.5831792975970426,0.5831792975970426,0.9999999778708236,0.9999999996587872
18.714285714285715,7.331548768833311e-55,2.4954371051290172e-51,8.495740795795656e-48,2.8935562710665454e-44,9.861913085304653e-41,3.365084497456731e-37,1.1504950242169753e-33,3.946480250299981e-30,1.3612386489701974e-26,4.738260939709e-23,1.67384964504741e-19,6.051757400739157e-16,2.2652304747339608e-12,0.5831792975970426,0.5831792975970426,0.5831792975970426,0.5831792975970426,0.5831792975970426,0.5831792975970426,0.9999994583319083,0.9999979750402396,0.9999921412558346,0.9999670957004071,0.9998461461052589,0.9991962064236068,0.9956751902184936,0.980992694417751,0.9480161137140355,0.9042015994550386,0.8498346334198356,0.7790751307510544,0.6895034464731926,0.5844381786321717,0.47304759051859213,0.3691474118767655,0.2923972052775509,0.2717508863942845,0.30079522978796963,0.30448849679628887,0.2810398399864114,0.2678094678248322,0.2814612676107332,0.3185196710616837,0.3647208052782577,0.4071638967724868,0.43265993599800867,0.42436648775163704,0.3859377354909173,0.3620232750375608,0.3864373237730127,0.4496790194285748,0.5337485308082611,0.6290034703969682,0.7045794363434824,0.7241283568567946,0.6892782539950656,0.612111992087788,0.5124712816611611,0.40533409177813506,0.29558395435769214,0.19317690070822627,0.12434377061263854,0.12375246397672282,0.23654978717472838,0.49114935573016044,0.7671575770503437,0.9125514606297817,0.9142904412077673,0.7144273573193551,0.3857977879927415,0.2149108180008781,0.1530055662407674,0.1253476134951516,0.12436075742640174,0.17619437427109202,0.30917506430858477,0.5016205125397191,0.7105313160282106,0.8933528124269257,0.9723508576868799,0.9747653025616311,0.935339904610309,0.8311210757814793,0.6258819691015344,0.3629575136176516,0.1629575933880639,0.06309951714727324,0.024831242712696586,0.017160446538098856,0.035080341100136817,0.06928088624854359,0.06654385434894919,0.050184184127457135,0.09297982804060477,0.4019735918075066,0.8478642357733374,0.9791778748482497,0.9974888476875075,0.9997020247179849,0.9999645155497191,0.9999948546116899,0.9999949377109396,0.9999784092212968,0.9998986216838339,0.999527496957781,0.997958264669746,0.994244323866929,0.9936145450962416,0.995814378334539,0.9975271791755304,0.9985600206898365,0.9991632540698494,0.9995139758831939,0.9997176027042581,0.9998353264015665,0.999901487892423,0.5831792975970426,0.5831792975970426,0.5831792975970426,0.5831792975970426
18.865546218487395,5.011505892926198e-56,1.730240842545225e-52,6.032103614887947e-49,2.1362306118394637e-45,7.753084263445567e-42,2.9181617230083237e-38,1.1549066949711003e-34,4.866308597399433e-31,2.1974123125475833e-27,1.060870013562211e-23,5.420644242385291e-20,2.891578714889189e-16,1.5893912563530115e-12,0.5831792975970426,0.5831792975970426,0.5831792975970426,0.5831792975970426,0.5831792975970426,0.9999998360907594,0.9999994323898015,0.9999980155315671,0.9999929237763806,0.9999737881623249,0.9998962510943222,0.9995481434390873,0.9978471537250896,0.9900701087783738,0.966776155666019,0.9298365950938733,0.8851258407661406,0.8278324844002481,0.7530896092787959,0.6606072686733653,0.5557421243457,0.449918650822972,0.362795186704141,0.3277925392950597,0.35468747807499934,0.3662617187606141,0.3394860644766257,0.3118674198148087,0.30470748534491054,0.3195309735246868,0.34668293944643824,0.375048941078549,0.3926087557664109,0.38680232863932457,0.36476113255857223,0.3618493337850832,0.3988632118557333,0.46224027984829663,0.5291618161796636,0.5801495947479247,0.6067445434943622,0.6199893347587883,0.6092756192480215,0.5557947614510145,0.46707449021486297,0.36207752103901414,0.25356033280942586,0.1552544179660625,0.08810678591018144,0.07056907370176975,0.12593398693047073,0.30496146739981583,0.6014380791323893,0.8292932868058782,0.8366050985592934,0.5919022905693312,0.34095935725935494,0.2261808910578799,0.1721276213729681,0.1429655731924927,0.14435070418551832,0.20617235699943953,0.3454391010023194,0.5245098661370479,0.7032869803289378,0.8680119309297587,0.9605022419389327,0.9669801480912418,0.9176606993803741,0.7911705458840976,0.5634007899971666,0.3065669903943681,0.13288870279660048,0.052450850341121666,0.024834745491121107,0.029082172557881855,0.06869432080851542,0.10680899764602121,0.08777663056516469,0.06040090268026689,0.0838160069328228,0.34146942792516666,0.8091905008921325,0.9727903009295971,0.9966993997614221,0.9996081273438044,0.9999535816578635,0.9999944493099298,0.9999990817500694,0.9999986604926386,0.9999940593137245,0.9999728105079946,0.999895415978277,0.999802364581706,0.9998411321868371,0.999903173127737,0.9999434335896153,0.9999671253279439,0.9999808792364318,0.9999887573860147,0.9999928529803722,0.9999931301401138,0.9999840693793551,0.9999383991039553,0.5831792975970426,0.5831792975970426,0.5831792975970426
19.016806722689076,6.378443002470751e-57,2.906523771529067e-53,1.414674023016705e-49,7.275143874464048e-46,3.898819695227989e-42,2.1496650018821475e-38,1.2073651983426231e-34,6.860129883154419e-31,3.9255074223643455e-27,2.255830219952561e-23,1.2996261981748815e-19,7.498661318696474e-16,4.3304715736201354e-12,2.5021566352387184e-08,0.5831792975970426,0.5831792975970426,0.5831792975970426,0.5831792975970426,0.9999998364944718,0.9999994379623343,0.9999980612081333,0.9999932635490876,0.9999762501063328,0.9999138781588794,0.9996719153110739,0.998661199313806,0.9943202482485098,0.9791383178755436,0.9490017500478682,0.9119398711314113,0.8667104738098235,0.8070223225584617,0.7298033484405064,0.636776606301882,0.5358836078457635,0.4449350099461355,0.3982451634965998,0.414326256313749,0.42453654151300135,0.3944222583505127,0.35677397502850405,0.33506813478230557,0.33376677587966047,0.345682530512182,0.3610082333752669,0.3701282487660466,0.36634273588986144,0.3597808079839329,0.37613533229799445,0.42494605750442804,0.48906393373794393,0.5409151368472087,0.5517141952760557,0.5314895835024331,0.5371808430783778,0.549552573844702,0.5206882149738685,0.44471314536630935,0.3434501735829771,0.23722155448997145,0.14329664270738737,0.08027848649847351,0.05977195103202092,0.09078873841071426,0.20694036691930917,0.4545661945280051,0.7269809531082646,0.7481617314452034,0.5377167132120848,0.3681223224979457,0.27648490690074573,0.22063130518708174,0.18624388897769859,0.18424384807069374,0.2442594865580178,0.37557682602575604,0.5377590282324107,0.6948876927725002,0.8422800667978212,0.9443975848758156,0.9569870249373381,0.8961771493238809,0.7459365902339056,0.5021319962709752,0.2608091542345446,0.11359416438374485,0.04956666170583973,0.03298332773357987,0.055998707036381115,0.12000192066153435,0.14902398246018997,0.11285486370248889,0.07420329027017869,0.08016999372470213,0.28774737674843137,0.7635539599296032,0.964515747039386,0.9956628434881469,0.9994845878019569,0.9999389562773379,0.9999927699992537,0.9999991288917246,0.9999998248559193,0.9999996424142015,0.9999984797257251,0.99999538858381,0.9999944134382623,0.9999962551216239,0.9999977821450816,0.9999987028156381,0.9999992183445946,0.9999994218966451,0.9999991188189326,0.9999970934837618,0.9999877989774083,0.9999467640624606,0.9997665278961823,0.5831792975970426,0.5831792975970426,0.5831792975970426
19.168067226890756,9.309072016075116e-57,5.330511918450054e-53,3.0644910979101607e-49,1.7659428907727437e-45,1.0190718544020813e-41,5.885635719302286e-38,3.4009055814046523e-34,1.965717365945007e-30,1.1363742177965545e-26,6.56999617861456e-23,3.7986950946876356e-19,2.196437279140267e-15,1.2700243099376233e-11,7.343624168728197e-08,0.5831792975970426,0.5831792975970426,0.5831792975970426,0.9999999402152366,0.9999998368017133,0.9999994402066296,0.9999980774794427,0.9999933807681978,0.9999770917552523,0.999919891699898,0.9997143332082316,0.9989484056955387,0.9960097845860765,0.9856372836001631,0.9612362885552935,0.9295559250546308,0.8944632801274003,0.8490164149726304,0.7879019063260778,0.7099035462022701,0.6191547588315072,0.5296079035191796,0.47261443919407536,0.4704969109065827,0.47118786798281787,0.4389602680149809,0.3982248858556507,0.3718676232638994,0.3652805587924006,0.37120726486117056,0.3794057767217207,0.38235797006910555,0.3791828023471637,0.38253934943880696,0.4115993418944643,0.4681885151937323,0.5309591978220359,0.5679883127514046,0.5474393812957482,0.492873653029639,0.4856842721782186,0.5091505930527254,0.4993072251204734,0.4352155776839904,0.33716735563611905,0.2322932198131146,0.14247304455929763,0.08667408951543984,0.07534631268155885,0.11340143286585497,0.22138629192060436,0.44042917270510407,0.7054664591179448,0.7323591425453408,0.569390610354882,0.4286437221143917,0.33712861286656454,0.2763308596617426,0.23811279672487337,0.23241463215216993,0.2847991576107857,0.40112053055902536,0.5459667216864066,0.6870368634226076,0.819141822003599,0.924566136310629,0.944628341506556,0.8713905602356137,0.699139055981592,0.451327318435689,0.23474525831296722,0.11168910305132217,0.060136133783447995,0.05571144251052296,0.10301179678675407,0.18182062947458055,0.1939312710473355,0.142563504057538,0.09218892409175251,0.0818768623686368,0.24236478838999237,0.7111477618841929,0.9538476990210396,0.9943026429958072,0.9993221246029431,0.9999197042904867,0.9999904939769642,0.9999988741474142,0.9999998628792955,0.9999999646834723,0.9999999190753166,0.9999998348654479,0.9999998592724963,0.9999999120445761,0.9999999428783013,0.9999999418878709,0.9999998568581511,0.9999994366261812,0.9999975645487604,0.9999893304012296,0.9999531750002667,0.9997944787937001,0.9990983967932108,0.5831792975970426,0.5831792975970426,0.5831792975970426
19.319327731092436,2.6718697044635384e-56,1.5446235629932637e-52,8.930392971716232e-49,5.163478140157685e-45,2.9855761795469846e-41,1.7263237072228016e-37,9.982082959663835e-34,5.771955532622979e-30,3.337539867471561e-26,1.9298828130931314e-22,1.1159275454945102e-18,6.452698900182425e-15,3.7311869054965174e-11,2.1575090900456548e-07,0.5831792975970426,0.5831792975970426,0.5831792975970426,0.9999999482648709,0.9999998369103323,0.9999994409797546,0.9999980830440102,0.9999934207676786,0.999977378654474,0.9999219394607276,0.9997287729776807,0.999046890255657,0.9966163723569786,0.9883519172230069,0.9669898952817579,0.9370424693231846,0.9091841616670551,0.8766124823237761,0.831131058423109,0.7690699372320876,0.6911070021622608,0.6062465477998843,0.5402108351570165,0.5167993836763388,0.5038250838355559,0.47076071936190683,0.43320306591926167,0.41211064249399815,0.4123610106065969,0.42363376464573965,0.43174285974858334,0.4296413943744993,0.42310117517402346,0.4290333010109409,0.46347897588605025,0.5222254783962572,0.5789063358329427,0.5997354232983909,0.5579549496032947,0.48435347653470556,0.4630141314867731,0.4875640313892603,0.49107146371141047,0.437960858983616,0.34214454981997944,0.23673023005240784,0.15057074857699257,0.10649013557881715,0.1179461650443327,0.19093179069354294,0.33805581593841605,0.5696856607866373,0.785379071058921,0.7820328875629589,0.6366870523294734,0.49632191318172975,0.39595522526413607,0.33014645060576375,0.29197596008528137,0.28611161037735394,0.3290226497467188,0.4251590164447709,0.5503203086335651,0.6774131065424142,0.7973316858379426,0.9014906439867376,0.9301573325841042,0.8464358618857922,0.6623007825640901,0.43102336523545776,0.24665401956840216,0.1406671888404569,0.09366747034095073,0.09879064543545052,0.1653059918060087,0.24404487887595938,0.24120083009882248,0.17758412397102583,0.11500852823961365,0.08895204621832202,0.20625067506431438,0.6528774986591833,0.9401789366963574,0.9925191310937759,0.9991084978302325,0.9998943807550864,0.9999874968041751,0.9999985211254638,0.9999998259684763,0.9999999794617371,0.9999999947623137,0.9999999948722964,0.9999999953890069,0.9999999922790714,0.9999999735744801,0.9999998883461925,0.9999995123716986,0.9999978607909253,0.9999906098185669,0.9999587790185187,0.9998190659316818,0.9992061885608224,0.9965245294433114,0.9849203899392011,0.5831792975970426,0.5831792975970426
19.470588235294116,7.8457415889105825e-56,4.53667477771229e-52,2.6232653229837204e-48,1.516866407747397e-44,8.771073876675735e-41,5.071756478920663e-37,2.9326762842158242e-33,1.6957816320931432e-29,9.805635941826374e-26,5.669981287863104e-22,3.2785929417653966e-18,1.8958037647291058e-14,1.0962239033886896e-10,6.338768362959898e-07,0.5831792975970426,0.5831792975970426,0.5831792975970426,0.9999999510047745,0.9999998369475374,0.9999994412442154,0.9999980849469651,0.9999934344443543,0.9999774766905872,0.9999226379978575,0.9997336808116797,0.9990801807162211,0.9968212283717881,0.9892817239939772,0.9683961375931698,0.9348658731336094,0.9085461006177128,0.8867200719660082,0.8558395577095347,0.8089779520179945,0.7437195442088198,0.6641363851392026,0.5901703644964447,0.5474844116814891,0.5217025108453859,0.48909652783941593,0.4588944106735792,0.4502677823503829,0.46634247887128244,0.4909222951589674,0.5029790534845215,0.4954236660601275,0.48223143294529175,0.4857909764710941,0.5201961991956104,0.5754584765634174,0.6208937440361042,0.6251399748266764,0.5723240702964395,0.4954467051339523,0.4663884084737743,0.4882876257505733,0.5009044398734329,0.45794348046418576,0.36317564927294776,0.2543150167664556,0.17089958509377376,0.1447138213318477,0.1947654828051779,0.3224609574040487,0.5152884740182171,0.7322470683629415,0.8654237348002706,0.8322559890452509,0.7011328533065053,0.5600731268504731,0.45028200122977213,0.3804598635107275,0.3465500039350852,0.3456093057338739,0.3799292280584868,0.4513555619402411,0.5511700897130637,0.6621133336404512,0.77189232827579,0.8738865301711731,0.9144871317503156,0.8310307540729862,0.6613834191578155,0.4735770098667031,0.3216165676558442,0.21639445887320735,0.15657221203174618,0.158390667704188,0.229310452929904,0.3016906899998427,0.29105177012308053,0.2183571020495461,0.14331829459048948,0.10159104780981427,0.17982222967770045,0.5904760925492918,0.9228062231099811,0.9901829647141871,0.9988276305259166,0.9998610738812496,0.9999835563827575,0.9999980579008233,0.9999997743704157,0.999999976740745,0.9999999983821056,0.9999999987823555,0.9999999949052903,0.9999999777263042,0.9999999022797821,0.9999995710494245,0.9999981169401841,0.9999917334577563,0.9999637110005987,0.9998407113071722,0.9993011018497612,0.9969390971364007,0.9867006707472115,0.9441347566260986,0.5831792975970426,0.5831792975970426
19.621848739495796,2.3050552194877674e-55,1.3328681047090176e-51,7.707136278978685e-48,4.4565513352877596e-44,2.5769429031336207e-40,1.4900837647830137e-36,8.616215890081276e-33,4.982214978319162e-29,2.880901135352327e-25,1.6658436855164e-21,9.632524880734901e-18,5.5698824820232296e-14,3.220712248017042e-10,0.5831792975970426,0.5831792975970426,0.5831792975970426,0.5831792975970426,0.9999999519373624,0.999999836960315,0.999999441335118,0.9999980856015057,0.9999934391505051,0.9999775104134204,0.9999228777852012,0.9997353555899208,0.9990913793200638,0.9968877709226907,0.9895454019715357,0.9679831893946534,0.9265744535386194,0.891998559641313,0.8762119103782676,0.8586122607370666,0.8257600269935035,0.7717533197257721,0.6966415309615398,0.6168248659667376,0.5607409057105308,0.5258245079855124,0.49423891046897267,0.4728505453964145,0.48008114806344643,0.515746451185167,0.5556635192087798,0.5721341733729288,0.5595945375028655,0.5398954802000351,0.5397204481692255,0.5710112891974239,0.6186268460911454,0.6500110595324208,0.639992129114021,0.5847563401432777,0.5168113801784967,0.490439957029915,0.5117797209325178,0.5312816396020686,0.49826124051710036,0.40471488828373614,0.28991483438479326,0.2082234062557786,0.20687194053104735,0.3078541031146868,0.48716137037464174,0.687922156559622,0.8467580982977516,0.9069158559492568,0.8595205291209278,0.7466137016719643,0.6137438699381461,0.5001389188353105,0.4289141175294417,0.40255776658611964,0.4100775158432332,0.43759075673888037,0.4819610930813738,0.5489788639913656,0.6366685645045578,0.734793496914206,0.8364943073298411,0.8989444147105248,0.8423374435346133,0.7226527687263057,0.5921083065963624,0.46118048658631505,0.3346134135121378,0.23870937385565447,0.22038306463406554,0.2856905893576698,0.3547520455876525,0.3434634621116017,0.2649642851960604,0.1776969241155343,0.1201392733827108,0.16316091594797746,0.5264780656507388,0.9009556664278331,0.9871270468320177,0.9984584224758817,0.999817272807811,0.9999783809974081,0.9999974560247886,0.9999997128461593,0.9999999752528379,0.9999999982905384,0.9999999956613628,0.9999999804838015,0.9999999140238042,0.9999996224022929,0.9999983422643106,0.9999927225524979,0.9999680528507195,0.9998597675514006,0.9993846736558694,0.9973043473383313,0.9882732769853472,0.9504880889917151,0.8138821841751629,0.49902727394333374,0.5831792975970426
19.773109243697476,6.77226398386415e-55,3.9159737363160463e-51,2.264360981350369e-47,1.3093373455615196e-43,7.57107324873538e-40,4.3778748345441295e-36,2.531449299169873e-32,1.4637776996736022e-28,8.464104554112495e-25,4.894258596844864e-21,2.830041507655599e-17,1.6364347687739624e-13,9.46247163806201e-10,0.5831792975970426,0.5831792975970426,0.5831792975970426,0.9999990408094325,0.9999999522547953,0.9999998369647507,0.9999994413667386,0.9999980858296175,0.9999934407931889,0.9999775221922269,0.9999229614054544,0.9997359355079807,0.9990951759287224,0.9969088878072144,0.9896017565162761,0.9672530411460083,0.9172365685421914,0.8641106430624951,0.8447351848081927,0.837675829618722,0.8180008680682592,0.7744420218933866,0.7041252082627592,0.6225717514426226,0.5601188002083795,0.519670076687787,0.48832395516022725,0.4743902709926596,0.49732693618006124,0.5524841620092614,0.6062406381348204,0.6262353781653268,0.6104118752185731,0.5864435629461933,0.5830394758860734,0.6097055335780635,0.6476980527368708,0.665600086110713,0.6460107621781639,0.5946365281150905,0.5417975662925676,0.5257110155865938,0.5500726984806326,0.5753429053337945,0.5527628664673216,0.46385348740807925,0.34429146861600496,0.2649157261589882,0.2935798850521161,0.4438848829874249,0.6442089157359975,0.8103437138896257,0.9040205780607852,0.9167415570646563,0.8631868853502375,0.767490559096021,0.65091021133883,0.5432880083736504,0.47590948669461,0.45906402720843975,0.4749187805469331,0.4964637421056048,0.5155777380558593,0.5456236445214775,0.5998665835182274,0.6785391454392059,0.7808029019823027,0.8840506598606934,0.883800199139662,0.821394224358851,0.7347704424485638,0.6140729609844631,0.4584012812023538,0.3178510362612734,0.2741943827069104,0.33375988255868816,0.4046893744487179,0.397931398165224,0.31703257549976666,0.21853052227504793,0.14503195138661307,0.15618614463463662,0.4640194776169314,0.87384175921286,0.9831368297522188,0.9979732083717816,0.9997596895302777,0.9999715999634641,0.9999966892995372,0.999999651360943,0.9999999777674786,0.9999999959125211,0.9999999829621598,0.9999999243939158,0.9999996676269723,0.99999854063672,0.9999935933077169,0.9999718752311753,0.9998765443156483,0.9994582576547687,0.9976261168915012,0.9896618755487021,0.9561524383291088,0.832419349256103,0.5308470167990659,0.20492674732505595,0.5831792975970426
19.92436974789916,1.9896951543776942e-54,1.1505153973369278e-50,6.652705951614482e-47,3.846840866427911e-43,2.2243858002107863e-39,1.2862222171408275e-35,7.437413023023838e-32,4.30058754529288e-28,2.486758927801882e-24,1.4379360726611702e-20,8.314678700671658e-17,4.80785503687025e-13,2.7800797631105303e-09,0.5831792975970426,0.5831792975970426,0.5831792975970426,0.9999996643629332,0.9999999523628471,0.999999836966326,0.9999994413780232,0.9999980859113722,0.9999934413843397,0.9999775264447787,0.9999229916180765,0.9997361438403108,0.9990965076062703,0.9969156334652859,0.9896055710366204,0.9667025971392121,0.9100271031679482,0.8340565291429207,0.7985159362750582,0.7959048264224037,0.7883583759720124,0.7561166222708329,0.6934060108277655,0.6155537469663914,0.5522970274096998,0.5083651707790192,0.4754967225065315,0.46560578635596805,0.5013557457658053,0.5742004950316303,0.6400772794890689,0.6631907223178712,0.6459479027821498,0.6197573567665365,0.6135343327664663,0.6345522107694416,0.6627346865071159,0.6703011880911512,0.6469493004170741,0.6037142149975532,0.5671371258976072,0.5631038272285065,0.591429597359264,0.6207301644713973,0.6084011463875245,0.5294917245102868,0.41168601983769443,0.33897725545478874,0.39812944533511246,0.5773971611956199,0.7605181246576374,0.8756037281142519,0.9196848593079421,0.9041955127538683,0.8466905661569146,0.763879466691351,0.6667529238520264,0.5748221958252762,0.5184290074250498,0.5121465383491813,0.5335762576530283,0.5490410395127473,0.5483772924554674,0.5454115274263291,0.5605789484642533,0.6075707032111357,0.7048604693802011,0.868862204374955,0.9279471871993684,0.9003045803710406,0.8387255154416255,0.7273321305417727,0.5548293778079023,0.3816878836677789,0.31889375862389124,0.37635312265166265,0.4525830353921387,0.4535188245578482,0.3736833986283363,0.2658772350196516,0.17670134490446737,0.15878365441162728,0.4064917656871855,0.8407754502570136,0.9779391629743044,0.9973357776657303,0.9996840475246315,0.9999627700719959,0.9999957614189967,0.9999996171186615,0.9999999819286495,0.9999999851215481,0.9999999336635553,0.9999997075191386,0.9999987153164662,0.9999943599012073,0.9999752402998948,0.9998913142104425,0.9995230462909205,0.997909558576624,0.9908875618639971,0.9611952210290485,0.84945174698676,0.5624179067966523,0.22647108273407893,0.06252213882612431,0.01496446871621864
20.07563025210084,5.845736140011907e-54,3.380221047157543e-50,1.954568946320966e-46,1.1302041235250194e-42,6.535258647373725e-39,3.7789284872604014e-35,2.1851163484659053e-31,1.263515166383888e-27,7.306112449360262e-24,4.2246646928294206e-20,2.4428575238366993e-16,1.4125506556708353e-12,8.167890755708059e-09,0.5831792975970426,0.5831792975970426,0.5831792975970426,0.99999987660009,0.9999999523996307,0.9999998369669126,0.999999441382263,0.9999980859423555,0.9999934416103693,0.9999775280844763,0.9999230033438583,0.9997362247876337,0.9990970171905036,0.9969179942290551,0.9896012368318888,0.9663776842718241,0.9055000423768432,0.8096721650388008,0.7497570671288453,0.7429148806469599,0.7448347776399027,0.7255699966662846,0.6748101943348338,0.6054949518684707,0.5442708627953232,0.4972131946247706,0.4607826083475674,0.45074177899960416,0.49457204251189435,0.5824561799219059,0.659674563140489,0.6865654891679641,0.6696191035111757,0.6423362377751586,0.6327824108094502,0.6468168196518969,0.6658140894775493,0.6673024685562011,0.6459409849213541,0.6137913751749072,0.5921920865946004,0.5980007972643374,0.628357144512408,0.6589687689691013,0.655106229075514,0.5901830529113676,0.48385105787555605,0.42660455226781235,0.5102666141121128,0.6860497763834286,0.8263051700241311,0.8944944308046825,0.9061788041566448,0.8740952943362934,0.8138163924530324,0.7402330549448318,0.6618554379636354,0.5912776284261356,0.5521509150762437,0.5574300692016266,0.582182660219612,0.5922250828983369,0.5788484408330553,0.5541426218451925,0.5377592819626663,0.5497683045049604,0.6312726764056699,0.8534614176741904,0.9540581227955277,0.9425663541216808,0.8950198125416012,0.7943568263098478,0.6201872358190141,0.4313908885505179,0.35762645389568853,0.41596994229810397,0.49883178137934486,0.5090227148739533,0.4335581384687633,0.31933740248550535,0.21545112029808364,0.17086681287365948,0.35713874174303145,0.801334611147604,0.9711903909568073,0.9964988931925338,0.9995848823454848,0.9999514550048778,0.9999947832719668,0.999999645524772,0.9999999788279719,0.9999999420766441,0.9999997428554301,0.999998869214722,0.9999950348369792,0.9999782027911975,0.9999043172652498,0.9995800899206436,0.9981592197710295,0.9919691102337466,0.9656788652574526,0.8650337022050776,0.5934911807508418,0.2495694438088356,0.07042124426641812,0.016963818063008198,0.003915496811657592
20.22689075630252,1.7174807380305417e-53,9.931109444112872e-50,5.742535133409801e-46,3.3205464046108605e-42,1.9200628588278625e-38,1.1102514263107653e-34,6.41988476553116e-31,3.7122150376023855e-27,2.1465401621217854e-23,1.2412089873391499e-19,7.177129864345444e-16,4.150082187259613e-12,2.3997311006279382e-08,0.5831792975970426,0.5831792975970426,0.5831792975970426,0.9999999488386172,0.9999999524121556,0.9999998369671504,0.9999994413840104,0.9999980859553185,0.9999934417064259,0.9999775287926362,0.99992300849135,0.9997362608940972,0.9990972477287683,0.9969190672296413,0.9895988549864905,0.9662132359233568,0.9030124668747347,0.7935607603595947,0.7098157332905688,0.692231860341752,0.6995395919834858,0.6940416934051893,0.658995105018946,0.6009996096586808,0.5420409947758118,0.49089017086267633,0.4488368032671704,0.4345322915192018,0.4807002236520271,0.5798840426020581,0.6679992142878954,0.7002289430412537,0.6854951927623182,0.6577686577039682,0.643699386424394,0.6490099530072055,0.6594729894261098,0.6589292768052702,0.6444785214400783,0.6256955951135774,0.6175738115117675,0.6300093047350463,0.6592332619405891,0.6878844155303296,0.6895139031356089,0.6401672874658337,0.5558287973857303,0.5257091227546272,0.620320985286605,0.7593543176516346,0.8463656454275009,0.8777715505542855,0.8699851951725537,0.8294696590357868,0.7691484395345085,0.7038938940892725,0.6425746960958867,0.5943470694290826,0.5754616449929277,0.5934463937825466,0.6216329746069601,0.6287444193728902,0.6100397742953285,0.5775305610089598,0.548532631476094,0.5421810229391547,0.6045610554391998,0.8413446583346804,0.9624368691853769,0.9583452512646302,0.9190000065964791,0.8289793722726622,0.6627155644552692,0.4711867231453536,0.3928779121149947,0.45385956997683097,0.543329129875157,0.5631608601948431,0.49493451327418614,0.37796811513420053,0.2613067741266464,0.19236493857286152,0.3187068999639706,0.7555991085506926,0.9624654943956847,0.995401374231624,0.9994555414266657,0.9999375471540393,0.9999941124839897,0.9999997291407765,0.9999999456705685,0.9999997744944259,0.9999990050280613,0.9999956291959917,0.9999808109311329,0.9999157648348918,0.9996303136897707,0.998379112403331,0.992923207245597,0.9696608050009784,0.8792321908600454,0.6238337271969634,0.2741885962459553,0.07923398244900952,0.019225079765937084,0.004445294203097371,0.0010160858761634273
20.3781512605042,5.045968565528071e-53,2.9177658279462416e-49,1.6871602183355928e-45,9.755784974484356e-42,5.6411560345032e-38,3.261925256536761e-34,1.8861659408379954e-30,1.0906509734544993e-26,6.30654769096936e-23,3.6466793453222234e-19,2.1086449987049844e-15,1.2192966009689566e-11,7.050423837779773e-08,0.5831792975970426,0.5831792975970426,0.5831792975970426,0.9999999734262242,0.999999952416422,0.9999998369672602,0.9999994413848374,0.9999980859615808,0.9999934417538576,0.9999775291507236,0.9999230111671071,0.9997362803584332,0.9990973797515486,0.9969197909498638,0.9895996589204984,0.9661494604679435,0.9018492569923849,0.7847708362018141,0.6840521654013705,0.655133179871652,0.6646699811399,0.6722803766118651,0.6546093211553337,0.6084136384896304,0.5502386352338535,0.4931433722890884,0.443176578139548,0.4206050126270047,0.46289877381761524,0.5681124528390896,0.6658698040854856,0.7053510721885904,0.695031876587603,0.6674910809139429,0.6479382952895689,0.6433426853065828,0.645939851278666,0.6463316184474495,0.6424081975403892,0.6391626147175028,0.6441628231209192,0.6606910376695158,0.6850714241650495,0.7074220121590703,0.7103530312783924,0.6768702415442382,0.6255992861231976,0.6319675779878716,0.7169828128436321,0.7973448765013803,0.8315620996816543,0.8349944706313378,0.8166999157836984,0.7747617204717536,0.7187980200956806,0.6633929322558318,0.617989148985692,0.5902285077097166,0.5909865607650953,0.6223555456342961,0.6560343566609911,0.6642743410732607,0.6477162193158774,0.6206184173712559,0.5993374798199862,0.5990523008717229,0.6499616154086588,0.8381480871810991,0.9538711303372596,0.9514854764570387,0.9161479864095836,0.8357516627817383,0.6838217725977143,0.5008484118670258,0.42453936190173963,0.4898973471039405,0.5855769708960775,0.61471450663792,0.5559174070384448,0.44028362552203076,0.31386570562916677,0.2231440120299938,0.29322485260268355,0.7044274711136946,0.9512522065082619,0.9939653049027527,0.999289041373685,0.9999222476625171,0.9999943255741116,0.9999997977390053,0.9999998014281758,0.9999991254661514,0.9999961529355824,0.9999831072862116,0.9999258430632065,0.9996745324338291,0.998572775098785,0.9937646668091116,0.9731935842136404,0.8921232695218118,0.6532347426708854,0.30026460554913653,0.08904393267008867,0.021781086899157788,0.005046414101340227,0.0011540246899331722,0.0002631107830468293
20.529411764705884,1.4825084525051385e-52,8.57241270171939e-49,4.956886377573331e-45,2.866255209019939e-41,1.6573748715329468e-37,9.583555072641775e-34,5.5415663292524025e-30,3.204338802118644e-26,1.852867321025495e-22,1.0713964787551836e-18,6.195211074577292e-15,3.582300391947512e-11,0.5831792975970426,0.5831792975970426,0.5831792975970426,0.5831792975970426,0.9999999817950326,0.9999999524178771,0.9999998369673201,0.9999994413852963,0.9999980859651385,0.9999934417814793,0.9999775293655531,0.999923012837597,0.9997362932750351,0.9990974776085874,0.9969204875999927,0.9896037121355463,0.966156383668353,0.901599288642925,0.7818619853399008,0.6734984649002977,0.6381084623462809,0.6493327058712347,0.6683014773323058,0.666947420315206,0.6310543919582378,0.5714067281431451,0.5060216250207704,0.44528679338137,0.4101280467126266,0.4422947371142887,0.5471442415035774,0.6520317981380807,0.7003712314048886,0.6963929888385166,0.6695557633857098,0.6446169971951787,0.630937333408507,0.6270433890595953,0.6299974790684859,0.6386793949643559,0.6532972432790748,0.672652019038026,0.6914391973584039,0.705517208793992,0.7137698374239974,0.7107425007383668,0.6928772020882572,0.685818434327406,0.7285675719742472,0.7869543662389437,0.8085677847326916,0.7983067148854677,0.7795086462480953,0.7554438232911445,0.7171969864131332,0.6699928407225726,0.626751007407544,0.5966617087096043,0.5865279046103826,0.604132850692513,0.6485063657498519,0.6903875588461712,0.7045601282643782,0.6972427323669624,0.6855056396812751,0.6838267851714503,0.7005709527615356,0.7443311127261362,0.8465963843142609,0.9154216255781471,0.90402218757464,0.8667766801588733,0.7942611576438989,0.6648645822713087,0.5081173042833064,0.4467152879499852,0.5214694056571866,0.62437072782737,0.6625336351307992,0.6146480804487969,0.5043654011321304,0.37218593617724466,0.2628759867847652,0.2819216236466402,0.6497125186600445,0.9369582718073732,0.9920956338997925,0.9990818630784666,0.9999101091384917,0.999995557629087,0.9999997432580605,0.9999992326178979,0.9999966153476165,0.9999851296303163,0.9999347159996408,0.9997134638543995,0.9987433283396504,0.9945066270063625,0.9763250407503482,0.9037888936505296,0.6815109812797125,0.3277008460240829,0.09993662659452293,0.0246683721444125,0.005728353307745486,0.0013106647763160562,0.0002988599038554035,6.809316546925947e-05
20.680672268907564,4.355607551222561e-52,2.5185735320909236e-48,1.4563324546465487e-44,8.421053391663529e-41,4.869364821129345e-37,2.8156470050082983e-33,1.6281113344417036e-29,9.414342467727044e-26,5.4437213367889385e-22,3.147761205228737e-18,1.8201520599932768e-14,1.052479303606408e-10,0.5831792975970426,0.5831792975970426,0.5831792975970426,0.5831792975970426,0.9999999846434949,0.9999999524183746,0.9999998369673577,0.9999994413855904,0.9999980859674705,0.9999934418001397,0.9999775295169642,0.9999230140928234,0.9997363040146054,0.9990975734549576,0.9969213845497691,0.9896123962532786,0.9662381775847863,0.9022289397991285,0.7846889850351685,0.6793599771924194,0.6456623067852162,0.6599909953590217,0.6871468628747633,0.6976177232537738,0.6682415428307498,0.6041630121476436,0.5276399328334485,0.4525067602300777,0.4002284915811119,0.41763793384992987,0.5173549059112809,0.6269502850069489,0.684963777237692,0.6881439922589585,0.6619609812415813,0.6325468832078571,0.6125097253163557,0.6045251939656626,0.6107717192484484,0.6328002552015675,0.6675617042666786,0.7031642439332388,0.721063151101174,0.7143319002205633,0.693267509166299,0.6717107933848503,0.6696795497862716,0.7163927885296473,0.7904816070068247,0.8245047814802875,0.8059315575132328,0.7647164301548476,0.7277850884358967,0.6982576795699472,0.6651856432572637,0.6293047057394467,0.5999725389238858,0.5848842598263634,0.5899064787303705,0.6210292780312985,0.6768232069199879,0.7289669616070225,0.7532352230025668,0.7597123989151691,0.7659889571103721,0.7816658774639819,0.8078234606205072,0.8401282160686918,0.858873752211956,0.8158853117976563,0.7664092916050993,0.7178865042504415,0.6518827229422137,0.5574951935860163,0.45661406436031804,0.43835422562404014,0.5387005274257053,0.6561602864934464,0.7051602589773399,0.6694251937625737,0.5680641904966867,0.4347584222072736,0.31088641161156105,0.2852379165006558,0.5945108416204424,0.9189486715237875,0.989689978405911,0.9988461474260204,0.999909827020071,0.9999970270351853,0.9999992848983223,0.9999970246402607,0.9999869118114387,0.9999425284668885,0.9997477402203453,0.9988935234107574,0.9951607293451873,0.9790985452256686,0.914314178749612,0.7085103662711809,0.35636727342444535,0.11199799274301553,0.027927466782721712,0.006501842955614557,0.0014885344374720505,0.0003394645904665228,7.734701707396517e-05,1.7619856056693613e-05
20.831932773109244,1.2795563772011447e-51,7.398868668809238e-48,4.27829977277209e-44,2.473871312632365e-40,1.4304839764652607e-36,8.271587921630863e-33,4.7829383530975016e-29,2.765672021657348e-25,1.5992139489791981e-21,9.247247087094214e-18,5.3471006018127475e-14,3.09189151843908e-10,0.5831792975970426,0.5831792975970426,0.5831792975970426,0.5831792975970426,0.9999999856129727,0.9999999524185454,0.9999998369673836,0.9999994413858012,0.9999980859691988,0.9999934418146946,0.9999775296445906,0.9999230152779917,0.9997363158498762,0.9990977013320183,0.9969228651246665,0.9896301989684723,0.9664447789486169,0.9041656834611853,0.7951904772749339,0.7055883096649797,0.6827675939014471,0.701260147434775,0.7309382271509341,0.7446209275232568,0.7143017523300869,0.6402296492663497,0.5480116411032445,0.4543501147448582,0.3828443287734822,0.3875193845461472,0.4837961384378591,0.5976283713619228,0.6647030807786475,0.6741297762319602,0.6475481362986973,0.6138913971126274,0.5898439784895531,0.5804051202533974,0.5908485438732594,0.6266879970321468,0.6832025200846157,0.7344939320622498,0.7425553271686923,0.6964071960095921,0.625650600163632,0.5762858890881868,0.5949270472421606,0.6987568540602223,0.8059698953403497,0.834322086822721,0.7986080107136465,0.7416675503939795,0.6917658110506925,0.6548558845348492,0.6248218066145574,0.6004653105027092,0.5859252326917607,0.5859240567015762,0.6047740613293213,0.6467778456949436,0.7114054456194824,0.7738609235165304,0.8093976648858571,0.8283768921502594,0.8460885558384783,0.8674572653743152,0.8907773763871585,0.9079495790155047,0.8600572186718951,0.6407926811140523,0.5100804456951133,0.4505570068500577,0.3980474599782573,0.3455083233573372,0.31160671077068613,0.35712100956649145,0.5122781372459324,0.6693983987389286,0.739265152619131,0.718510256264926,0.629211779847764,0.49959135077351347,0.3660241789944809,0.30286777409947463,0.5429232292711437,0.8966479452731729,0.9866830591828412,0.9986377814967681,0.999925967555979,0.9999976821820522,0.9999973282573412,0.9999884740558697,0.9999494060390258,0.9997779181204896,0.9990257856693372,0.9957372812393382,0.9815532748360296,0.923785119859155,0.7341138909156576,0.38610121433822925,0.1253123766368494,0.03160318883348494,0.00737900023224217,0.00169050170491305,0.0003855838314158404,8.785830219670799e-05,2.001444553627943e-05,4.559028996956962e-06
20.983193277310924,3.745556660733271e-51,2.165819522932417e-47,1.2523570274857135e-43,7.2415919594690174e-40,4.187356556997884e-36,2.4212845785250666e-32,1.4000763800268876e-28,8.0957599420364795e-25,4.681268106090662e-21,2.706882520977679e-17,1.5652196832889088e-13,0.5831792975970426,0.5831792975970426,0.5831792975970426,0.5831792975970426,0.5831792975970426,0.9999999859423724,0.9999999524186047,0.9999998369674036,0.9999994413859696,0.9999980859706805,0.999993441828491,0.9999775297829395,0.999923016784613,0.9997363335870725,0.9990979235025751,0.9969257575149316,0.9896680052976556,0.9669052639980001,0.908483974686184,0.8172041848487611,0.7561532910631927,0.7498115902628429,0.7704983354914088,0.7952860738175895,0.8014197705299698,0.7580230535896562,0.661795311328923,0.5454427521888388,0.4313051625795203,0.34824105030427793,0.354999907227972,0.4570387802592958,0.575761338109047,0.6492356086117621,0.6623840770093455,0.6333850229987157,0.5940256843688763,0.5661031394890891,0.5572612776309053,0.574545160201202,0.6264166309636604,0.7045054225333196,0.7634179253220311,0.7435177995660437,0.6391104418534591,0.5172349245001873,0.4563130769582908,0.4998590098077133,0.6422717008284393,0.7807659182196663,0.8216097256817385,0.7877641447825382,0.7296041893905199,0.6738366597229387,0.6281114976956848,0.5970266212920977,0.5827898012377392,0.5835732385413497,0.5994094267481378,0.632051352573996,0.6834412718516913,0.7536921998357025,0.8233561827756636,0.8663920447254695,0.8907172903585276,0.9097701142413481,0.9273669238432304,0.942606778404352,0.9456794335330724,0.8425967473720726,0.4511693900246697,0.2504478260280143,0.19977619474690964,0.17065808938778224,0.1487885568537018,0.14515556746723873,0.20491608755242183,0.3943606841686428,0.6309326064700398,0.7544316886990245,0.7589654640520616,0.685643306870042,0.5643817799848689,0.426600701698881,0.33378904107034396,0.4996427123790847,0.8697799684436534,0.983187321815561,0.9985729760237684,0.999944245862122,0.9999947858946339,0.9999892802298701,0.9999553108817056,0.9998044477631224,0.999142242233537,0.9962453999052265,0.9837245057442124,0.9322867557791148,0.7582358835542657,0.4167098310159155,0.13996010900109304,0.03574490717181197,0.008373496217586119,0.001919819379679206,0.0004379658936254978,9.979781939135001e-05,2.2734406146592147e-05,5.1785396700493725e-06,1.1794771079237053e-06
21.134453781512605,9.655902195329515e-51,5.583400113903631e-47,3.2285286451035185e-43,1.8668547837540478e-39,1.079484547523245e-35,6.241979282385396e-32,3.609343501129686e-28,2.087056031395539e-24,1.2068130608302782e-20,6.978239883759258e-17,4.0350766374693234e-13,0.5831792975970426,0.5831792975970426,0.5831792975970426,0.5831792975970426,0.5831792975970426,0.9999999860469911,0.999999952418625,0.9999998369674207,0.99999944138613,0.9999980859722766,0.999993441845776,0.9999775299855972,0.9999230193219163,0.9997363668904258,0.9990983735541125,0.996931903948821,0.9897502163028057,0.967894328614778,0.9169929091019868,0.8533827694804129,0.8253932803700936,0.8318875453685198,0.8498522425558978,0.864761401007116,0.8560041480585506,0.7843958401230248,0.6447629376679941,0.4942033975143214,0.36788946664306194,0.2965048330835672,0.32852407235048814,0.4460299134150389,0.5688933372993945,0.6447201341784562,0.658802302359676,0.6254938424386352,0.578002412245382,0.5445735332596509,0.5384010556379467,0.5690776334264982,0.6429731892217723,0.7381305105124913,0.786138920776473,0.717731572133827,0.5566899674887074,0.41667573853909606,0.37256450338514224,0.43192321211032775,0.5765877221025085,0.725929990343482,0.7849455919916498,0.7669716931266929,0.721235738099709,0.6678097545047367,0.6131094367070818,0.5763918792879493,0.5702391755057306,0.587248328638238,0.6205990388843325,0.6680182443857154,0.7281865273278341,0.8007570864078576,0.8717824699432807,0.9151417101405435,0.9371686164918169,0.9515783326277854,0.962826897597202,0.9707855070362309,0.9623781380714362,0.8081303513724178,0.31281726249353553,0.10420003469681847,0.07029818450532671,0.05815414744494632,0.05062044658029618,0.05118275446237734,0.08198787282631742,0.21123215044862928,0.4867527528430482,0.7198655393475117,0.7824827994211462,0.7344648345525737,0.6265922753475506,0.49037970927559155,0.37624692932282755,0.4691657992880171,0.8388315849437847,0.9796964759752297,0.9985734234468436,0.999875377682131,0.9999626231226145,0.9999530147948843,0.9998257451285324,0.9992442238569553,0.9966929989138075,0.9856438743970444,0.9399017354680765,0.7808228293059004,0.4479742899848677,0.15601461705313366,0.04040676458665086,0.0095007407908356,0.0021801758632193444,0.0004974603655962781,0.00011335953818431189,2.5823914232453573e-05,5.882179913696103e-06,1.339669063442518e-06,3.0501257013953815e-07
21.285714285714285,5.0063076845039883e-51,2.894832438279715e-47,1.673899283429043e-43,9.679105339614496e-40,5.5968170309170264e-36,3.2362868032192525e-32,1.8713408379861364e-28,1.0820785501555515e-24,6.256978765916781e-21,3.6180167578001036e-17,2.092071229502679e-13,0.5831792975970426,0.5831792975970426,0.5831792975970426,0.5831792975970426,0.5831792975970426,0.5831792975970426,0.9999999524186161,0.9999998369674392,0.9999994413863279,0.9999980859745798,0.9999934418744528,0.9999775303608376,0.9999230243966435,0.9997364368925622,0.9990993478905357,0.9969453918795576,0.9899291329659284,0.969915032755286,0.9313884959103282,0.8987288861024987,0.8937445769995661,0.9035175314099902,0.9153041946358862,0.9204272548660342,0.8955833683374479,0.7820506000510955,0.5760172952828548,0.3923962363557322,0.2767894550068567,0.24299172877794073,0.31478575108851636,0.4504600871012382,0.5743228011348738,0.6485782866166857,0.6621890453986481,0.6243914189468117,0.5670839881297514,0.5265737842170156,0.5272023248888464,0.5836579509461155,0.6875632379404002,0.7874096148701614,0.8024787579105529,0.6766071637005687,0.4814354480772396,0.3571666048680692,0.3399744949854707,0.40355762121381555,0.5244612722610672,0.6526255187277554,0.7179181253688962,0.7240254846950693,0.703846413732615,0.6612870164016948,0.5983844718763689,0.551633729168381,0.5511667257363256,0.5859960180381276,0.6398933378857872,0.7042753864282749,0.7735398550008481,0.8460467559488265,0.9125991388493443,0.9502820742565509,0.9665075349602401,0.9754928853702385,0.9817009829834905,0.9847396725474055,0.9664364868416349,0.7604963131479953,0.2257743492836862,0.0452255049581866,0.022938728172423862,0.018110206611421625,0.01572377424577827,0.016125492792009376,0.027079572191174968,0.08112030862594505,0.26480318308689904,0.5778270123037113,0.7631265524038251,0.7680598856209744,0.6819417860399134,0.5535247288980589,0.426880914854071,0.4540648447252316,0.8041209599131335,0.9733312482573914,0.9953847386723139,0.9986761010461699,0.9995953546127254,0.9997461801717662,0.9993069529837697,0.997079955286341,0.9873377980199004,0.9467087848157765,0.8018509330409835,0.4796555005371662,0.17353910569183245,0.04564783823504722,0.01077808535684822,0.0024757524690556545,0.000565031806773557,0.00012876372833114697,2.933312418169767e-05,6.681342389410219e-06,1.5215646905836934e-06,3.4635472134207426e-07,7.874469661137882e-08
21.436974789915965,4.545216844769609e-52,2.6282126450160564e-48,1.5197298486146215e-44,8.787640593503401e-41,5.0813391124077295e-37,2.938218387581013e-33,1.698986645476748e-29,9.824169754397076e-26,5.680698645878478e-22,3.2847902583211165e-18,1.8993873313540838e-14,0.5831792975970426,0.5831792975970426,0.5831792975970426,0.5831792975970426,0.5831792975970426,0.5831792975970426,0.999999952418397,0.9999998369674651,0.9999994413866518,0.9999980859787987,0.9999934419313533,0.999977531145189,0.9999230353475084,0.9997365907455005,0.9991015073475774,0.996975155399437,0.9903091440485398,0.9736488419647691,0.9506723872775764,0.9403481145497812,0.943574402227892,0.9507215322743598,0.9566365889721575,0.9545802351920214,0.9151504894283573,0.7521549288881172,0.47264701934832815,0.2756961589790655,0.19195491563625594,0.20354933288207822,0.3126430127495644,0.4610115118641613,0.5807295639181272,0.6502668222745496,0.6634059221939619,0.6227582536424767,0.5556316384611717,0.5081634243823167,0.523567847318244,0.6211184835199379,0.7554010533844767,0.8435229624254584,0.8173837377959462,0.6409379860304624,0.43227143037088794,0.3355007061772432,0.3416724971921639,0.4039233701214858,0.4921754628986624,0.5723431231134912,0.6187515173135308,0.6475406105649762,0.6628517507798384,0.6391894118757614,0.5699831427454845,0.5096910287616376,0.5111531046648085,0.5646817375488393,0.643495285802501,0.729361857183299,0.8103617242757326,0.883001438386824,0.9423709558376262,0.972303920710268,0.9829827152255922,0.9880225063448472,0.9911208729284919,0.991046083153728,0.9628260833436108,0.7028114657411393,0.16907179565527158,0.023286414171018503,0.007843794696289945,0.005734069182043255,0.005106938167776862,0.00547995781996916,0.00926636585207664,0.02768231630810521,0.1046968005549961,0.3343004679078321,0.6365229500840747,0.7475541070386238,0.7000586019507861,0.5876927862577003,0.46131859168149936,0.436021187181924,0.7174715132698394,0.8759648916076491,0.9450990699111086,0.9828466836271587,0.9950344332903498,0.9980777343215957,0.9970679263174989,0.9887382674109827,0.9527590454936188,0.8213182161025004,0.5115006521062815,0.19258285831386202,0.051532210497021634,0.01222504384011185,0.0028112879772018203,0.0006417752150884095,0.0001462605077956351,3.3318968362493066e-05,7.588945172477047e-06,1.7280739693069782e-06,3.9324873283325274e-07,8.933571116102512e-08,2.020021236089969e-08
21.588235294117645,3.5230895752142724e-53,2.0371808182832137e-49,1.1779733662118672e-45,6.811478092916139e-42,3.93864879640515e-38,2.2774725441101132e-34,1.3169189377610133e-30,7.614912825706453e-27,4.4032245023165967e-23,2.5461074160150897e-19,1.4722535656593832e-15,0.5831792975970426,0.5831792975970426,0.5831792975970426,0.5831792975970426,0.5831792975970426,0.5831792975970426,0.9999999524155014,0.9999998369675123,0.9999994413872895,0.9999980859875727,0.9999934420537622,0.9999775328666385,0.9999230596548981,0.9997369340412829,0.9991063157420208,0.9970400161197028,0.9910680241168032,0.9794073625422283,0.9698021352884683,0.9690288612638819,0.9725293410991894,0.9763416638465774,0.97817305216136,0.9707395901865346,0.9168671866895151,0.7043226987723963,0.36907197133433994,0.1823914315969275,0.13411835885253529,0.1817971131324956,0.3151680852793115,0.46532129800242367,0.574670356462681,0.6365929361328998,0.6483804774730295,0.6052860410825681,0.528420334738716,0.4760921966962574,0.5164746735003595,0.6630071870661373,0.8171509756193261,0.8888993684761193,0.8354996292409003,0.625779438861777,0.4117803182998195,0.33925314241752086,0.3621399586088132,0.4203132848378537,0.47458421511423354,0.4943951537799406,0.5003899433803202,0.5396825382996427,0.5906002725120992,0.5911847424892418,0.5196443212300886,0.4450084262292084,0.4422990200179664,0.5105363840630922,0.6172018967076287,0.7319032257082948,0.8315247188612049,0.9083124543719547,0.9615323174188821,0.9847129724372108,0.9915079713001276,0.9942203350669653,0.995610158754749,0.9933828940832291,0.953909139553815,0.6385966341557567,0.13013059979460484,0.014814485750274066,0.003655410839533157,0.0028508827514481558,0.0032816694541009136,0.004460460268451425,0.007296830366502017,0.0155414686826755,0.04443217686883421,0.14364871570152815,0.3483370064854634,0.4673431328990215,0.4312555258914676,0.347940301411448,0.266950243809636,0.22260145086390462,0.23541877171355588,0.30618643688115627,0.554427305559757,0.813065145465611,0.939731431372752,0.9805808905919804,0.9854439943362886,0.9569764338365396,0.8390074147743788,0.5432239772509185,0.21317615540537618,0.058128895179868606,0.013863531728752095,0.003192151351117241,0.000728933614919525,0.00016613390927207547,3.784609231267253e-05,8.619650110513334e-06,1.962496569693764e-06,4.464220782196646e-07,1.0130899168852299e-07,2.284321855903115e-08,5.063502478130407e-09
21.739495798319325,2.7184750978036433e-54,1.5719229403610458e-50,9.08944037202952e-47,5.255850917075078e-43,3.039127573522029e-39,1.7573360724779007e-35,1.0161567742459927e-31,5.875794653155093e-28,3.397601992240871e-24,1.9646192522255536e-20,1.136015582482147e-16,6.568862654861734e-13,0.5831792975970426,0.5831792975970426,0.5831792975970426,0.5831792975970426,0.5831792975970426,0.5831792975970426,0.9999998369676038,0.9999994413886566,0.9999980860067899,0.9999934423252053,0.9999775367105055,0.9999231141090213,0.9997377023970628,0.9991169513328186,0.9971763767343239,0.9924075435446035,0.9862009164655707,0.9838752303255394,0.9850865291186733,0.9870719695007018,0.9883889507585277,0.9868679151888645,0.9725813012641487,0.8982880896603769,0.6399394129873206,0.2879817230439072,0.12689877865559335,0.10462656190691132,0.17327907892800265,0.31453688280049596,0.4538575837606387,0.5471327332274507,0.5982480488634375,0.6044608051448529,0.5541356842186992,0.4655830005929562,0.4123401382937773,0.4831311563939759,0.6738068794181727,0.8438809616529545,0.9118641096135162,0.8550569243308209,0.6350798391129788,0.41729641381700927,0.3604452540458312,0.3931369561003271,0.44369167812203586,0.46268921977273575,0.4229438612288029,0.38504363825854876,0.41969752864855814,0.49343636894780146,0.5179968744787194,0.450456040478187,0.3656773345303841,0.35323703431047976,0.4254693020853782,0.556545665677825,0.7078571885443314,0.8367648757259376,0.9234031944543414,0.971871431657094,0.9901648734096239,0.995059948837962,0.9968423415739164,0.9974765456406188,0.9935155033559357,0.9411828507000062,0.5779310204906003,0.10731460873257051,0.013003716133786277,0.004692986406940848,0.0056528309790307,0.008580980033714465,0.01347676334185457,0.021501991381786156,0.034988334216593205,0.05853197264388531,0.09452707483955859,0.11023167600195294,0.08464765405663091,0.058295951509197835,0.04075265188485911,0.028989689196447715,0.020234431186593092,0.014519571406383009,0.02769642564997963,0.08482282181894249,0.2489356128556736,0.545034193548699,0.807582119569212,0.9077290093020642,0.8431494595759719,0.5730773788102235,0.23525915291562768,0.06551019189407012,0.015718102411145525,0.0036244245574982127,0.0008279189563589988,0.00018870715694437192,4.2988364319723934e-05,9.790413945365218e-06,2.228788310610852e-06,5.068434945995196e-07,1.1493393577912795e-07,2.586870073209621e-08,5.711951493240015e-09,1.2053398292448318e-09
21.890756302521005,2.0973709180855343e-55,1.2127775101741603e-51,7.012728537910731e-48,4.0550192540563386e-44,2.3447622507952757e-40,1.3558283372526491e-36,7.839901377949648e-33,4.533321212369869e-29,2.6213341499868654e-25,1.5157524481547002e-21,8.764641791827328e-18,5.068040354383716e-14,0.5831792975970426,0.5831792975970426,0.5831792975970426,0.5831792975970426,0.5831792975970426,0.5831792975970426,0.9999998369677336,0.9999994413916798,0.9999980860496225,0.999993442932881,0.9999775453342473,0.9999232362437573,0.9997394148444422,0.999139989414479,0.9974416932330789,0.9943230404824617,0.9920699648861754,0.9920687865227725,0.9928834728679523,0.9932885889155375,0.9918255787184264,0.9838149668531799,0.9511919785708819,0.8322000077332016,0.5408501202211407,0.24254344514936785,0.11784623584529137,0.10419491952871683,0.17399850801080027,0.3045868302250206,0.4222198776164605,0.4963240204679994,0.5341053001602188,0.5287401290373869,0.4649820097657798,0.3679086247262827,0.3217246445155024,0.41313981690200413,0.6304448405571863,0.8234925855237334,0.9058575479975077,0.8651324913962269,0.6619091855313096,0.4479191781766009,0.39782514208490494,0.43219751130462536,0.4688775924706521,0.44938844352704876,0.3594238009062768,0.28948501487955247,0.30997935584142416,0.3870305310356371,0.42883534575783494,0.3726020349167428,0.2867787957219862,0.2653868088114782,0.3334753896707444,0.48448396476084127,0.6801853340339309,0.8441160500468171,0.9347737403166385,0.9707348651547966,0.9835344896846451,0.9905589608022797,0.9947593751850843,0.9965207759110665,0.9917059875072188,0.9302687913153184,0.5602521763077368,0.11642253661666985,0.021323325285388505,0.014615731961384548,0.020971258456399706,0.03285429714221697,0.05151310040702331,0.07977810857784047,0.11951553623380597,0.15837719194919486,0.13771107794490728,0.06123758618704107,0.020090642102705933,0.007272894334984257,0.0033980487193523493,0.0019758476591172254,0.0011529596996281127,0.000776727120332339,0.0020116641998723034,0.00696233327654827,0.024676890766336224,0.08399401966825602,0.24771052985561648,0.5060850929513235,0.5320210171057046,0.25488363115659757,0.07366481277360093,0.017814856234923994,0.004114994449052456,0.000940348471750746,0.00021435743198354096,4.8836525697844195e-05,1.1125125462165687e-05,2.534572158574239e-06,5.777255782467457e-07,1.3193481415812296e-07,3.032531424578521e-08,7.109339676135217e-09,1.7495685581781744e-09,4.6437913016577775e-10
22.04201680672269,1.6181685809615118e-56,9.356849786264285e-53,5.410476939967052e-49,3.128538064262587e-45,1.8090365282288144e-41,1.046051891728438e-37,6.0486592897055884e-34,3.497558724597287e-30,2.022417935302656e-26,1.1694369207607383e-22,6.762117205446105e-19,3.910106504731071e-15,2.2609683362942123e-11,0.5831792975970426,0.5831792975970426,0.5831792975970426,0.5831792975970426,0.5831792975970426,0.9999998369671106,0.9999994413983674,0.999998086144904,0.9999934442890428,0.9999775646022354,0.9999235084147979,0.9997431733124128,0.9991875077360814,0.9978862471735865,0.9963622388852453,0.9958638331631556,0.9959835092840187,0.9956555865144906,0.9932444613739781,0.9840448955005511,0.953349880272707,0.8622970421756765,0.6606715837666636,0.4118497740532804,0.2524264159807077,0.17612121766658762,0.1496362276296301,0.18739661759889137,0.28143542738525945,0.3697498696231805,0.42662923587346624,0.45330736480872597,0.4374941963996884,0.3682312772983575,0.2815518850609667,0.24904729875394854,0.33275516247135356,0.5382930475505334,0.7478790556107437,0.8544922326895863,0.8393081885822811,0.6826396206955236,0.5037513627967456,0.45703903913714594,0.4819179696580679,0.49520322576223635,0.43530084658069956,0.311407448740502,0.22576480704214694,0.22817129728466312,0.2893924736904218,0.3355898677906012,0.29626536587717883,0.22081737412558114,0.20006223028069903,0.274507217983336,0.4631735869769237,0.7083255070822189,0.8767818664284088,0.9400059617244854,0.94559577536008,0.9371884525932113,0.949056860617723,0.9712756176660372,0.9851431950858974,0.985679936486431,0.9362591673824748,0.6510366963999189,0.1986467889060086,0.05510712409481851,0.04781487373113041,0.06922525885411727,0.10516404341264937,0.15706547413051022,0.22586848241111473,0.29707077854655156,0.29836299978411746,0.16592886270646587,0.05347689286235681,0.014057225361672,0.0035965378408306273,0.0009715570772367392,0.0003008765522615938,9.697663512152608e-05,4.9055675851681874e-05,0.00014925500844869755,0.0005334060397352078,0.001929049548472989,0.0069622257311869945,0.024736675303023765,0.08063627028388216,0.15380329261945183,0.07765679500476637,0.020097526260966177,0.004670671166705377,0.001068236000620933,0.00024364600573110505,5.5583674864028945e-05,1.2711745875822391e-05,2.929556078705925e-06,6.903426325937742e-07,1.7272267200334118e-07,4.948709469377589e-08,1.7520122330095433e-08,7.318251502019124e-09,3.005657630436311e-09,1.0486851109763926e-09
22.19327731092437,1.248453155560544e-57,7.219018326771913e-54,4.174303646889365e-50,2.413736902677396e-46,1.3957120344343814e-42,8.070523680125678e-39,4.6666755651987655e-35,2.6984445736128353e-31,1.5603405497476294e-27,9.022466701903151e-24,5.2171242621863615e-20,3.0167343893344423e-16,1.744387507568906e-12,0.5831792975970426,0.5831792975970426,0.5831792975970426,0.5831792975970426,0.5831792975970426,0.5831792975970426,0.9999994414117376,0.9999980863431459,0.9999934471761512,0.9999776061170884,0.9999240947428787,0.9997510290833835,0.9992749933131018,0.9984602293515152,0.9978776977397266,0.9975786595407402,0.9966396885133842,0.9930037965533398,0.9806829943396672,0.9422369866353933,0.8388455970868094,0.6436777305724651,0.44434386707016427,0.3399507328108425,0.3014322701134345,0.2758504461622992,0.24296108677483477,0.2230471574441627,0.2487494259231571,0.3014055972572957,0.3504926225517091,0.3807085834610467,0.37349319592155267,0.32289357313373507,0.2612704268477346,0.23463922780469593,0.28411106452818863,0.43335871428236766,0.6206721116198377,0.7377550475545115,0.7459309581733621,0.6566413167910928,0.5574664418394283,0.5278924166378229,0.5378953477277563,0.5249597191187356,0.4373917514713975,0.30454531159394616,0.21613061015792637,0.19841375910848788,0.22842179109288344,0.25985236519550264,0.23627442615657313,0.18187008715978417,0.17829837819367103,0.2912610470097031,0.5411554267489631,0.7858964059521302,0.9009734357011405,0.9207705833831036,0.8893882188827973,0.8343384162579731,0.8249708460146975,0.8944521249572857,0.9530746926927284,0.973402569619603,0.947938045271918,0.7677974513040577,0.3404078214805522,0.12030309784289688,0.10980675085203279,0.1538756189744252,0.2211536414029346,0.3069408004563155,0.40050996402015426,0.45606048313155995,0.36456734596280754,0.16236221938676965,0.04770629650741329,0.012145089380588342,0.002990270721709548,0.0007352641076594744,0.00018157013341072071,3.492687915735516e-05,4.338520040615196e-06,1.1281642497526306e-05,4.072333158726847e-05,0.00014766629172211656,0.0005356088369328785,0.001939271836751778,0.0069019217431813915,0.02009428441210389,0.01836054685372496,0.005226226101484475,0.0012152854277320754,0.0002789159251051363,6.461268219703233e-05,1.5436085231957816e-05,4.000116438525423e-06,1.2361227583206508e-06,4.970053533346833e-07,2.5131779877144067e-07,1.3862343141410484e-07,7.132960119480237e-08,3.021895472149742e-08,1.0176070464948029e-08,2.9027845163909775e-09
22.34453781512605,9.632094558014555e-59,5.569633656641834e-55,3.220568369876139e-51,1.8622518579256817e-47,1.076822965407557e-43,6.226589029267503e-40,3.6004442870276584e-36,2.08191017635672e-32,1.2038375369617317e-28,6.961034303588911e-25,4.025127734986559e-21,2.3274778701498357e-17,1.3458338739267973e-13,0.5831792975970426,0.5831792975970426,0.5831792975970426,0.5831792975970426,0.5831792975970426,0.5831792975970426,0.9999994414046725,0.9999980864525331,0.9999934505276784,0.9999776687571962,0.999925081546514,0.9997640991703074,0.9993909344964348,0.9988919463120847,0.9982878276486834,0.9966887136765555,0.9914329577661285,0.9746397147633508,0.9245407180388422,0.7998659325915476,0.5953840229567096,0.42167445964433886,0.34969420898885983,0.3398408794827231,0.3481192882875664,0.3488937075018359,0.3221051212161933,0.26639619475652293,0.22788291464420138,0.24350872059455098,0.2967736860721736,0.3526989376652564,0.3746897171610519,0.35010919986045674,0.303402111303484,0.269489085942548,0.2807887271121457,0.36404320829079706,0.4964329372020559,0.5986916429017509,0.6260562334229006,0.5957547351250009,0.5620352649528474,0.556425512879808,0.5649619086070793,0.5494765998004799,0.47383473557353495,0.3632838181966858,0.2817436623627666,0.24646043894440645,0.2426160931083121,0.24631617891339377,0.22989468505705016,0.20218080017959364,0.22668332028758267,0.38371160812869637,0.6394469584641005,0.8195985710944961,0.8816415686276288,0.8671739151105522,0.7978183649385011,0.6973878255999818,0.6707531121740774,0.7964049395795009,0.9122127371635379,0.9561207704344741,0.9435354210829785,0.8096725615342495,0.434323776858243,0.1785523078572639,0.16683794400567956,0.22760989080668656,0.31336999205091237,0.4124435755233781,0.5044968378264366,0.5254523835275438,0.37053165693591944,0.14921901544078806,0.042253779965305736,0.010658707630228834,0.0026191839904333284,0.0006447904959884396,0.00015994295924821766,2.988922653435542e-05,1.3397877530147358e-06,8.774028817560792e-07,3.111084734442121e-06,1.1286860566009105e-05,4.0962014665654974e-05,0.00014864181007925606,0.0005373596118096157,0.001827003503442601,0.0032951198317950165,0.0013511649073931612,0.00034394987111522176,9.24834112892977e-05,3.0435055624598097e-05,1.3236951447541924e-05,7.2315570046722645e-06,4.417513230300736e-06,2.743731920138399e-06,1.5982077280164857e-06,7.94867492126767e-07,3.1284080209362693e-07,9.876397298594222e-08,2.7171015544826938e-08,7.006316531551259e-09
22.495798319327733,7.431375791397657e-60,4.297096594476688e-56,2.4847403308063024e-52,1.4367688451479564e-48,8.307929359033283e-45,4.803952317577074e-41,2.777823073867703e-37,1.606240137214175e-33,9.287875108855543e-30,5.370593228708658e-26,3.1054758275415246e-22,1.7957010931031897e-18,1.0383408588430545e-14,0.5831792975970426,0.5831792975970426,0.5831792975970426,0.5831792975970426,0.5831792975970426,0.5831792975970426,0.5831792975970426,0.9999980787706043,0.9999933879472758,0.9999771825066679,0.9999216804379086,0.9997445245516909,0.9992828727537527,0.9982379353225028,0.9955219602472389,0.9876276083091099,0.9643867868313005,0.9001994289461123,0.7566179643224595,0.5530532371357718,0.4032309941286784,0.348982214822282,0.34849529512246935,0.36702163866302395,0.38698445518307695,0.3930387271375996,0.3640429135558428,0.2939569686208631,0.2291998683729218,0.22387738293931864,0.28330126239191467,0.3656124714671338,0.41229357537487626,0.4028008043180896,0.3596369271542164,0.31526681396670886,0.2995305285584116,0.33851867700094446,0.42631477706845716,0.5101916508232064,0.5492783767846489,0.5477028579331215,0.5372811598282743,0.5403222293477885,0.553793780830541,0.5559924223509229,0.5208476877304583,0.4537310275698558,0.3904823675200241,0.3481131377566285,0.3223810567058462,0.30548137314035523,0.2937205842540644,0.2908155054226629,0.323726859997556,0.45308964370313803,0.6465427039264038,0.7784326421079703,0.8151106302072796,0.7722051015026893,0.6654190950251642,0.5396011214804323,0.5262358717600722,0.6983334641087626,0.8630549219574096,0.930816515848755,0.9239993696294313,0.7998675280648769,0.46105662380411394,0.20960520475969813,0.20245172466483163,0.27396233931722735,0.36888296915731356,0.47158968521822003,0.556224712295209,0.5485415925993519,0.35690374315922163,0.13498878622557017,0.037360082655203845,0.009389412208445387,0.0023254399224195903,0.0005895091976959617,0.00015828338770641084,3.4087061009441715e-05,1.5993239858772156e-06,1.040982792368395e-07,2.3883923650387414e-07,8.640032215471898e-07,3.1455502282803792e-06,1.1523640211316694e-05,4.293866516612546e-05,0.00016507374208701704,0.0005554218353284836,0.000640650749348091,0.00034753798552002093,0.00020072810181867644,0.00012694933285233254,8.298959741973127e-05,5.4025428316284e-05,3.370829821030174e-05,1.8914842679361493e-05,8.74159852021103e-06,3.169579842167024e-06,9.449009358001268e-07,2.5262049908202165e-07,6.43691155838824e-08,1.6093647633096607e-08
22.647058823529413,5.73347217682178e-61,3.31530586759824e-57,1.9170325863209338e-53,1.1084992105657556e-49,6.409752805420429e-46,3.706356363183165e-42,2.1431524596930187e-38,1.2392500924035322e-34,7.16580280914819e-31,4.143532465817323e-27,2.3959438696066473e-23,1.3854234510814917e-19,8.011031451130795e-16,0.5831792975970426,0.5831792975970426,0.5831792975970426,0.5831792975970426,0.5831792975970426,0.5831792975970426,0.5831792975970426,0.5831792975970426,0.9999915394335671,0.9999617271224733,0.9998041447191768,0.9990720243910098,0.9968356839976678,0.9916953318051633,0.979786915386026,0.9510846968141539,0.8846049374178017,0.7551082290875506,0.5798723149997792,0.43882423842719687,0.37443101219748826,0.3642588391715112,0.37937170941829124,0.40320258892660765,0.4243460763689753,0.4269982694053673,0.38902724174835523,0.31019107127846335,0.23943184186323932,0.2275135815319903,0.2876097466888203,0.38115508288508443,0.4412057738505236,0.4411227503238674,0.3999759481336776,0.3487668839600701,0.3175004404716649,0.3327556227417363,0.3954442915540235,0.46680624308733265,0.5090594785845423,0.51616230851561,0.5097499826231378,0.5126811550726289,0.5301207548142665,0.550867124435378,0.5544319155966028,0.5299616709478099,0.4899696616709967,0.44934104660360014,0.4125803257623453,0.3840474560366946,0.3736851556252081,0.3801220816257266,0.3927822008430527,0.4454283358052091,0.5669783563249516,0.6761171642556161,0.7010926288414613,0.6336413012665595,0.5035181374430003,0.3831720229713441,0.39546566457483506,0.5926839447125811,0.7978595073173756,0.8923892088951921,0.8885129542580137,0.757438141386216,0.4451781910318712,0.2213444175722433,0.22575692639981848,0.30764494705806955,0.40954963087789936,0.513564033202399,0.5897706637854996,0.5563456417393818,0.33843843183689587,0.12172919762826304,0.0331415895235416,0.008369175848337573,0.002139344850773518,0.0005937803134603085,0.00019386238111936255,5.405424820739282e-05,3.1170387774156208e-06,9.418160225383363e-08,2.1048556559192083e-08,6.964837625705433e-08,2.78568874777515e-07,1.2916365270730548e-06,7.706753063729917e-06,6.01293526147822e-05,0.0005167535724853188,0.002213519798284843,0.0022782542155404847,0.0015774385835966398,0.001050244501142928,0.0006806862455380444,0.0004138889495199616,0.00021955096603369084,9.343475824485545e-05,3.1379514532596826e-05,8.928298178555242e-06,2.3361697061319984e-06,5.901445384902598e-07,1.4706583132651897e-07,3.646383968223505e-08
22.798319327731093,4.423501667144833e-62,2.5578324233832457e-58,1.4790333989744157e-54,8.552318655812814e-51,4.945267256459515e-47,2.859536603213711e-43,1.653489925166835e-39,9.561090877977191e-36,5.528576705473001e-32,3.1968277290717117e-28,1.848524154750533e-24,1.0688851257650675e-20,6.180690041813154e-17,0.5831792975970426,0.5831792975970426,0.5831792975970426,0.5831792975970426,0.5831792975970426,0.5831792975970426,0.5831792975970426,0.5831792975970426,0.5831792975970426,0.9996344465152094,0.9982525473314386,0.9950179538377867,0.9894682519322682,0.9795378051704072,0.9607310962830028,0.9248093922621712,0.8590691320605005,0.7529982540620465,0.6190500836822203,0.5009074452489263,0.4333990259011544,0.41407271039751276,0.4237445420762774,0.445394805719381,0.46408566285252334,0.45976819777053085,0.4102124865371554,0.32405602263298444,0.2518435867380882,0.23683384739759897,0.2928216537070896,0.3869993327927694,0.45372139254706273,0.4614136760208141,0.4236798772316699,0.36982225331810037,0.3305407897522366,0.33255619724423857,0.3796893179169726,0.44157328171237215,0.48315376087434975,0.492267947723322,0.4846662694975431,0.48496438453713586,0.5055013177652854,0.5425325474253185,0.5770197109626618,0.5857004144842575,0.5655136147409274,0.5290907613808827,0.48698849178705533,0.4519838394725009,0.4399138365330192,0.44325130915316857,0.4303184300062015,0.4128067849586044,0.45720254496552354,0.534823759218783,0.5479526097409082,0.4686463473738187,0.34509381336873357,0.2562102888302382,0.2885279565098791,0.48348225771902215,0.7134198524498657,0.835645245005115,0.8324242725668083,0.6845166280882996,0.397137140909821,0.21755148252897694,0.2417556777319579,0.33728395632741337,0.44717502882962945,0.5520049489437552,0.6186273384265649,0.5593523206843721,0.31976058979723954,0.11023366064236649,0.029819934505606646,0.007761888983184096,0.0021853646354752032,0.0007468128556033349,0.0003267873007248802,0.00011401740145576291,7.298454058092983e-06,2.2197526686114254e-07,8.734124106395776e-09,1.463027328857051e-08,1.1951837978631757e-07,1.1562157090560024e-06,1.1973217831038592e-05,0.00012694936699499262,0.0013214981923567021,0.009779599194017111,0.017658849292948173,0.013130336527411761,0.008476501173815335,0.004985641672900276,0.002476850417087385,0.000969486239669094,0.00030455126626676083,8.355415857674824e-05,2.1519147828356122e-05,5.402368444201787e-06,1.3431535502070519e-06,3.327380155648014e-07,8.231972057078746e-08
22.949579831932773,3.412830200979991e-63,1.9734247665940346e-59,1.1411072573126997e-55,6.598304609632143e-52,3.815384005371042e-48,2.2061962907519754e-44,1.2757043862013855e-40,7.37659526420227e-37,4.2654207910286965e-33,2.466424665557248e-29,1.4261787002853517e-25,8.246702738313639e-22,4.76856340401403e-18,2.7573840050543643e-14,0.5831792975970426,0.5831792975970426,0.5831792975970426,0.5831792975970426,0.5831792975970426,0.5831792975970426,0.5831792975970426,0.5831792975970426,0.998181320595583,0.9963433057387847,0.9933814694623131,0.9883001298137625,0.9794153171325103,0.9638529604903135,0.9368482997018496,0.8913141674912298,0.8195451207542712,0.7206833065723853,0.6121723710095396,0.5261432817104066,0.4829447183542897,0.47787557696256644,0.4932239114741368,0.5076114557405701,0.49471131005616553,0.43303571133068586,0.3401934888662036,0.26646586100213293,0.24805337911343422,0.2974368908464509,0.38716434750538636,0.4569271747917638,0.47202642873907447,0.4398220391150262,0.3870907232958821,0.3443475074410122,0.337168025893625,0.3710247633393865,0.4230865879319557,0.4619640078162283,0.4714316613282817,0.4619116360712835,0.45896999690654966,0.4821678352884505,0.5345495490216433,0.5947807005018283,0.6272839980235968,0.62021165469945,0.5869699343020502,0.542966194766528,0.5059706201215096,0.49268467209957195,0.49011913305928206,0.457867901141754,0.3919050676434114,0.36164738030653476,0.38751689982056575,0.38477061735501794,0.3142019085530643,0.223616565737881,0.17281112445904342,0.2131760519420508,0.3832487814635545,0.6135802346933146,0.7574051457381772,0.7516970122144132,0.5833381760474711,0.3257004446692357,0.1989332320532715,0.2495603177805293,0.364154057300903,0.48528536818682017,0.5915640518285269,0.6476441258116822,0.5621002851184218,0.303754118083541,0.1016069618308841,0.028064468189652858,0.008052995565412845,0.0028047998147480067,0.0012801767002616983,0.0007058828177042972,0.000273244939566701,1.8209720822344787e-05,5.642195324484952e-07,1.8951891872419532e-08,2.507264858952649e-08,2.619532507938113e-07,2.8101519318690037e-06,3.0217178260794972e-05,0.00032493174340533825,0.003457782051342744,0.03187244653111804,0.10718117109764642,0.0940860152719975,0.05604691679774609,0.026545956240818704,0.009717979224999933,0.0029027251826625362,0.0007758849988942051,0.00019762575276873734,4.940000817508598e-05,1.2262043525948366e-05,3.0358341016038614e-06,7.509018128670456e-07,1.8566857836373717e-07
23.100840336134453,2.6330746527913224e-64,1.5225412666992202e-60,8.803897602262885e-57,5.090739999028871e-53,2.9436549956123106e-49,1.7021312170084786e-45,9.84236561341327e-42,5.691237865077936e-38,3.29090895651205e-34,1.9029594513217916e-30,1.1004090744754419e-26,6.363639204238983e-23,3.6806416550492727e-19,2.129675826212107e-15,0.5831792975970426,0.5831792975970426,0.5831792975970426,0.5831792975970426,0.5831792975970426,0.5831792975970426,0.5831792975970426,0.5831792975970426,0.9980001449512377,0.9964771975383723,0.9938556500605809,0.9893400816365422,0.9816023638142994,0.9684856231888506,0.9466761278055115,0.9116071923394045,0.8583286827627441,0.7846082423367937,0.6966128578345355,0.6125558573959702,0.5551646227099741,0.5350473989330219,0.5426955651858131,0.5530086076780125,0.5324154599257637,0.4601269259318493,0.3612608269343661,0.2850271308187303,0.26232578428762554,0.3036615862771972,0.38609106406583843,0.456879406088672,0.48029227092730853,0.45684497214788666,0.4090903285119791,0.3657467756092428,0.3502227391577427,0.36958071721721003,0.4091099971002875,0.44280739861531165,0.4519547715919572,0.44105534923185524,0.4349074113321152,0.460410768831749,0.5279343565480271,0.6102961916349967,0.6581211701798356,0.6569871386602653,0.6250484692509237,0.5818592125166713,0.5468489528769789,0.5340587545717215,0.5262903558501439,0.4813243181421595,0.38660767928435497,0.2994242491212087,0.2691176486044349,0.250339568256304,0.20263807629640065,0.151521987245383,0.13082773832098965,0.17066660947744133,0.30579390976758863,0.5114338479129518,0.661312725777308,0.6488943939485786,0.4659502878799165,0.24702105124420476,0.17053647943193162,0.2475309013054544,0.38594112546433945,0.5235243683746337,0.6335685215984577,0.6794890817548702,0.568847225951937,0.29440253865230603,0.09840201649108293,0.029665288586874342,0.010477452322876502,0.004814416953470052,0.0027148341295479064,0.0016459259116771748,0.0006620788344782779,4.616095220432828e-05,1.4468594632184308e-06,4.8465191419298424e-08,6.356949769813355e-08,6.707217236749641e-07,7.220045707472814e-06,7.772483910694028e-05,0.0008360405876839086,0.008905802672192431,0.08494389329583571,0.3672604765997899,0.39358412811021776,0.22482431161331307,0.08838529699179322,0.02674455281932347,0.00712653730368511,0.0018086409612051782,0.0004512144398691731,0.00011190236402733073,2.7694865212953765e-05,6.84925968077016e-06,1.6934629526528744e-06,4.1866579172846814e-07
23.252100840336134,2.031478188507648e-65,1.1746778178878572e-61,6.792448622237208e-58,3.927682067609134e-54,2.271182112161431e-50,1.3133520532202342e-46,7.595262949922883e-43,4.393211726214334e-39,2.5421856955393045e-35,1.472573075312975e-31,8.550834173447397e-28,4.994256281396709e-24,2.9574476386582234e-20,1.8081301733618063e-16,0.5831792975970426,0.5831792975970426,0.5831792975970426,0.5831792975970426,0.5831792975970426,0.5831792975970426,0.5831792975970426,0.5831792975970426,0.9982058621520953,0.9967984609746512,0.9943815632623454,0.9902453742940063,0.9832209802147116,0.9714588094655936,0.9522272133118611,0.9219660319899288,0.8770822426410423,0.8160456613833025,0.7425731416979215,0.6678910050633289,0.6088950849988132,0.5803082983887153,0.5825609220207456,0.5925914823891301,0.5699566693280916,0.49219007501069606,0.3892715743756402,0.31020403982160427,0.28278340685742553,0.31484102201137043,0.3873390291056055,0.45744532705024077,0.4906870384833593,0.4798045897814329,0.44062884735873614,0.3984497110091614,0.37436156839219087,0.37718145511703716,0.4005618757720454,0.42587469846760184,0.4337729014766166,0.4221864829315523,0.4129505773749318,0.43998625726439455,0.5221301743797974,0.6233142222173392,0.6790209127118577,0.6780540785157023,0.646247306055237,0.6060759072585646,0.5757682030832765,0.564775256913605,0.5530902914353502,0.5002918151524982,0.3910501493544859,0.26994363642643476,0.19724798672923766,0.16667802779070864,0.14259665060030716,0.12315221321180858,0.12208579797905553,0.15866645521447423,0.26130159024819966,0.4277887243705282,0.5633874038565556,0.5392809757472481,0.3541192308955072,0.17885196088969416,0.14183321306243074,0.23780774722284537,0.39967133571818314,0.5586818674367295,0.6766949735630301,0.7156006723787641,0.5848482101664454,0.2985241342925362,0.10627154176827207,0.038650740275594966,0.01765691620560584,0.009825573986588301,0.00599698689561682,0.0036753198327322545,0.0015277195517236126,0.0001167435291815955,3.7169577605758632e-06,1.2467641363391473e-07,1.6353999601027182e-07,1.726025758504408e-06,1.8581685343393978e-05,0.0002000206241873823,0.00214919940162932,0.022645572104474487,0.1972942743796184,0.6663309764604392,0.7317188836757033,0.48371436577196897,0.2044311044067667,0.061998339354788524,0.016314395171428856,0.004105702160965287,0.0010201820326309252,0.0002525816293536671,6.246992457191324e-05,1.5445551426236384e-05,3.818503317802095e-06,9.439937845734112e-07
23.403361344537814,1.5675112106672e-66,9.065398305687127e-63,5.243980174196344e-59,3.0350737835627255e-55,1.7588801789570238e-51,1.0224290771726221e-47,5.986491937432332e-44,3.5645925734536193e-40,2.2036785358760734e-36,1.4714619875705706e-32,1.123879992332811e-28,1.028106148421188e-24,1.1191985863854582e-20,1.3770953369578798e-16,0.5831792975970426,0.5831792975970426,0.5831792975970426,0.5831792975970426,0.5831792975970426,0.5831792975970426,0.5831792975970426,0.5831792975970426,0.9985130398749453,0.9971845361060991,0.994903077394376,0.9910163124824033,0.9844470885025929,0.9734990570054367,0.9556924707097322,0.9278498247754777,0.8868532897886046,0.8314643748584732,0.764783534682209,0.6956028693451894,0.6371265499637003,0.6032813217803654,0.6009582076388896,0.6145246708069895,0.5998025661630375,0.5268303253578492,0.4252167740146796,0.3453328874895766,0.31408637980977583,0.3357725300584309,0.3950032713986003,0.46149731303679614,0.5047164044403758,0.5088294804107115,0.48052993586396964,0.4407249087717197,0.4086550165556113,0.3944896464358962,0.3992908561799427,0.41328399252157444,0.41867236728294477,0.40665923813630594,0.3938935368045972,0.420397239804383,0.515009802103862,0.631675518540697,0.6903545977692715,0.6868090101389135,0.6552525962691157,0.6194488284783656,0.5947058799709014,0.5857231555535528,0.5712210750624908,0.5142873046993144,0.40041335693382635,0.26519262012225914,0.16937602986156106,0.1323661512032431,0.12620625372195976,0.12872293980672458,0.14019217114027283,0.17460390568040746,0.25440391783361316,0.3831041170292394,0.4906785483259573,0.44989206578515306,0.2695988372505558,0.13128572575923672,0.12036177252469889,0.22632972410919194,0.4051608314305136,0.5862415633523064,0.7165651699293168,0.7547346099806218,0.6148513000578358,0.3262469348636631,0.13510882727135737,0.06195577133975964,0.03381620421255836,0.02022481784225896,0.012402745833005642,0.007455595066161817,0.0032559004499702945,0.0002916801740842197,9.547359334492332e-06,3.2083056784575783e-07,4.2090890197396106e-07,4.4423881353978555e-06,4.7823823704976534e-05,0.0005146492120221101,0.0055131200381621105,0.05630767073011981,0.38942110600864194,0.8492879758740425,0.888944819781524,0.7041009430035533,0.3776979572837093,0.13167973580927333,0.03627082967831333,0.009231345357680668,0.0022992674102560733,0.0005695003506112593,0.00014085738768534705,3.482617490066429e-05,8.609743040955657e-06,2.1284499733525425e-06
23.554621848739494,1.2231467918219751e-67,7.184763398478655e-64,4.309555308493979e-60,2.7064720009602233e-56,1.8617862966913513e-52,1.487190556607715e-48,1.4280801888732367e-44,1.6118106305278545e-40,2.0195694109519106e-36,2.672606901334551e-32,3.6277727189121095e-28,4.979903729001229e-24,6.870443296981732e-20,0.5831792975970426,0.5831792975970426,0.5831792975970426,0.5831792975970426,0.5831792975970426,0.5831792975970426,0.5831792975970426,0.5831792975970426,0.9995894202509015,0.9989865543137921,0.9977882191539981,0.9956231487689091,0.9918918899815014,0.9855940995864546,0.9751324227157141,0.9581552401769207,0.9316344232624932,0.8925705141950099,0.8396831553726699,0.7756403977278534,0.7080879745996581,0.6482084861185758,0.6082327286697734,0.598031532533181,0.6124627502092261,0.6126552108812131,0.5576274868240519,0.467185425258381,0.39208203820663234,0.35979461146570085,0.37076591835106837,0.41323145575861064,0.4711010458167807,0.5208541135478946,0.5388950859479351,0.5217154670927878,0.48558069886018274,0.4481101865270289,0.4197210283589892,0.4068290629778674,0.40863716808606426,0.4107158291782766,0.39797417992430745,0.38004557811347456,0.4015888428729588,0.5031319256307876,0.6320287268637962,0.6931261961466498,0.6878530185498111,0.6576072342874073,0.6263753385195243,0.606171726555379,0.5981449552127508,0.58160052961817,0.5239993172282523,0.4132052115172136,0.2784360463755908,0.17529369210046453,0.13675993444526002,0.1441276804127284,0.16270030439859834,0.18297486775963626,0.2170627019476462,0.28442648175995405,0.3871212528947894,0.4669797833042167,0.40686396768353805,0.2247433083217046,0.10556605254524619,0.10827439329734963,0.2181776313753579,0.40591862572923565,0.6041316396821429,0.7481499862407301,0.7924331939554233,0.6592600136882297,0.38630094747511096,0.19539210149468247,0.10713604832233424,0.06345695839329694,0.03845482202894887,0.023193009481622038,0.013645185624233029,0.0063379510376921555,0.0007131407942150778,2.4494207595730743e-05,8.25588237024464e-07,1.083318604627996e-06,1.1433671597871156e-05,0.00012307904331362916,0.001323526008034719,0.014067674214429542,0.13314397796682134,0.6219072456817487,0.9363448085149926,0.9518703077968012,0.8472838192111926,0.5808065102392401,0.25566897469002325,0.0783413780408612,0.020588106093085957,0.00517044052234205,0.0012832512469227288,0.00031754718248063856,7.852065730723794e-05,1.9412416642217156e-05,4.7990501381023806e-06
23.705882352941174,1.995364271013863e-68,2.009338214238432e-64,2.3455362493980953e-60,2.9938965639781822e-56,3.996864838213623e-52,5.4457610031255864e-48,7.485781871467068e-44,1.0328727424126257e-39,1.4273979849383316e-35,1.973951948064214e-31,2.7306099747910354e-27,3.7779404725079533e-23,5.227750664142725e-19,0.5831792975970426,0.5831792975970426,0.5831792975970426,0.5831792975970426,0.5831792975970426,0.5831792975970426,0.5831792975970426,0.5831792975970426,0.9998334094319552,0.9995004677025283,0.9986565921279414,0.9968205018728474,0.9933216179664657,0.9871982621420915,0.9769579565834774,0.9603605489512118,0.9344617886786799,0.8962744584211297,0.8443830855085277,0.7810801762972746,0.7132662139128736,0.650773886150907,0.6039635075568268,0.5828224970744067,0.5909262814735523,0.6039058120018589,0.5761911308936192,0.5087134726240786,0.4463523733420835,0.4170002202374001,0.41869661577829265,0.4431556935306418,0.4868500860599795,0.5359176003376978,0.5628792826462643,0.555084669178039,0.5240456982030125,0.4853631075095951,0.4485088008002106,0.4229740463764084,0.415444683131365,0.41528494032449015,0.4015121562934683,0.3755452808062932,0.38516697211514794,0.4835852106453668,0.6211362819241443,0.6890294892334107,0.6858356912581335,0.6581758987863369,0.6305694775539142,0.6123674221263365,0.6030708248980712,0.5850648233022107,0.5309848262336668,0.430449384301661,0.30635284076767827,0.20679114078893088,0.17208604334928088,0.19286710156050962,0.2254729485773949,0.2518358926388296,0.2851757078830434,0.34598659030826057,0.4342942642631134,0.4962038413962986,0.42067768227606234,0.22212817170688587,0.09895076659306341,0.10429632641712241,0.21489593874795634,0.4060134385589066,0.6145673533639608,0.7701684224208832,0.8243735633085937,0.7122634828304235,0.4756299952439351,0.28815242487710807,0.17700893559778744,0.10917721425770613,0.06634624901660513,0.03953061433797479,0.02296544749605644,0.011336317343285445,0.0016858309055425933,6.269725768339303e-05,2.1242454874929565e-06,2.7881824948652027e-06,2.942727543561761e-05,0.00031671781818486296,0.0033993931872999903,0.035423034214962595,0.2833245140129723,0.808944078022797,0.9739515210679038,0.9787920266327093,0.9265986198222281,0.7581102869728934,0.43674238186958775,0.16088734077267572,0.04525828751842756,0.01158341021697915,0.002888780472569319,0.0007156999573316994,0.00017702505433529384,4.376851775112112e-05,1.0820446935323445e-05
23.857142857142854,8.18207296975334e-68,1.1262085586320416e-63,1.554779009533634e-59,2.1491286155354704e-55,2.972241751581192e-51,4.111511467720384e-47,5.687996604819053e-43,7.869276609727092e-39,1.0887268842844392e-34,1.506291048470463e-30,2.0840356777717592e-26,2.8834408345569703e-22,3.9896417414973744e-18,0.5831792975970426,0.5831792975970426,0.5831792975970426,0.5831792975970426,0.5831792975970426,0.5831792975970426,0.5831792975970426,0.5831792975970426,0.9999446822242909,0.9998152167536534,0.9994152157938245,0.9983033683140425,0.9956283104544577,0.990121583953464,0.9801520991439941,0.963577482099464,0.9376171711225457,0.8993689618932519,0.8473594766901488,0.7836376374956578,0.7145824200233556,0.648974331934088,0.5953255674804054,0.5621492311233566,0.5580348408325624,0.5758336340415641,0.5767929933890791,0.5408643733562275,0.49801255957471446,0.4751668920066673,0.47121859409237105,0.4807827999192036,0.5076279722182395,0.5477346686932757,0.5761145721255285,0.5744397325561067,0.5493249175499055,0.5135210714308998,0.4749046437878434,0.444560728169185,0.43425987207458566,0.43566630321808725,0.4212985404599538,0.38396202153280273,0.374403894984748,0.4574719225049748,0.5980914501913289,0.6799056583156656,0.6844110590203341,0.660365094033976,0.6344629809707211,0.6146319754491678,0.6009452963210038,0.5821460499409634,0.5369759862946026,0.45374127280777216,0.3472386872160738,0.25901204362142527,0.23523519583354874,0.2733165889935589,0.3196365231019338,0.3479258862152687,0.37577397155414305,0.42888564481535085,0.5074684287886688,0.5611219844480851,0.48251810388958727,0.2596341330821133,0.10917404480478907,0.1065706736867272,0.21572190017983223,0.4075774481954329,0.6216063734465508,0.7857942418233936,0.8502151971554022,0.766177147976775,0.5775542606767601,0.4009414716227875,0.26752297809780684,0.17131366450039415,0.10544605114315764,0.06286998608204604,0.03646216325707604,0.018947506752371952,0.0037965867354244416,0.00015984920672914205,5.464555722268106e-06,7.1759621947148605e-06,7.573590831997062e-05,0.0008147578652053144,0.008702753555815183,0.08635710755387854,0.5043362979740287,0.9159117249584715,0.9894860639261258,0.990644023317913,0.9661434121956398,0.8761228735595811,0.6362068211434159,0.3018501047619315,0.09656491192944304,0.025743558303359504,0.006489899471523825,0.0016122574855017351,0.00039905335303382956,9.868030172163875e-05,2.4396734974560516e-05
24.008403361344538,6.191498095563216e-67,8.565604534607225e-63,1.1850415631228846e-58,1.639512755934879e-54,2.2682897746525666e-50,3.1382212656508776e-46,4.3417968316549e-42,6.006982891242888e-38,8.310834099806811e-34,1.149833226552003e-29,1.5908467059756403e-25,2.2010358847767237e-21,3.045333184712915e-17,0.5831792975970426,0.5831792975970426,0.5831792975970426,0.5831792975970426,0.5831792975970426,0.5831792975970426,0.5831792975970426,0.9999951352828106,0.9999829032962603,0.9999405323792565,0.9997972395054098,0.9993339123078213,0.9979489670347549,0.994285664669636,0.9860221905525433,0.9702198774181132,0.9438901728903041,0.904445845766774,0.8507952905000042,0.7851562950481412,0.7136801848622499,0.6442385985965721,0.5834825595744985,0.5378321096596376,0.5183329791280578,0.533268030105147,0.5585162560082657,0.557261982219761,0.5375144157745119,0.5236682038870532,0.518748820778088,0.5196193766359795,0.531451363774651,0.5567464285718301,0.5786001465850479,0.5786314405464864,0.558872142005733,0.5281936970119222,0.49287935816255063,0.4654108482139299,0.46045003752640457,0.4689609869593409,0.45495257584962373,0.403494617021374,0.37088537208762107,0.4303780671030661,0.5658303916010775,0.6669293422332699,0.6857239363662427,0.6661901614363289,0.6393596132250339,0.6136375024452312,0.5922417031074997,0.5736783320483967,0.5432302050903296,0.48322130938082686,0.39845923993887966,0.32736823365013096,0.3221353950808289,0.38112550892013436,0.4387650037307596,0.4631452895676188,0.47826844316054656,0.5177056158641528,0.5849667734846318,0.6355254307908441,0.5704125458487338,0.3333673461439575,0.13657068066033284,0.11410616733466952,0.21942831944998933,0.41110697007578023,0.6286090385442968,0.7997137255809448,0.8728650864186974,0.8162756137777154,0.6746873303729173,0.5172762499539518,0.3711585570908594,0.24903617532387376,0.15753811666035836,0.0952803948092171,0.05571285045252078,0.03015497638134405,0.008022662075796563,0.0004048106197650028,1.405222655897942e-05,1.846833298375036e-05,0.00019490434893166517,0.002094327043677782,0.02209639112425486,0.19567147517371553,0.7236638969499793,0.9655331935428276,0.9957755915408978,0.9958778624152367,0.9847085805858133,0.9410032423438267,0.7977100033945548,0.49363808014409244,0.1941990645503898,0.056228463126141534,0.014514724657902905,0.003627850061770664,0.0008993029384638359,0.00022246878963785117,5.500609161712013e-05
24.159663865546218,4.725938730134781e-66,6.538419864443959e-62,9.046024213008088e-58,1.2515346467705642e-53,1.731522886183783e-49,2.395597865400844e-45,3.3143630555807153e-41,4.5855028958111e-37,6.344172521948498e-33,8.777376399041514e-29,1.2143870714197848e-24,1.6801719249029395e-20,2.324646353747884e-16,0.5831792975970426,0.5831792975970426,0.5831792975970426,0.5831792975970426,0.5831792975970426,0.5831792975970426,0.5831792975970426,0.9999985234263425,0.9999947801995349,0.999981615495978,0.9999357044580294,0.9997781656679138,0.9992539637238854,0.9976054003178041,0.9928974938692321,0.9812796530797601,0.9574691687585531,0.917242266910945,0.8599769822517173,0.7894516312030293,0.7128019419918884,0.6374249563314274,0.5680326988177301,0.5088151594792635,0.47238062666857195,0.4795754412864101,0.5231616945478385,0.5561885285924457,0.5613035470948785,0.5584158429704359,0.5566323442737583,0.554961024492468,0.5565087543768462,0.5653599406786088,0.5741830282569997,0.5706378083512332,0.5537185962916259,0.527529134009977,0.497233036999888,0.47758971464661676,0.48480225942315486,0.5056461606511954,0.49284998318396467,0.4261386404884522,0.37142582376104893,0.40649694922791607,0.5290993559374406,0.6497661436380441,0.6900677290429797,0.6765590895444877,0.6459845708636951,0.6104148704953132,0.5791302113090238,0.562071064338257,0.5503411773726902,0.516830724537249,0.4554449777165105,0.40474466123341996,0.4212625260515489,0.4967895369756775,0.5576775392511399,0.5735049285828892,0.5722681780064071,0.5933247336562941,0.6462872260872924,0.6953249184108575,0.6570077802804444,0.43504647436632526,0.1844991111876471,0.1273013719058761,0.22520132964701228,0.4166061192738633,0.6379544986147938,0.8158988659422389,0.895097794342082,0.8604598950643721,0.7578484795399423,0.6252931815625904,0.4799045909268132,0.34034648126833333,0.22425514244027367,0.1393169953147433,0.08287538585415884,0.046379876917171735,0.015735180256246293,0.0010136915448597016,3.611262691247358e-05,4.752839524645137e-05,0.0005014862478081451,0.005372641077165682,0.05496015226986788,0.3850440354525662,0.8708018408179216,0.9863079559211081,0.9983029294702711,0.9981850385047871,0.9931624111525782,0.9729474977715207,0.8989024550680143,0.6873122616385413,0.352076297843075,0.11842452137636938,0.03214127879130537,0.008142717294175702,0.0020253898378270107,0.0005014645674412903,0.00012401470380526877
24.310924369747898,3.607601863857563e-65,4.991183621095331e-61,6.905395887054625e-57,9.553747310457327e-53,1.3217798347064464e-48,1.8287098383395177e-44,2.5300607439930016e-40,3.500401049343832e-36,4.842902692362883e-32,6.700316631745743e-28,9.270164083578227e-24,1.2825767368483157e-19,0.5831792975970426,0.5831792975970426,0.5831792975970426,0.5831792975970426,0.5831792975970426,0.5831792975970426,0.5831792975970426,0.5831792975970426,0.9999995463344239,0.9999983941740138,0.9999943252636161,0.9999800055559525,0.999929929930519,0.999756873712754,0.9991718766400047,0.9972739422828891,0.9915570143603625,0.9763700742666473,0.9429676142846564,0.885062687668462,0.8062910638818124,0.7182812185290667,0.6311962366796886,0.5487592582734704,0.47327885409566967,0.41915961576089444,0.4165183066465648,0.47289842064840365,0.5386796392954949,0.5707161989854266,0.5809500103370403,0.5852165079257866,0.5852701044062897,0.58153580262009,0.5761405270522687,0.5684859573614787,0.5556181869638253,0.5365411793582819,0.5108641023082944,0.4836046913416073,0.47306053611228416,0.4964569456724286,0.5337082913958742,0.5236686073812883,0.4431369147513691,0.3701982373464232,0.38440537590462304,0.49024335396369595,0.6262720699375866,0.6954948467144704,0.6912942225498343,0.6550759997414869,0.6075481363170476,0.5664451133860474,0.5515425182593997,0.5586474505353766,0.5514929626328093,0.512883714088131,0.4821771778993436,0.5157730420482344,0.5946487560236915,0.6476716313861209,0.6528210600852017,0.6367921780121119,0.6389784264848296,0.6761693826781612,0.7234220663745656,0.7166504095191348,0.5458174215031125,0.2578115418332132,0.14833604533783382,0.2328985120270952,0.4243269067543126,0.6517473539982046,0.8368582165276132,0.9174606641945391,0.8975227442682837,0.8245746145821687,0.7185919336261424,0.5859314266668526,0.44108487057966017,0.3058794518687917,0.19742924196339612,0.12056434155310912,0.06956778840384667,0.028581318334986304,0.0024918905305397914,9.270340596485743e-05,0.00012230215446140262,0.0012896913741816268,0.013712084718980576,0.13019445264541102,0.6170828516596722,0.9454952562238762,0.9946296620534473,0.9993169297226253,0.9992008312418797,0.9969565719771875,0.9878186725990062,0.952489091056705,0.8321037385639187,0.550601397848451,0.2324712554310902,0.06966027032420846,0.018173858363965772,0.004555108482018888,0.0011299505699973883,0.00027957476657227966
24.462184873949578,2.7539084874131234e-64,3.810083130854299e-60,5.2713212773550405e-56,7.29297382439332e-52,1.0089973492752411e-47,1.3959687690448199e-43,1.9313538241607357e-39,2.6720752850823693e-35,3.6968906550618806e-31,5.114770398572694e-27,7.076494024192609e-23,9.790703283488486e-19,0.5831792975970426,0.5831792975970426,0.5831792975970426,0.5831792975970426,0.5831792975970426,0.5831792975970426,0.5831792975970426,0.9999999600872563,0.9999998586355172,0.999999499628225,0.99999823072674,0.9999937546723743,0.9999780175433323,0.999923000047609,0.9997325432799591,0.999084698534382,0.9969501149214782,0.9903158546959951,0.9717630124528929,0.9283767888628734,0.8502284468960571,0.7455995113897226,0.6346436871221558,0.5283717230454993,0.4307571260715133,0.35869573382278164,0.34629829413799357,0.4102120290902578,0.5064433542886765,0.5686833367187706,0.5948379980140085,0.607085252122734,0.6110817056326745,0.605686967288109,0.590319099103605,0.5667287287350784,0.5393010941173679,0.510194993955209,0.47770348236360083,0.4486985755864332,0.445487262816914,0.4860689893973502,0.5430991541873961,0.5395997014164692,0.44918618743859806,0.36233829993048,0.3596414870365498,0.4481111565128174,0.5935678175392524,0.6980673523959492,0.709038462514101,0.6676608375144271,0.6090177029496321,0.559885309899789,0.5463027630789096,0.5686811274136536,0.5849055865088574,0.5666874714988104,0.5522760436497257,0.5934255882677876,0.6626756912030031,0.7003236406130092,0.6934674494507499,0.6641592603299227,0.6479226073174725,0.668107167288338,0.7115819654321996,0.7322576277559931,0.6351131326419301,0.357177339271365,0.1819295671532082,0.24330899990250984,0.43516686953683326,0.6723088039593453,0.8630853686577002,0.938516076949598,0.9269442478539441,0.8756983457083951,0.7946622312826418,0.6823102891575468,0.5446814451276304,0.4000555017956505,0.2709546690933351,0.17146749380932425,0.1021640801521556,0.0483982699486939,0.005947731039442695,0.0002375231231661193,0.00031464567690505404,0.003312625735017088,0.03454644727398915,0.27810871526596087,0.8057397692718561,0.9780924194176216,0.9979040561357921,0.9997242618651444,0.9996479462954825,0.9986481552297722,0.9945605762658435,0.9783560137869773,0.9178612644354466,0.7342173585391486,0.4057931199222213,0.14443970205119902,0.04006337003246767,0.010212122049949765,0.0025441136893526793,0.0006301414023218825
24.613445378151262,2.1022308760917084e-63,2.9084751488292205e-59,4.023929769339831e-55,5.567183808940943e-51,7.702308875116602e-47,1.0656304130090846e-42,1.4743233598999296e-38,2.039762437007965e-34,2.822068157923141e-30,3.90442444065024e-26,5.401930547540752e-22,7.473855280288461e-18,0.5831792975970426,0.5831792975970426,0.5831792975970426,0.5831792975970426,0.5831792975970426,0.5831792975970426,0.5831792975970426,0.9999999873883629,0.999999955351737,0.9999998420207961,0.9999994414976573,0.9999980281517536,0.9999930526100541,0.9999756018736332,0.9999147580232808,0.9997046325566361,0.9989902584038771,0.9966254329876232,0.9891575995331358,0.9675294241674125,0.9140089496429527,0.8114370435549588,0.6688852478658324,0.5184499760411173,0.3858033973410561,0.2945921410412388,0.27354435886257833,0.33929725650131787,0.4615181140807289,0.5579428233117605,0.6035708345422933,0.6250912255898001,0.6336464857450164,0.6283757906185019,0.6074205626603482,0.5718685145626614,0.5267506313405912,0.4775281884063669,0.42847071826598027,0.3921969737182974,0.39303357349798507,0.44871716246818616,0.5277665105604967,0.5369493420162941,0.442157214766153,0.3451746605195779,0.3286818948861172,0.4007652197844284,0.5502688950392097,0.6937283861547602,0.7276965981627241,0.6847174262781265,0.6182432317755467,0.563044032896852,0.5486955239268839,0.5811326884051802,0.6162413190093299,0.6148993512243891,0.6115412201655971,0.6513205356770472,0.7041190010522519,0.7239575853797542,0.7036962076998562,0.6601365152798326,0.6244199091575161,0.6252815443707064,0.6610505811745201,0.6997595052536861,0.6740028101756774,0.4692607185809111,0.23792618884983338,0.2597028270521306,0.451198292727017,0.7019918691820378,0.8925873204205139,0.9564424676800265,0.9491242755438667,0.9134595460725262,0.8537254638873265,0.7642795241613082,0.6434806320492807,0.5012986195181162,0.3588985328129924,0.23757789925031184,0.1468823767931643,0.07727106207642681,0.013574934949172052,0.0006065694927296833,0.0008091066967100742,0.008481594719981222,0.08433016352803581,0.4978789182904419,0.9143496381599436,0.9913723473399485,0.9991834916207178,0.9998883073679449,0.9998448158777613,0.999400079233171,0.9975802239459238,0.990283556144526,0.9618253748135048,0.8616606193453422,0.6062654938043245,0.275704618781611,0.08600814899886762,0.02273416178904763,0.005718007932618516,0.0014196691276411192
24.764705882352942,1.6047645291362917e-62,2.2202212923723064e-58,3.0717176854546806e-54,4.2497801756614042e-50,5.8796548990254274e-46,8.13462453497654e-42,1.1254433823170624e-37,1.5570784494483325e-33,2.1542614042575177e-29,2.9804917281889255e-25,4.123631857802041e-21,0.5831792975970426,0.5831792975970426,0.5831792975970426,0.5831792975970426,0.5831792975970426,0.5831792975970426,0.5831792975970426,0.5831792975970426,0.9999999959667549,0.9999999857275258,0.999999949520071,0.9999998215999722,0.9999993702749502,0.9999977811734703,0.9999922030981144,0.9999727117713754,0.9999050589457041,0.999672533526164,0.9988846938659698,0.9962714845590596,0.9878898973804645,0.9625690293888028,0.8947336651142046,0.7514819712873552,0.5450460384805068,0.35338910293098963,0.23578881871159652,0.20576429437332674,0.2672846406970486,0.4075816582815697,0.5411326034731736,0.6102288661498599,0.6417511580206735,0.6542652460942281,0.6493439739985779,0.6260587423595049,0.5839013374035039,0.521236018692344,0.44213587539202714,0.36688145681718837,0.31976336560763,0.3214631050363032,0.3867600056283655,0.4864892453492932,0.514750636580435,0.4217184375739571,0.3182061169882111,0.29076954787197523,0.3482680690600255,0.49812523521256163,0.6809698633909274,0.7455309983738159,0.7065010728757423,0.636363152348209,0.5765216833868732,0.5590990619133784,0.5965468096545922,0.6456866422274912,0.65725199187974,0.6598123964195357,0.6923216686092937,0.7267363984726061,0.7286946649537858,0.6934977494850709,0.6336011898641634,0.5771012573321589,0.556809443228548,0.5808355890658997,0.6281582602166547,0.6563353945834999,0.5686665402475161,0.3447115893131283,0.2988498556821865,0.47815658137257416,0.7421963656756021,0.9215487372564912,0.9703213784584576,0.9651645084909339,0.940550198742231,0.897762329151833,0.829975327839114,0.7309457143365826,0.601972072811968,0.45709306401782684,0.31906404397341853,0.20612854915389395,0.11757035728061875,0.02908557882032741,0.0015401129602709898,0.002078398330322789,0.02154149812865384,0.19161658991105104,0.7184717629149284,0.9648828437454181,0.9966299752251493,0.9996821036643582,0.9999545862098077,0.999931551058768,0.9997338734633522,0.9989253511654533,0.9956671910318583,0.9827015255751824,0.9335271688209658,0.7763752194918805,0.46186321189286517,0.17503508806204057,0.049837524935815294,0.012800661051529418,0.0031952628228197172
24.915966386554622,1.22501730105624e-61,1.694834005815071e-57,2.3448345475135426e-53,3.2441234499032854e-49,4.488308934914205e-45,6.209668527138369e-41,8.591214404555124e-37,1.1886155274872158e-32,1.644482686718542e-28,2.275196047206969e-24,3.147826501936729e-20,0.5831792975970426,0.5831792975970426,0.5831792975970426,0.5831792975970426,0.5831792975970426,0.5831792975970426,0.5831792975970426,0.5831792975970426,0.9999999986967971,0.9999999953900748,0.9999999837011498,0.9999999424174206,0.9999997967945077,0.999999284089631,0.9999974838526207,0.9999911869033307,0.9999692760390911,0.9998935500974224,0.9996339332697272,0.99875114420253,0.9957683567821227,0.9857332535090763,0.9525241697353358,0.8522482062112288,0.6297588113479586,0.35996587365909954,0.19612031714847566,0.1522472182109756,0.20515786049622448,0.35393508265922563,0.5237183846074493,0.618990277570084,0.6599362568717748,0.6745822543954866,0.6691481111149784,0.645334123691008,0.6010523246867611,0.5236796813853408,0.40875469065994235,0.3012801538843244,0.2432015728594545,0.24357289154329403,0.31043609081012685,0.42360449816248846,0.47417073562882656,0.3889182282507689,0.2829775943016545,0.24792657515705896,0.29334206806778357,0.4416998347170313,0.6617379951822293,0.761895082236707,0.732259092847908,0.6623252565306303,0.5990269295541637,0.5768067246606071,0.6151370256133357,0.6737263619920879,0.6942559458700845,0.6984182334760995,0.7202623623202933,0.7360774444729169,0.719853785265634,0.6674976414232672,0.5890719029689764,0.5120751793449505,0.47223148548631516,0.4849196951744285,0.5397630444195846,0.614725402188303,0.6577739153666577,0.5708522519343784,0.4468877706320378,0.5406768433972313,0.7924768040098027,0.9463450475535405,0.9803078637714281,0.9764194915175703,0.9595575133944982,0.9295614223830329,0.8800881304206399,0.8033155909313088,0.6944914839139321,0.5585463019626203,0.4131804885370365,0.2810118692801515,0.17167334655712488,0.057475092156615906,0.0038712372673137658,0.005325695262484699,0.05362207286397373,0.37891285548800036,0.8678718302177555,0.986056415820167,0.9986878772555166,0.9998762420392884,0.9999814611994277,0.9999697896926156,0.9998819654405454,0.9995230939741641,0.9980736927729678,0.99225330670841,0.9693858963957157,0.8867225064260408,0.6593010910660132,0.32358845286072063,0.1057564294993452,0.028405659762730632,0.007175650463774441
25.067226890756302,9.351324513033166e-61,1.2937729753200066e-56,1.789959110299352e-52,2.476442668496702e-48,3.426207395375984e-44,4.74022901232372e-40,6.55821217989426e-36,9.073446966892753e-32,1.2553366580721905e-27,1.7367996775754477e-23,0.5831792975970426,0.5831792975970426,0.5831792975970426,0.5831792975970426,0.5831792975970426,0.5831792975970426,0.5831792975970426,0.5831792975970426,0.5831792975970426,0.9999999995752658,0.9999999984980125,0.999999994691107,0.9999999812488163,0.9999999338398338,0.9999997669169967,0.9999991805650441,0.9999971271986814,0.9999899631702841,0.9999650629682688,0.9998787056366194,0.9995782996469132,0.9985183325090203,0.9946603947872225,0.980028989203043,0.9243687561065269,0.7469323752970028,0.4274917254331868,0.1916069632969586,0.12443188996288052,0.17241110002624754,0.32806476358067266,0.5258131117473243,0.6415052867099073,0.6863378591899396,0.698776620467769,0.690707704383784,0.6665352370386189,0.6223685550923874,0.5338040104548595,0.382561784629034,0.24213564795138817,0.1752317649058056,0.1729804273645437,0.23360408432317906,0.3484042148273934,0.41876331986281673,0.3463234149337049,0.24267741773510165,0.2038523489835312,0.24015769373186127,0.38651383248636134,0.6398394309600918,0.776938612875633,0.7605282078420312,0.6939510968055305,0.6285763670107645,0.6007208114172536,0.6367819360926559,0.7007170152395725,0.7265020689601832,0.7286466044924628,0.7373488047905377,0.7334834956125464,0.6965620739479984,0.6230563012264504,0.5242617558578507,0.4306695428601748,0.3801087152472641,0.3944195253039356,0.4790978110543746,0.6250704203044627,0.7746524565197415,0.8362267118568583,0.7797546896800702,0.717173734589228,0.8527445941859236,0.9652796509003563,0.9871452064152441,0.9841563115386148,0.9726773609805993,0.9519758726349469,0.9168585115479714,0.8598764236564465,0.7735067849083946,0.6552468326354567,0.5140108305756692,0.3701590489694987,0.241195650826371,0.10357011026077044,0.009561074561596732,0.013566377690245313,0.12725953390455116,0.6109262548977844,0.9441517880488002,0.9945358693289444,0.99948976396388,0.9999518143891359,0.9999924006666576,0.9999866589348859,0.9999476519212306,0.9997884297061517,0.9991447384212195,0.9965493552091685,0.9861868823921431,0.9463797334871277,0.8135442552645209,0.5189149748774785,0.21051658912611415,0.061842631462973544,0.016034705887996655
25.218487394957982,7.138451846582535e-60,9.876179649046423e-56,1.366387927013531e-51,1.8904238340944076e-47,2.615438751367848e-43,3.618513772912852e-39,5.006294218335294e-35,6.926330506266789e-31,9.582771157602052e-27,1.3258080010522746e-22,0.5831792975970426,0.5831792975970426,0.5831792975970426,0.5831792975970426,0.5831792975970426,0.5831792975970426,0.5831792975970426,0.5831792975970426,0.5831792975970426,0.9999999998605859,0.9999999995071056,0.999999998258185,0.999999993848762,0.9999999782970883,0.9999999235242489,0.9999997309533658,0.9999990552167348,0.999996687536543,0.9999883869225923,0.9999591135224781,0.999854083646644,0.99946335625866,0.9979215152955949,0.9913982858966066,0.9626874281594702,0.84709183809089,0.5468638700058955,0.237443159290918,0.14314317929045686,0.21299063782008443,0.3996362569635972,0.6050286308330035,0.7106067130294036,0.7402403483605323,0.7398269290302276,0.7236994222469308,0.6964128539386253,0.6515090775388485,0.554106420735578,0.36987143620824625,0.19845746327752362,0.1238321405239851,0.11777703060565003,0.16720464237355812,0.27204781058575733,0.354365612659127,0.29784137914258435,0.20120995255008017,0.16235841104409746,0.19252695376735507,0.33708094384992626,0.618784541533504,0.790930408264804,0.7896161723140239,0.7287990050780792,0.6630625714991251,0.6296228691822099,0.6610983596494748,0.7267517432636054,0.7542417360945404,0.7506510541775244,0.7425141436917031,0.714400721392042,0.6500119551229275,0.5495848208923111,0.43225301088064993,0.33469426149702924,0.2955069765523323,0.3464521759335055,0.5069335886525965,0.7246504045439018,0.8827680693615878,0.949201505494294,0.9567756123076849,0.9265784318401337,0.9245430363868805,0.9787627084663807,0.9916892423269884,0.9894044348479204,0.9816290714995355,0.9675002663383419,0.9430650741349638,0.9021263963925332,0.8368515520774422,0.740563901648574,0.6136703106319357,0.4689841345730578,0.3258360347761234,0.16995664887894102,0.022906281245702015,0.03407391276497208,0.2728492860196192,0.8016399632152998,0.9775339347388301,0.9978698873071379,0.9998016840483939,0.9999812343141316,0.9999968716206595,0.9999941054846372,0.9999767842899091,0.9999061546923017,0.9996204986488182,0.9984666452560451,0.9938262281029766,0.9754872094854167,0.907730310158098,0.7086262094833823,0.3754774192074292,0.12939715074541042,0.03544071746220021
25.369747899159663,5.449227507288699e-59,7.539106653253006e-55,1.0430495067454765e-50,1.443078944644896e-46,1.996528252040398e-42,2.7622382570461473e-38,3.821618013262633e-34,5.2873019989867245e-30,7.315129569669328e-26,0.5831792975970426,0.5831792975970426,0.5831792975970426,0.5831792975970426,0.5831792975970426,0.5831792975970426,0.5831792975970426,0.5831792975970426,0.5831792975970426,0.5831792975970426,0.9999999999539739,0.9999999998373035,0.9999999994251197,0.9999999979698264,0.9999999928357324,0.999999974739806,0.9999999110083809,0.9999996865625989,0.9999988943852108,0.9999960775192364,0.9999858784080586,0.9999475860316676,0.9997948903166575,0.9991358314787238,0.9960659598231193,0.9811779136986433,0.9125435650499395,0.6801251945628113,0.3444925915471008,0.2512245204407831,0.39497498679226767,0.620392079889983,0.7845148272103384,0.8436606803563634,0.8425297244368052,0.8200190823631328,0.7889705848723172,0.7526913711346729,0.7033286259840417,0.5992295018451007,0.38761916413101344,0.18211891453663226,0.0936411513542806,0.08031943509021779,0.11621747729112226,0.20360736398880283,0.2879135113555004,0.24792196843795528,0.16206801271986937,0.12614463345331486,0.15270453161701125,0.2958883392419238,0.6007035796973883,0.8039225549775084,0.8179678690084626,0.7645980660970516,0.7004241919955945,0.662220770599428,0.6875148194335093,0.751632372779181,0.7769186839532607,0.7619076038739774,0.7285970356350796,0.6650622070088263,0.5627784453398638,0.4353550243598415,0.31584115731173923,0.24209400394018551,0.2498463606323739,0.3792667440221582,0.6187022848941649,0.8335235162053357,0.9418224620932283,0.9804881032280202,0.9907988180115905,0.9888740478160585,0.9802650448741017,0.988462008563946,0.9946758794420894,0.9929358612311484,0.9876881536348161,0.978119672879537,0.9613534376097058,0.9326256859910839,0.8850987993687894,0.8108462232789792,0.7046169409170912,0.5702194064233534,0.42233814720062024,0.25572297856806403,0.05214630084484625,0.0827897614417068,0.4912136272869796,0.9122912330756995,0.9911496128337407,0.9991713011483067,0.9999229336752895,0.9999926895629219,0.9999987065604463,0.9999973944244502,0.99998970417865,0.9999583761646905,0.9998316501735747,0.99931935444038,0.9972524041292766,0.9889778735965044,0.9568620795795824,0.8457626928061975,0.575477728186077,0.2510022025019699,0.07650673610090244
25.521008403361343,4.1597367418555906e-58,5.755072421614884e-54,7.9622503391153955e-50,1.1015925650756035e-45,1.5240750941391132e-41,2.108589511485749e-37,2.917280447874374e-33,4.036128856951604e-29,0.5831792975970426,0.5831792975970426,0.5831792975970426,0.5831792975970426,0.5831792975970426,0.5831792975970426,0.5831792975970426,0.5831792975970426,0.5831792975970426,0.5831792975970426,0.5831792975970426,0.9999999999847344,0.9999999999460424,0.9999999998093422,0.9999999993265763,0.9999999976223022,0.999999991606322,0.9999999703524126,0.9999998950281316,0.999999625880709,0.9999986465112234,0.9999949541738543,0.9999801812934361,0.9999160535218102,0.9996126275052637,0.9980805259943871,0.9901501233991759,0.950695267679075,0.7935155808440986,0.509478827477682,0.48282290963291713,0.6768691840308194,0.8430952710658361,0.9249223730725414,0.9481860734778778,0.9409416507959366,0.9185475256680107,0.8870365134188548,0.8489609769416526,0.8001706634676166,0.7039910589129204,0.48762644029028424,0.23288407407008416,0.09999811431418054,0.06420467032788192,0.08216233547763975,0.14825966973857704,0.22568921370959893,0.20051342288950655,0.12757287095077077,0.09639053190281402,0.1212110780305216,0.2634571059249551,0.5863552277352333,0.8157832413586137,0.8443713998209547,0.7994484319434804,0.7387203019905653,0.6971520787627181,0.7153187277504859,0.77474509732643,0.7920153982161313,0.7538174783945186,0.6778016528125692,0.5632525824713182,0.4242164875000666,0.29539291816933433,0.21028265194306603,0.19226003375819295,0.2721038081136982,0.47857635607916715,0.7346848995391175,0.9005253699886013,0.9682462497767534,0.9903391404660145,0.9967816928100749,0.9980710338812397,0.9969492001820794,0.9955835539034497,0.9966821998766336,0.9953044425051915,0.991767381835345,0.9853213754075493,0.9739277558304801,0.9541010302911305,0.9204299767729772,0.8655395894377356,0.7817590916981004,0.6658602804773646,0.5243955347086292,0.3564539212483992,0.10952686850158054,0.18700169457513716,0.7129372640704461,0.9639901012050096,0.9965426202355138,0.9996778596817146,0.9999700536948595,0.9999971510964029,0.9999994628797991,0.9999988477820951,0.999995433944952,0.9999815388350386,0.9999253274498581,0.9996980095692821,0.998779535824306,0.9950813599615483,0.9803971357476194,0.9251709015767638,0.7534803563334166,0.43039270231733173,0.1573923753520665
25.672268907563023,3.1753876560300875e-57,4.393207325664252e-53,6.078084506321057e-49,8.409146179656325e-45,1.1634220002662727e-40,1.609618473936211e-36,2.2269429288963418e-32,0.5831792975970426,0.5831792975970426,0.5831792975970426,0.5831792975970426,0.5831792975970426,0.5831792975970426,0.5831792975970426,0.5831792975970426,0.5831792975970426,0.5831792975970426,0.5831792975970426,0.5831792975970426,0.9999999999949181,0.9999999999820366,0.9999999999365167,0.9999999997756643,0.999999999207077,0.9999999971945356,0.999999990045391,0.9999999644357465,0.9999998710569916,0.9999995187941626,0.9999981110001975,0.9999920030901119,0.9999629358127906,0.9998134706014932,0.9990107471934393,0.9946755692271068,0.972185420453293,0.8752564678077253,0.6980397504732679,0.7461243306127759,0.8775574544736798,0.9496710844478158,0.978659898152752,0.9865205350536439,0.9838504666512947,0.9747375519006141,0.9600772025565162,0.9398140255543588,0.9121609176161197,0.8573665321322255,0.7095716759513504,0.44219187573265745,0.20543295231003383,0.09354317408163859,0.07171431193527207,0.10946741173873505,0.17234686672785468,0.15837052201846405,0.09873160104725637,0.07302622987016216,0.09733168624321205,0.23898753011197904,0.5755831651918595,0.8263367221688162,0.8680355591818435,0.8319218712526304,0.7762253867739903,0.7330204102894969,0.7436592100360179,0.7945312024278668,0.7920164992004429,0.7061006247598882,0.5646526429397062,0.405164169420369,0.270193899837905,0.1873508374329843,0.16479592981695068,0.21216490688431344,0.35583136753839834,0.5938631836562233,0.8169927618428318,0.9362460632103367,0.9804159904119575,0.9942506478518961,0.998300404995208,0.9993989994151555,0.9995251321798375,0.9990566499688939,0.9981666260710457,0.9969032959088848,0.9945049683860953,0.9901765883021202,0.9824847293262762,0.9689578818066582,0.9455636129728321,0.9062448140799934,0.8432336413934872,0.7495443124248173,0.6240337063383116,0.4649601619969249,0.20533771241237464,0.36793796998857575,0.8646138637727112,0.9856932905417223,0.9986538458015198,0.9998748130707019,0.9999883637333304,0.9999988893150833,0.999999775976099,0.999999490293151,0.9999979750065716,0.9999918121364061,0.9999668802801885,0.9998660404100199,0.9994583387918785,0.9978125253012337,0.9912099611584221,0.9653701930346721,0.8732811251877177,0.630130358103929,0.29635116575433285
25.823529411764703,2.423972330895741e-56,3.3536103792165344e-52,4.639782686120163e-48,6.419228098728419e-44,8.881128993636939e-40,0.5831792975970426,0.5831792975970426,0.5831792975970426,0.5831792975970426,0.5831792975970426,0.5831792975970426,0.5831792975970426,0.5831792975970426,0.5831792975970426,0.5831792975970426,0.5831792975970426,0.5831792975970426,0.5831792975970426,0.5831792975970426,0.999999999998303,0.9999999999940012,0.9999999999787905,0.9999999999249799,0.9999999997343199,0.9999999990562556,0.9999999966250057,0.9999999877599359,0.9999999543828195,0.9999998216024918,0.9999992486811935,0.9999965254013653,0.9999823898573463,0.999904702811453,0.9994690519206995,0.9970530185799669,0.9842544222709916,0.9287088188098082,0.8520661254592674,0.906321707187138,0.9611264302675052,0.9852022849070855,0.9942018131233525,0.9966641668864653,0.9959805327490899,0.9933262600072145,0.9888482936588874,0.9824222395523502,0.9736660497134115,0.956208391601871,0.9019539247804091,0.7559287528393193,0.5005272732556779,0.25171007373645715,0.1208217676569743,0.09858807185538704,0.1325578317531641,0.12311116635534079,0.07552966798238478,0.055238745388850846,0.07972135849449241,0.22094266103619062,0.567555345986192,0.835344850094034,0.8885427822340307,0.8610865954308254,0.8115364681898097,0.7684711584701911,0.7714454585896381,0.8068469646927994,0.7582457674186652,0.5895631023304587,0.3934020849014574,0.2482437556943498,0.1722890785541796,0.15700562719845018,0.19584839520688505,0.296839337861612,0.4743813033210058,0.6978002915037284,0.8718940448974433,0.9564980661569922,0.9867852484176135,0.9961643163236492,0.9989014883746468,0.9996757249071797,0.9998731301289999,0.9998497627374385,0.9993112875412246,0.9980270919845672,0.996342202716604,0.9934371185909643,0.9882669678645254,0.9791106895406769,0.9630762332778086,0.9355441927397644,0.8898308791252539,0.8179890960573771,0.7139603571571901,0.5726435539628653,0.33587934231365585,0.5929282317786584,0.9425653436197106,0.9943918548889051,0.999476541976414,0.99995135695688,0.99999547848296,0.9999995667810165,0.9999999061580508,0.9999997744499769,0.9999991019330087,0.9999963685531953,0.9999853106599734,0.9999405825754585,0.9997596930677166,0.9990286412333401,0.9960823285715037,0.9843393895347342,0.9395345057928737,0.7934423445918722,0.48707560849859577
25.974789915966383,1.8503699382310963e-55,2.5600209008775834e-51,3.5418367994115107e-47,0.5831792975970426,0.5831792975970426,0.5831792975970426,0.5831792975970426,0.5831792975970426,0.5831792975970426,0.5831792975970426,0.5831792975970426,0.5831792975970426,0.5831792975970426,0.5831792975970426,0.5831792975970426,0.5831792975970426,0.5831792975970426,0.5831792975970426,0.5831792975970426,0.999999999999432,0.9999999999979913,0.9999999999928925,0.9999999999748168,0.9999999999105068,0.9999999996799346,0.9999999988402763,0.9999999956904749,0.9999999832473488,0.9999999300606787,0.9999996790738176,0.9999983742179474,0.9999910964252592,0.9999491320026841,0.9997070550365095,0.9983431340726198,0.991074338172661,0.9616254618281145,0.9408914511909373,0.9700926771019429,0.9883933628196921,0.9957392917430739,0.9984225928298354,0.9991661446911893,0.9990057101688764,0.9983045919509671,0.997125441028449,0.9954885424272308,0.9934097331644632,0.9892712193706799,0.9754679726059413,0.9316926056900918,0.8162716721641996,0.5917774480750101,0.3279634315792387,0.16458185943920012,0.12059019842889965,0.0964874661691151,0.057165431631278206,0.041652163011465466,0.06628932320488048,0.2054409312519105,0.557053944536789,0.8403831673258837,0.905201050511919,0.8863488071340231,0.8436269409353313,0.8022700352079843,0.7969533588839429,0.800747461405744,0.6580315370195546,0.4092382362295496,0.23806411940876715,0.16644573026136328,0.16200918078956836,0.20571212904688752,0.2931310497397573,0.4275114687651406,0.6044518604964584,0.7849294947890583,0.9103132410298618,0.9693802770810724,0.9906375083149018,0.9972789684073933,0.9992256386381083,0.9997802468345252,0.9999342253951862,0.9999674470371529,0.9998538746464706,0.99891707248046,0.9975880732979993,0.9956221621564066,0.9921556928531626,0.9859907612986479,0.9751030514154263,0.956130200754261,0.9238282202556021,0.8709455185511882,0.7895264462293226,0.671496569378846,0.4799266625323535,0.7815749325158381,0.9768116829421406,0.9978132428960816,0.9997965528140667,0.9999810999757667,0.9999982430539002,0.9999998309345367,0.9999999605228457,0.9999999001643787,0.9999996017127268,0.9999983893998361,0.9999934850143866,0.9999736466505529,0.9998934061820597,0.999568955486224,0.9982586603132404,0.9929932318208723,0.9722489144308215,0.8964907051816934,0.6816394106271719
26.126050420168067,0.5831792975970426,0.5831792975970426,0.5831792975970426,0.5831792975970426,0.5831792975970426,0.5831792975970426,0.5831792975970426,0.5831792975970426,0.5831792975970426,0.5831792975970426,0.5831792975970426,0.5831792975970426,0.5831792975970426,0.5831792975970426,0.5831792975970426,0.5831792975970426,0.5831792975970426,0.5831792975970426,0.5831792975970426,0.9999999999998095,0.9999999999993259,0.9999999999976107,0.9999999999915093,0.9999999999696478,0.9999999998902004,0.9999999995935435,0.9999999984314931,0.9999999935242733,0.9999999706459766,0.9999998523578963,0.9999991882906814,0.9999952819582054,0.9999720240549452,0.9998354698775617,0.9990593797327424,0.9949567252908348,0.9808823095401535,0.979470818547944,0.9909612254237175,0.9965942353133115,0.998776671727749,0.9995669641894293,0.9997872902644239,0.9997506918826743,0.9995708388285331,0.9992757111268651,0.9988928306867908,0.9984537965746845,0.9975580466087112,0.9944194197474302,0.9840305438113788,0.9527499075520747,0.8678469260845711,0.6819927199337583,0.41312894784641585,0.19242779231352256,0.08368122924481883,0.03971985193676551,0.027613753382494076,0.04757471275209857,0.16014153726436378,0.47771344090596085,0.8016035857529068,0.9069244118611957,0.9051357957628472,0.8714143340459866,0.8332550328393985,0.8166322267313916,0.7512031084334096,0.47944417446900583,0.24928545887316278,0.17084003397355524,0.17621687051331264,0.229574834265637,0.31877411759384267,0.4378029574115344,0.5788654394098022,0.7266797552894514,0.854742892908618,0.9383916454508887,0.978350816619815,0.9932405329574323,0.998014946328294,0.9994334771837412,0.9998402172814836,0.9999547644388576,0.9999856636688533,0.9999757899417858,0.999616538371742,0.9984767777948715,0.997088353707708,0.9947629556421765,0.9906265262347156,0.9832804371802171,0.9703496923976168,0.9479477710833357,0.9101841995848794,0.8492959719759696,0.7559885245822076,0.6130850098750625,0.8952107649790965,0.9908193030246569,0.9991490275852313,0.9999209432669072,0.9999926566139677,0.999999317286611,0.9999999339818116,0.9999999833239792,0.9999999557988097,0.9999998233610389,0.9999992856758053,0.9999971105002324,0.9999883117409795,0.9999527213118365,0.9998087797215588,0.9992269418120607,0.996880233552776,0.9874989415416705,0.9512861590051196,0.8284016195483724
26.277310924369747,0.5831792975970426,0.5831792975970426,0.5831792975970426,0.5831792975970426,0.5831792975970426,0.5831792975970426,0.5831792975970426,0.5831792975970426,0.5831792975970426,0.5831792975970426,0.5831792975970426,0.5831792975970426,0.5831792975970426,0.5831792975970426,0.5831792975970426,0.5831792975970426,0.5831792975970426,0.5831792975970426,0.5831792975970426,0.5831792975970426,0.9999999999997731,0.9999999999991938,0.9999999999971207,0.9999999999896049,0.9999999999616823,0.999999999853302,0.9999999994018574,0.9999999973297521,0.9999999867378345,0.9999999273418778,0.9999995737958777,0.9999974173473731,0.9999843147758843,0.9999065646362312,0.9994630968326434,0.9971807923557287,0.9913829242056231,0.9934203550345703,0.9973184897134811,0.9990048491501271,0.9996484960695184,0.9998802197004429,0.9999447675312106,0.9999366175822614,0.9998910706159859,0.9998190500768972,0.9997338142384737,0.9996470394102315,0.9994572140510919,0.9987609816741412,0.9964390838142917,0.9892427807963721,0.9678281386602348,0.9077466696659202,0.7546062900293511,0.4097729500104841,0.07643872724989242,0.013381951406028,0.006468420603627061,0.010730681650001761,0.03698444869361034,0.14130276640232153,0.41853498254082927,0.7404313509523789,0.8754713821283221,0.8855839949616416,0.8587220626575595,0.8218481988168919,0.6237131166389304,0.3003595559544119,0.18760947252048532,0.19802278407713517,0.2617250046830858,0.35779209180434085,0.4746511806132622,0.5999243656278316,0.7207688470944578,0.8261751811390811,0.9073082205418185,0.9590521135549004,0.9848994110675202,0.9951186343027125,0.9985388843353392,0.9995793829501791,0.9998811013124218,0.9999666201405566,0.9999904759668944,0.9999946549152207,0.9999235597267299,0.9991969736995326,0.9980858615853863,0.9965086267393707,0.9937381838393442,0.9888028011149333,0.9800563337401907,0.9647215282382975,0.9383364324630551,0.8943434869084947,0.8238730071565351,0.7219720172382486,0.9513638195274481,0.9963847803197357,0.9996690584181476,0.9999692817103125,0.9999971468298602,0.9999997347071894,0.9999999742030938,0.9999999929274626,0.9999999804261879,0.9999999216608761,0.9999996831871306,0.9999987184634658,0.9999948160561412,0.9999790306735068,0.9999151820444202,0.9996569900691985,0.9986139325754643,0.9944167609783784,0.9777927067500659,0.5831792975970426
26.428571428571427,0.5831792975970426,0.5831792975970426,0.5831792975970426,0.5831792975970426,0.5831792975970426,0.5831792975970426,0.5831792975970426,0.5831792975970426,0.5831792975970426,0.5831792975970426,0.5831792975970426,0.5831792975970426,0.5831792975970426,0.5831792975970426,0.5831792975970426,0.5831792975970426,0.5831792975970426,0.5831792975970426,0.5831792975970426,0.5831792975970426,0.9999999999999232,0.9999999999997269,0.9999999999990155,0.9999999999963868,0.9999999999862773,0.99999999994477,0.9999999997576261,0.999999998816118,0.999999993576736,0.9999999622608063,0.999999768117737,0.9999985560862479,0.9999910997561116,0.9999465820060861,0.9996929032800939,0.9984596556278439,0.996532428779938,0.9979777819252668,0.9992093939128712,0.9997094794701429,0.9998989368928717,0.9999667155281405,0.9999854739738807,0.9999837245698908,0.9999723071835753,0.9999551106171543,0.9999370148788124,0.9999208518798953,0.9998806582352172,0.9997270919050479,0.9992173200681747,0.9976421541789914,0.9928977420129256,0.9779579366911275,0.9066185680856188,0.4564004075514646,0.04485590615799918,0.0031360965858253076,0.000536347162680695,0.0007198359256290766,0.002568536698207894,0.010751273657676202,0.04514664050540992,0.1712177926388065,0.46737946029155714,0.7536096180545051,0.8474991627190791,0.7898541931957748,0.4366018305082445,0.22404915182261448,0.2271882078488694,0.29972489099962196,0.40313606024676957,0.5210455949924918,0.6388893946764274,0.7444740510857758,0.8309815343665219,0.8970219001929276,0.9439980194147661,0.9738772068259544,0.989736014598349,0.996516557702342,0.9989268991378354,0.9996865848822221,0.9999108406291248,0.9999749408853963,0.9999929735696433,0.9999976908458909,0.999988363519815,0.9997392100231918,0.9988074263702935,0.9976803114794567,0.9958218224128177,0.992515093218504,0.9866290852249351,0.9762255078454983,0.9580707308112204,0.9270734913088704,0.8757232448408803,0.5831792975970426,0.5831792975970426,0.9985734732522176,0.9998712998281674,0.9999880642624134,0.999998891442188,0.999999896908979,0.9999999899120032,0.9999999969889253,0.9999999913304091,0.9999999652565603,0.9999998594890346,0.9999994316198113,0.999997700840081,0.999990699695088,0.9999623802472436,0.999847841142873,0.9993847847296519,0.997516035935785,0.5831792975970426,0.5831792975970426
26.57983193277311,0.5831792975970426,0.5831792975970426,0.5831792975970426,0.5831792975970426,0.5831792975970426,0.5831792975970426,0.5831792975970426,0.5831792975970426,0.5831792975970426,0.5831792975970426,0.5831792975970426,0.5831792975970426,0.5831792975970426,0.5831792975970426,0.5831792975970426,0.5831792975970426,0.5831792975970426,0.5831792975970426,0.5831792975970426,0.5831792975970426,0.999999999999974,0.9999999999999066,0.9999999999996595,0.999999999998715,0.999999999994895,0.9999999999779964,0.9999999998945921,0.9999999994364094,0.9999999967047052,0.9999999796192701,0.9999998708548148,0.9999991820183455,0.999994912768246,0.9999693409359731,0.9998245637890442,0.9991928719987836,0.9987450701840307,0.9993914541464717,0.9997674087015574,0.9999152157604124,0.9999709489462125,0.9999907329169015,0.9999961487852914,0.9999957960871145,0.999992966578879,0.9999889629769754,0.9999853404553902,0.9999825322880904,0.9999740071553304,0.9999404649099488,0.9998309912333255,0.9994980879615419,0.9984033329311531,0.9916897989959154,0.9007184391321021,0.33717368291555966,0.029386291326700394,0.001984952781667525,0.00015420233617697613,4.930268813587561e-05,0.00015031160849835658,0.0006366470507872552,0.0027677171785209656,0.012035997320277133,0.051081303871403964,0.19372997997636032,0.5137698655833319,0.6473467687753363,0.3094678080065056,0.2654261184032955,0.34245106004157083,0.45170261524237376,0.56991338994647,0.6817323372009406,0.7766522159782063,0.8505127885146146,0.9044431640675477,0.9421893257586518,0.9677318421870453,0.9840466137994253,0.9932595258066983,0.997566058296437,0.9992196207187551,0.9997671275848923,0.9999330647479246,0.9999811040769778,0.999994707254885,0.9999984783173737,0.9999980925554869,0.9999514299026747,0.9994016185625874,0.9984808333117111,0.9972160379937332,0.9950030145312806,0.9910554635735013,0.9840402002438963,0.9716799278348405,0.950225346870123,0.5831792975970426,0.5831792975970426,0.5831792975970426,0.5831792975970426,0.9999499302065146,0.9999953622393962,0.9999995692855859,0.9999999599386327,0.9999999960516304,0.9999999987133825,0.9999999961594482,0.9999999845912083,0.9999999376814104,0.9999997479151764,0.999998980288369,0.9999958751603295,0.9999833147519839,0.99993250965467,0.9997270497766052,0.5831792975970426,0.5831792975970426,0.5831792975970426
26.73109243697479,0.5831792975970426,0.5831792975970426,0.5831792975970426,0.5831792975970426,0.5831792975970426,0.5831792975970426,0.5831792975970426,0.5831792975970426,0.5831792975970426,0.5831792975970426,0.5831792975970426,0.5831792975970426,0.5831792975970426,0.5831792975970426,0.5831792975970426,0.5831792975970426,0.5831792975970426,0.5831792975970426,0.5831792975970426,0.5831792975970426,0.5831792975970426,0.9999999999999677,0.9999999999998795,0.9999999999995273,0.9999999999979989,0.9999999999906142,0.9999999999507287,0.9999999997148187,0.9999999982357612,0.9999999887029789,0.9999999270073028,0.9999995328729708,0.9999970794722398,0.9999823675478243,0.9999003343685884,0.9996048196114828,0.9995814857800875,0.999818790389061,0.9999316367447662,0.9999752697758876,0.9999916580338563,0.9999974201085106,0.9999989746008716,0.9999989114881335,0.9999982202270424,0.9999973180768326,0.9999966518461438,0.9999962145203871,0.9999944334273027,0.999987354262625,0.9999648138765597,0.999886123550499,0.9992940949111044,0.9900337219399549,0.8546485581370094,0.2711609309586,0.02459269009247626,0.0017823865617619642,0.00013173115183693306,1.2911679856865588e-05,1.0144685395486737e-05,3.768551699076254e-05,0.00016236947036856996,0.0007110279715538153,0.0031331519451916227,0.013953488950804884,0.06405257268733204,0.2699885091970757,0.31905169102661607,0.3894301710094172,0.5017836631389506,0.618277704022229,0.7232773213700422,0.8086023817297896,0.8725379425165041,0.9176922335360194,0.9483612244608306,0.9687343415745459,0.9820971316271664,0.9906556793260407,0.9957455541179178,0.9983478844668803,0.9994418064812362,0.999828296111072,0.9999498808029611,0.9999857489406963,0.9999959972533262,0.9999988762513614,0.9999994902633246,0.9999929460482472,0.9998223406815994,0.9990692764965419,0.9981524682605882,0.9966673399793772,0.9940254351346066,0.9893143160889026,0.9809596607855604,0.5831792975970426,0.5831792975970426,0.5831792975970426,0.5831792975970426,0.5831792975970426,0.5831792975970426,0.9999981978716748,0.9999998326515832,0.9999999844316833,0.9999999984531325,0.9999999994483415,0.9999999982984228,0.999999993166144,0.9999999723608279,0.9999998881967588,0.9999995477430422,0.9999981705703777,0.9999925997850154,0.9999700659417655,0.5831792975970426,0.5831792975970426,0.5831792975970426,0.5831792975970426
26.88235294117647,0.5831792975970426,0.5831792975970426,0.5831792975970426,0.5831792975970426,0.5831792975970426,0.5831792975970426,0.5831792975970426,0.5831792975970426,0.5831792975970426,0.5831792975970426,0.5831792975970426,0.5831792975970426,0.5831792975970426,0.5831792975970426,0.5831792975970426,0.5831792975970426,0.5831792975970426,0.5831792975970426,0.5831792975970426,0.5831792975970426,0.5831792975970426,0.9999999999999888,0.9999999999999563,0.9999999999998177,0.9999999999991628,0.9999999999956954,0.9999999999754415,0.999999999848822,0.9999999990276042,0.9999999936335655,0.9999999583719272,0.9999997319466112,0.9999983190222989,0.9999898533998995,0.9999440815661937,0.999824033599004,0.9998677414933095,0.9999463264668713,0.9999799185600012,0.9999927926366529,0.9999976088772847,0.9999992829324585,0.9999997266172725,0.9999997182636081,0.9999995525640234,0.9999993584989217,0.9999992539830947,0.9999992041933936,0.9999988588809782,0.9999974592250432,0.9999918368415163,0.9999401569924091,0.9991190443240839,0.9861149889878513,0.8252628762956083,0.24806658015548722,0.023165747734051258,0.0017358002463654907,0.0001340241959308831,1.3915479469579799e-05,3.942460878060484e-06,3.920326776437122e-06,1.0529882134052135e-05,4.22135223277754e-05,0.0001837181186681338,0.0008223484005555894,0.004028600436751018,0.046148862962138444,0.4152658300415876,0.5519771568345139,0.664643671907211,0.761716954908831,0.8376712605755082,0.892897260877961,0.9309860559315362,0.9563384039205438,0.9728524625513253,0.9834984321080045,0.9903444775429546,0.9947238465184686,0.9974233337651159,0.9989176134213567,0.9996098951617857,0.999874960403302,0.9999626853931968,0.9999892747327296,0.9999969727011478,0.99999915193409,0.9999997375660058,0.9999989970160809,0.999968784121863,0.9995589087999038,0.9987957390099246,0.9977805602796651,0.9960133924784826,0.9928581983099466,0.5831792975970426,0.5831792975970426,0.5831792975970426,0.5831792975970426,0.5831792975970426,0.5831792975970426,0.5831792975970426,0.5831792975970426,0.9999999349786677,0.9999999939497947,0.9999999993933159,0.9999999997627039,0.9999999992460109,0.9999999969691508,0.9999999877416372,0.99999995041366,0.9999997994175167,0.9999991886209559,0.9999967178852358,0.5831792975970426,0.5831792975970426,0.5831792975970426,0.5831792975970426,0.5831792975970426
27.03361344537815,0.5831792975970426,0.5831792975970426,0.5831792975970426,0.5831792975970426,0.5831792975970426,0.5831792975970426,0.5831792975970426,0.5831792975970426,0.5831792975970426,0.5831792975970426,0.5831792975970426,0.5831792975970426,0.5831792975970426,0.5831792975970426,0.5831792975970426,0.5831792975970426,0.5831792975970426,0.5831792975970426,0.5831792975970426,0.5831792975970426,0.5831792975970426,0.9999999999999959,0.9999999999999833,0.9999999999999253,0.9999999999996234,0.9999999999978894,0.999999999987125,0.9999999999172213,0.9999999994539364,0.9999999963755192,0.9999999761307005,0.9999998457396854,0.9999990310575327,0.9999941663831663,0.9999693729477744,0.9999298027601382,0.9999595123720753,0.9999841458607472,0.9999941044705061,0.9999979019283807,0.9999993162328746,0.9999998012367842,0.9999999271757373,0.9999999272920014,0.9999998886707437,0.999999850192607,0.9999998408559105,0.9999998441742594,0.9999997859283867,0.9999993985887273,0.9999949861611812,0.9999260523302362,0.9988764564819681,0.9839461761444328,0.8137692851181434,0.24089611950880155,0.022778492709797087,0.0017474273856915893,0.00015057493496304196,2.4394382330671775e-05,1.0032767988525284e-05,5.936738923278675e-06,4.118742718163503e-06,4.6326417795118505e-06,1.2069817493609626e-05,4.882777824178979e-05,0.0002603550624334606,0.009238656225259843,0.4604044688686641,0.7070541752081478,0.7964236827805614,0.8632590505541314,0.9106356821992692,0.9427133003268602,0.9637713955954702,0.9773265412804885,0.98595509939493,0.9914244051744118,0.9948969725853123,0.9971088778913283,0.9984997464711036,0.9993185062931232,0.9997353980021081,0.9999105458986056,0.9999724681236873,0.9999919612161684,0.9999977140066272,0.9999993578955891,0.9999998172722417,0.999999825776668,0.999995574017071,0.9998802633627686,0.9992772319810102,0.998529102613665,0.5831792975970426,0.5831792975970426,0.5831792975970426,0.5831792975970426,0.5831792975970426,0.5831792975970426,0.5831792975970426,0.5831792975970426,0.5831792975970426,0.5831792975970426,0.5831792975970426,0.5831792975970426,0.9999999997617661,0.9999999998976202,0.9999999996658611,0.9999999986557997,0.999999994563243,0.9999999780077483,0.9999999110387882,0.5831792975970426,0.5831792975970426,0.5831792975970426,0.5831792975970426,0.5831792975970426,0.5831792975970426,0.5831792975970426
27.18487394957983,0.5831792975970426,0.5831792975970426,0.5831792975970426,0.5831792975970426,0.5831792975970426,0.5831792975970426,0.5831792975970426,0.5831792975970426,0.5831792975970426,0.5831792975970426,0.5831792975970426,0.5831792975970426,0.5831792975970426,0.5831792975970426,0.5831792975970426,0.5831792975970426,0.5831792975970426,0.5831792975970426,0.5831792975970426,0.5831792975970426,0.5831792975970426,0.5831792975970426,0.9999999999999934,0.9999999999999672,0.9999999999998186,0.9999999999989071,0.9999999999930032,0.999999999953707,0.9999999996897821,0.9999999979238646,0.99999998626942,0.9999999110751144,0.9999994410845484,0.999996656010556,0.9999839260783812,0.9999747408747147,0.9999878220916152,0.9999953240666594,0.9999982702900452,0.9999993901398524,0.9999998050266715,0.9999999451011833,0.9999999806526988,0.9999999813490771,0.9999999728080409,0.999999966666223,0.999999969339531,0.999999973734573,0.9999999516410141,0.9999995879511573,0.9999940246017404,0.9999124816276839,0.9987629189306867,0.9831457543128705,0.8100416458923035,0.23885945771159123,0.0227954029724395,0.0018363447409391082,0.000208514860166018,6.0320676658764216e-05,3.222588872923617e-05,1.9556019097910045e-05,1.2091096406623487e-05,7.595722569887688e-06,5.234252854001789e-06,5.67893449671763e-06,2.47934828314661e-05,0.002467450173130717,0.32645980986513656,0.8223807548351647,0.8853885165359411,0.9257547012385648,0.9526605278778313,0.9701394788381478,0.9813041950145797,0.9883623833963029,0.9928000193238959,0.9955862883319698,0.9973406961319035,0.9984520346348965,0.9991562816147087,0.999588158201085,0.9998268440351105,0.9999375119824576,0.9999799504401246,0.9999940132186083,0.9999982787478189,0.9999995141053405,0.9999998635520891,0.9999999456525874,0.9999993980270548,0.9999799829536058,0.5831792975970426,0.5831792975970426,0.5831792975970426,0.5831792975970426,0.5831792975970426,0.5831792975970426,0.5831792975970426,0.5831792975970426,0.5831792975970426,0.5831792975970426,0.5831792975970426,0.5831792975970426,0.5831792975970426,0.5831792975970426,0.5831792975970426,0.5831792975970426,0.5831792975970426,0.5831792975970426,0.5831792975970426,0.5831792975970426,0.5831792975970426,0.5831792975970426,0.5831792975970426,0.5831792975970426,0.5831792975970426,0.5831792975970426,0.5831792975970426,0.5831792975970426
27.33613445378151,0.5831792975970426,0.5831792975970426,0.5831792975970426,0.5831792975970426,0.5831792975970426,0.5831792975970426,0.5831792975970426,0.5831792975970426,0.5831792975970426,0.5831792975970426,0.5831792975970426,0.5831792975970426,0.5831792975970426,0.5831792975970426,0.5831792975970426,0.5831792975970426,0.5831792975970426,0.5831792975970426,0.5831792975970426,0.5831792975970426,0.5831792975970426,0.5831792975970426,0.5831792975970426,0.9999999999999843,0.9999999999999075,0.9999999999994112,0.9999999999961058,0.9999999999737675,0.9999999998225291,0.9999999988064276,0.9999999920865884,0.9999999486877597,0.9999996775602726,0.999998095469245,0.9999921218996329,0.9999916042125185,0.9999963714665945,0.999998622180733,0.9999994928970024,0.999999823035843,0.9999999445863849,0.9999999849018554,0.9999999948843773,0.9999999952761878,0.9999999936434695,0.9999999934401244,0.9999999952776801,0.999999995235284,0.9999999667016769,0.9999995308807023,0.9999933118630404,0.9999068942351429,0.9987238012890662,0.9828910720448406,0.8089450636448009,0.23869036586685533,0.02324861247813856,0.0021519928948860348,0.0004051613547441167,0.00018197522389049695,0.00010744829941407686,6.606012092741682e-05,4.081776027206514e-05,2.5241779715628076e-05,1.563768284737404e-05,9.820665625190886e-06,9.68833856928769e-06,0.0007226955280640971,0.14350204990968712,0.8851242561572489,0.9384190211268872,0.9609790749010105,0.975456453944826,0.9846512709355751,0.9904395580735887,0.994064227169,0.9963281526948585,0.9977419925704635,0.9986273967213802,0.9991852463180444,0.9995388585460361,0.9997606281005534,0.9998911167135072,0.9999576501516766,0.9999856620145028,0.999995583114791,0.9999987097470509,0.9999996330102172,0.9999998968655133,0.9999999690468817,0.9999999136004951,0.9999972052577895,0.5831792975970426,0.5831792975970426,0.5831792975970426,0.5831792975970426,0.5831792975970426,0.5831792975970426,0.5831792975970426,0.5831792975970426,0.5831792975970426,0.5831792975970426,0.5831792975970426,0.5831792975970426,0.5831792975970426,0.5831792975970426,0.5831792975970426,0.5831792975970426,0.5831792975970426,0.5831792975970426,0.5831792975970426,0.5831792975970426,0.5831792975970426,0.5831792975970426,0.5831792975970426,0.5831792975970426,0.5831792975970426,0.5831792975970426,0.5831792975970426,0.5831792975970426
27.48739495798319,0.5831792975970426,0.5831792975970426,0.5831792975970426,0.5831792975970426,0.5831792975970426,0.5831792975970426,0.5831792975970426,0.5831792975970426,0.5831792975970426,0.5831792975970426,0.5831792975970426,0.5831792975970426,0.5831792975970426,0.5831792975970426,0.5831792975970426,0.5831792975970426,0.5831792975970426,0.5831792975970426,0.5831792975970426,0.5831792975970426,0.5831792975970426,0.5831792975970426,0.5831792975970426,0.9999999999999923,0.9999999999999505,0.999999999999674,0.9999999999978,0.9999999999850155,0.9999999998980472,0.9999999993123334,0.9999999954341134,0.9999999703750877,0.9999998140804736,0.9999989289676338,0.9999964896697956,0.9999973511428807,0.9999989242120978,0.9999995942789367,0.9999998514630883,0.9999999487530458,0.9999999843090664,0.9999999958695682,0.9999999986599488,0.9999999988442486,0.9999999986891651,0.9999999990253935,0.9999999993694606,0.9999999973105826,0.9999999639121185,0.9999994950702329,0.9999930438164628,0.999905058909652,0.998711632541294,0.9828155691541803,0.8087677919842052,0.24012746269888482,0.024897530741889277,0.003223557297663773,0.0010705153391187931,0.0005936387905527676,0.00036204453205966445,0.00022349659009003172,0.00013816477955104964,8.54256155782478e-05,5.281927607977532e-05,3.266890789677857e-05,2.1118986904519648e-05,0.00022596498299868074,0.048701084321055584,0.8816608414597933,0.9675789317034516,0.9798547445678244,0.9874206141393791,0.9921682663005571,0.9951344035670486,0.9969826516177256,0.9981329912620793,0.9988491788489012,0.9992960850217557,0.9995763801008203,0.9997534876805817,0.9998655606920205,0.999934281337467,0.9999723147674316,0.9999899908911019,0.9999967845326899,0.999999039195835,0.9999997236654978,0.9999999219753407,0.9999999778762778,0.9999999835494005,0.5831792975970426,0.5831792975970426,0.5831792975970426,0.5831792975970426,0.5831792975970426,0.5831792975970426,0.5831792975970426,0.5831792975970426,0.5831792975970426,0.5831792975970426,0.5831792975970426,0.5831792975970426,0.5831792975970426,0.5831792975970426,0.5831792975970426,0.5831792975970426,0.5831792975970426,0.5831792975970426,0.5831792975970426,0.5831792975970426,0.5831792975970426,0.5831792975970426,0.5831792975970426,0.5831792975970426,0.5831792975970426,0.5831792975970426,0.5831792975970426,0.5831792975970426,0.5831792975970426
27.63865546218487,0.5831792975970426,0.5831792975970426,0.5831792975970426,0.5831792975970426,0.5831792975970426,0.5831792975970426,0.5831792975970426,0.5831792975970426,0.5831792975970426,0.5831792975970426,0.5831792975970426,0.5831792975970426,0.5831792975970426,0.5831792975970426,0.5831792975970426,0.5831792975970426,0.5831792975970426,0.5831792975970426,0.5831792975970426,0.5831792975970426,0.5831792975970426,0.5831792975970426,0.5831792975970426,0.5831792975970426,0.9999999999999729,0.9999999999998165,0.9999999999987457,0.9999999999913995,0.9999999999412862,0.9999999996033038,0.9999999973638408,0.9999999828918167,0.999999892955953,0.9999994117690856,0.9999985989831024,0.9999991896320755,0.9999996818955117,0.9999998805969016,0.999999956536351,0.9999999851933838,0.9999999955759117,0.9999999988788357,0.9999999996577574,0.9999999997468216,0.9999999998014867,0.9999999998941559,0.9999999997744536,0.9999999972594769,0.9999999621769172,0.9999994823858934,0.9999929584990991,0.9999044965210054,0.998708018477224,0.9827996646710069,0.8092286682383172,0.2455426854894889,0.030473722490678225,0.006835742063690665,0.0033166382939836163,0.0019848647854079885,0.0012230499443889413,0.0007561505614642516,0.0004676103297568028,0.000289157678736465,0.0001787963779190041,0.00011055302276379439,6.861952782173531e-05,0.00010586376821761242,0.015113407376509338,0.770570630180986,0.9823979189592484,0.9896943372176746,0.9935911298901867,0.9960190003467747,0.997529906972618,0.9984689618727655,0.9990523213581999,0.9994148635201457,0.9996405631045855,0.9997816209030086,0.9998703766891859,0.9999265922022919,0.9999618451071914,0.999982610648729,0.9999932225183769,0.9999977017492948,0.9999992913250807,0.9999997928781681,0.9999999410728381,0.9999999834100977,0.9999999940090631,0.5831792975970426,0.5831792975970426,0.5831792975970426,0.5831792975970426,0.5831792975970426,0.5831792975970426,0.5831792975970426,0.5831792975970426,0.5831792975970426,0.5831792975970426,0.5831792975970426,0.5831792975970426,0.5831792975970426,0.5831792975970426,0.5831792975970426,0.5831792975970426,0.5831792975970426,0.5831792975970426,0.5831792975970426,0.5831792975970426,0.5831792975970426,0.5831792975970426,0.5831792975970426,0.5831792975970426,0.5831792975970426,0.5831792975970426,0.5831792975970426,0.5831792975970426,0.5831792975970426
27.789915966386552,0.5831792975970426,0.5831792975970426,0.5831792975970426,0.5831792975970426,0.5831792975970426,0.5831792975970426,0.5831792975970426,0.5831792975970426,0.5831792975970426,0.5831792975970426,0.5831792975970426,0.5831792975970426,0.5831792975970426,0.5831792975970426,0.5831792975970426,0.5831792975970426,0.5831792975970426,0.5831792975970426,0.5831792975970426,0.5831792975970426,0.5831792975970426,0.5831792975970426,0.5831792975970426,0.5831792975970426,0.5831792975970426,0.9999999999998956,0.9999999999992807,0.9999999999950496,0.9999999999661379,0.999999999770986,0.9999999984774105,0.9999999901200164,0.999999938561497,0.9999996900901055,0.9999994956827718,0.9999997562745306,0.9999999060757777,0.9999999648794966,0.9999999872970802,0.999999995733296,0.9999999987596754,0.9999999997010249,0.9999999999197954,0.9999999999590053,0.999999999980075,0.9999999999789135,0.9999999997930776,0.9999999971807353,0.9999999615801878,0.9999994784312498,0.9999929326124332,0.9999043293247384,0.9987071453681021,0.9828177096330838,0.8110824259772632,0.2634845750588125,0.04889807257436949,0.018873607074436364,0.010846753356977955,0.00666641068142886,0.004127110063632782,0.0025553099075461562,0.001581379022112283,0.0009783031568645982,0.000605078484860623,0.0003741868947311473,0.0002314590610356322,0.00016202549823466996,0.0046371717015371,0.5204678799057311,0.9878801909906183,0.9947425816605446,0.9967448445590907,0.9979803435890792,0.9987476430619843,0.9992238966036099,0.9995194514174336,0.9997029360278612,0.9998169885815147,0.9998880845134756,0.9999326436012695,0.999960785088945,0.9999785905772038,0.999989515967332,0.9999955739574276,0.9999983967895922,0.999999484296889,0.9999998457932757,0.9999999556329862,0.9999999874669411,0.5831792975970426,0.5831792975970426,0.5831792975970426,0.5831792975970426,0.5831792975970426,0.5831792975970426,0.5831792975970426,0.5831792975970426,0.5831792975970426,0.5831792975970426,0.5831792975970426,0.5831792975970426,0.5831792975970426,0.5831792975970426,0.5831792975970426,0.5831792975970426,0.5831792975970426,0.5831792975970426,0.5831792975970426,0.5831792975970426,0.5831792975970426,0.5831792975970426,0.5831792975970426,0.5831792975970426,0.5831792975970426,0.5831792975970426,0.5831792975970426,0.5831792975970426,0.5831792975970426,0.5831792975970426
27.941176470588236,0.5831792975970426,0.5831792975970426,0.5831792975970426,0.5831792975970426,0.5831792975970426,0.5831792975970426,0.5831792975970426,0.5831792975970426,0.5831792975970426,0.5831792975970426,0.5831792975970426,0.5831792975970426,0.5831792975970426,0.5831792975970426,0.5831792975970426,0.5831792975970426,0.5831792975970426,0.5831792975970426,0.5831792975970426,0.5831792975970426,0.5831792975970426,0.5831792975970426,0.5831792975970426,0.5831792975970426,0.5831792975970426,0.5831792975970426,0.5831792975970426,0.9999999999971458,0.9999999999804541,0.9999999998677312,0.9999999991204019,0.9999999942958108,0.9999999649549097,0.9999998472836324,0.9999998323171945,0.9999999273630084,0.9999999722917964,0.999999989676031,0.9999999962924906,0.9999999987746415,0.9999999996560676,0.9999999999248257,0.9999999999855657,0.9999999999958306,0.9999999999975923,0.9999999999843167,0.9999999997904815,0.9999999971527394,0.999999961396552,0.9999994772395855,0.9999929249126154,0.999904285620087,0.9987075904264116,0.9828997567886673,0.8171859963828461,0.31840852140431974,0.10639414708310058,0.05754833182375378,0.03551722727825459,0.022195385578165295,0.013835008337111059,0.008598776695980435,0.005333821390267272,0.003304452463582485,0.002045614486806813,0.0012657246127175139,0.0007829575501962356,0.0004898558963172784,0.0016596059788954636,0.2469523922187932,0.9833478285201823,0.9972870846509565,0.9983491059815016,0.9989764058958504,0.9993654740151028,0.9996067951222574,0.9997564703529591,0.999849331576242,0.9999069952626369,0.9999428744205732,0.9999652895825225,0.9999793892868244,0.9999883182012657,0.999993919322159,0.9999972230429809,0.9999989153949073,0.9999996316104823,0.9999998862931458,0.9999999667500883,0.9999999905373969,0.5831792975970426,0.5831792975970426,0.5831792975970426,0.5831792975970426,0.5831792975970426,0.5831792975970426,0.5831792975970426,0.5831792975970426,0.5831792975970426,0.5831792975970426,0.5831792975970426,0.5831792975970426,0.5831792975970426,0.5831792975970426,0.5831792975970426,0.5831792975970426,0.5831792975970426,0.5831792975970426,0.5831792975970426,0.5831792975970426,0.5831792975970426,0.5831792975970426,0.5831792975970426,0.5831792975970426,0.5831792975970426,0.5831792975970426,0.5831792975970426,0.5831792975970426,0.5831792975970426,0.5831792975970426
28.092436974789916,0.5831792975970426,0.5831792975970426,0.5831792975970426,0.5831792975970426,0.5831792975970426,0.5831792975970426,0.5831792975970426,0.5831792975970426,0.5831792975970426,0.5831792975970426,0.5831792975970426,0.5831792975970426,0.5831792975970426,0.5831792975970426,0.5831792975970426,0.5831792975970426,0.5831792975970426,0.5831792975970426,0.5831792975970426,0.5831792975970426,0.5831792975970426,0.5831792975970426,0.5831792975970426,0.5831792975970426,0.5831792975970426,0.5831792975970426,0.5831792975970426,0.5831792975970426,0.999999999988712,0.9999999999235881,0.9999999994918106,0.9999999967089599,0.9999999802460333,0.9999999314891185,0.99999994708041,0.999999978456086,0.9999999918306821,0.9999999969672159,0.9999999989197758,0.9999999996501405,0.9999999999078267,0.9999999999845369,0.9999999999984016,0.9999999999996307,0.9999999999987841,0.9999999999844518,0.999999999789196,0.9999999971441473,0.9999999613415256,0.9999994768851991,0.9999929228017806,0.9999042937651951,0.998710105793265,0.9831779343134908,0.8352320293538763,0.4558124652387739,0.2582144633492494,0.1685156302560167,0.11061742457362245,0.07134720309454252,0.04534205117558026,0.028526910724615794,0.017831402009491622,0.011100124012654727,0.006892044941161528,0.004272364948719373,0.0026457846561981344,0.0016391315196258888,0.0014183959043122289,0.08970295765221326,0.9573638683100132,0.9984758946033984,0.9991628748352989,0.9994814906579383,0.9996786216613879,0.99980084658591,0.9998766305363871,0.9999236299355021,0.999952795685084,0.9999709198374152,0.9999822153432655,0.9999892933940763,0.9999937628442133,0.9999965909173384,0.9999983276005426,0.9999992924342612,0.9999997432097607,0.9999999172905861,0.9999999752499782,0.5831792975970426,0.5831792975970426,0.5831792975970426,0.5831792975970426,0.5831792975970426,0.5831792975970426,0.5831792975970426,0.5831792975970426,0.5831792975970426,0.5831792975970426,0.5831792975970426,0.5831792975970426,0.5831792975970426,0.5831792975970426,0.5831792975970426,0.5831792975970426,0.5831792975970426,0.5831792975970426,0.5831792975970426,0.5831792975970426,0.5831792975970426,0.5831792975970426,0.5831792975970426,0.5831792975970426,0.5831792975970426,0.5831792975970426,0.5831792975970426,0.5831792975970426,0.5831792975970426,0.5831792975970426,0.5831792975970426
28.243697478991596,0.5831792975970426,0.5831792975970426,0.5831792975970426,0.5831792975970426,0.5831792975970426,0.5831792975970426,0.5831792975970426,0.5831792975970426,0.5831792975970426,0.5831792975970426,0.5831792975970426,0.5831792975970426,0.5831792975970426,0.5831792975970426,0.5831792975970426,0.5831792975970426,0.5831792975970426,0.5831792975970426,0.5831792975970426,0.5831792975970426,0.5831792975970426,0.5831792975970426,0.5831792975970426,0.5831792975970426,0.5831792975970426,0.5831792975970426,0.5831792975970426,0.5831792975970426,0.5831792975970426,0.5831792975970426,0.5831792975970426,0.5831792975970426,0.5831792975970426,0.9999999724624845,0.9999999838055631,0.9999999936263907,0.999999997592521,0.9999999991098054,0.9999999996861262,0.999999999901754,0.9999999999782326,0.9999999999979897,0.9999999999998772,0.9999999999998981,0.9999999999988457,0.9999999999844015,0.9999999997887882,0.9999999971415859,0.9999999613251824,0.9999994767851603,0.9999929228066018,0.9999043678346639,0.9987188468123848,0.9840576936297967,0.8765081096540673,0.6765643169441763,0.5290863264566023,0.40550258839011616,0.2961652444313922,0.2064064097244402,0.13852554885433208,0.09042726867760334,0.05790708010631584,0.03661133591541479,0.02295641774054506,0.014318675657788564,0.008901422560808711,0.005522716961356354,0.003541744332712013,0.03037521334535435,0.874791117162754,0.9987284388626909,0.9995739281506069,0.9997374072559759,0.9998372570113979,0.9998991484121753,0.9999375164402109,0.9999613056206664,0.9999760617172228,0.9999852234204248,0.9999909232874844,0.9999944837854167,0.9999967231162079,0.9999981411273277,0.9999990309788213,0.9999995565559836,0.9999998264343336,0.9999999409511394,0.5831792975970426,0.5831792975970426,0.5831792975970426,0.5831792975970426,0.5831792975970426,0.5831792975970426,0.5831792975970426,0.5831792975970426,0.5831792975970426,0.5831792975970426,0.5831792975970426,0.5831792975970426,0.5831792975970426,0.5831792975970426,0.5831792975970426,0.5831792975970426,0.5831792975970426,0.5831792975970426,0.5831792975970426,0.5831792975970426,0.5831792975970426,0.5831792975970426,0.5831792975970426,0.5831792975970426,0.5831792975970426,0.5831792975970426,0.5831792975970426,0.5831792975970426,0.5831792975970426,0.5831792975970426,0.5831792975970426,0.5831792975970426
28.394957983193276,0.5831792975970426,0.5831792975970426,0.5831792975970426,0.5831792975970426,0.5831792975970426,0.5831792975970426,0.5831792975970426,0.5831792975970426,0.5831792975970426,0.5831792975970426,0.5831792975970426,0.5831792975970426,0.5831792975970426,0.5831792975970426,0.5831792975970426,0.5831792975970426,0.5831792975970426,0.5831792975970426,0.5831792975970426,0.5831792975970426,0.5831792975970426,0.5831792975970426,0.5831792975970426,0.5831792975970426,0.5831792975970426,0.5831792975970426,0.5831792975970426,0.5831792975970426,0.5831792975970426,0.5831792975970426,0.5831792975970426,0.5831792975970426,0.5831792975970426,0.5831792975970426,0.9999999951279716,0.9999999981170142,0.9999999992908346,0.9999999997390194,0.9999999999094402,0.9999999999741227,0.9999999999964467,0.9999999999998386,0.9999999999999867,0.999999999999914,0.9999999999988461,0.9999999999843823,0.9999999997886667,0.9999999971408275,0.9999999613204871,0.9999994767743335,0.9999929249543438,0.999904631539903,0.9987476654640486,0.9864561902273372,0.9331805156163758,0.8637242969366119,0.7894229127560654,0.6974504889875254,0.5875147188482704,0.4682398673660896,0.352502818170614,0.2518270468374685,0.17225538765996476,0.11399568735606999,0.07368630994732198,0.04687638339280539,0.029510189396499478,0.018453197256386222,0.01152515343245548,0.015645904787928024,0.6775225393407011,0.9976826484371203,0.9997772833032362,0.999867006704727,0.9999175966514281,0.9999489336130573,0.9999683580823825,0.9999803999304655,0.9999878671819243,0.9999925006713131,0.9999953798162383,0.9999971740412495,0.9999982982246658,0.9999990080138029,0.9999994571802734,0.9999997332299,0.9999998868889626,0.9999999588701148,0.5831792975970426,0.5831792975970426,0.5831792975970426,0.5831792975970426,0.5831792975970426,0.5831792975970426,0.5831792975970426,0.5831792975970426,0.5831792975970426,0.5831792975970426,0.5831792975970426,0.5831792975970426,0.5831792975970426,0.5831792975970426,0.5831792975970426,0.5831792975970426,0.5831792975970426,0.5831792975970426,0.5831792975970426,0.5831792975970426,0.5831792975970426,0.5831792975970426,0.5831792975970426,0.5831792975970426,0.5831792975970426,0.5831792975970426,0.5831792975970426,0.5831792975970426,0.5831792975970426,0.5831792975970426,0.5831792975970426,0.5831792975970426
28.546218487394956,0.5831792975970426,0.5831792975970426,0.5831792975970426,0.5831792975970426,0.5831792975970426,0.5831792975970426,0.5831792975970426,0.5831792975970426,0.5831792975970426,0.5831792975970426,0.5831792975970426,0.5831792975970426,0.5831792975970426,0.5831792975970426,0.5831792975970426,0.5831792975970426,0.5831792975970426,0.5831792975970426,0.5831792975970426,0.5831792975970426,0.5831792975970426,0.5831792975970426,0.5831792975970426,0.5831792975970426,0.5831792975970426,0.5831792975970426,0.5831792975970426,0.5831792975970426,0.5831792975970426,0.5831792975970426,0.5831792975970426,0.5831792975970426,0.5831792975970426,0.5831792975970426,0.5831792975970426,0.5831792975970426,0.9999999997912168,0.9999999999236991,0.9999999999745661,0.9999999999945995,0.9999999999996642,0.9999999999999892,0.9999999999999933,0.9999999999999145,0.9999999999988454,0.999999999984376,0.9999999997886312,0.9999999971406076,0.9999999613196577,0.9999994768353632,0.9999929328498842,0.9999055176819501,0.9988363121558099,0.9910268440845322,0.9738344288520493,0.9539474012879179,0.9266712103726908,0.8863716543481637,0.8282359384027077,0.748818069160443,0.6482785869145619,0.5326151391047866,0.41333666798672003,0.3034287238557104,0.2121760841474655,0.14274289590506795,0.09333926180862011,0.059840800884453114,0.03787244590514559,0.026220837129813993,0.3905395820426795,0.9932422610188685,0.999863886532835,0.9999325664445516,0.9999582777872219,0.9999741439292127,0.9999839778342544,0.9999900735958953,0.9999938529148847,0.9999961970772558,0.9999976524542541,0.9999985578565944,0.9999991233820761,0.9999994790219257,0.9999997042126653,0.9999998455804127,0.9999999291899282,0.5831792975970426,0.5831792975970426,0.5831792975970426,0.5831792975970426,0.5831792975970426,0.5831792975970426,0.5831792975970426,0.5831792975970426,0.5831792975970426,0.5831792975970426,0.5831792975970426,0.5831792975970426,0.5831792975970426,0.5831792975970426,0.5831792975970426,0.5831792975970426,0.5831792975970426,0.5831792975970426,0.5831792975970426,0.5831792975970426,0.5831792975970426,0.5831792975970426,0.5831792975970426,0.5831792975970426,0.5831792975970426,0.5831792975970426,0.5831792975970426,0.5831792975970426,0.5831792975970426,0.5831792975970426,0.5831792975970426,0.5831792975970426,0.5831792975970426
28.697478991596636,0.5831792975970426,0.5831792975970426,0.5831792975970426,0.5831792975970426,0.5831792975970426,0.5831792975970426,0.5831792975970426,0.5831792975970426,0.5831792975970426,0.5831792975970426,0.5831792975970426,0.5831792975970426,0.5831792975970426,0.5831792975970426,0.5831792975970426,0.5831792975970426,0.5831792975970426,0.5831792975970426,0.5831792975970426,0.5831792975970426,0.5831792975970426,0.5831792975970426,0.5831792975970426,0.5831792975970426,0.5831792975970426,0.5831792975970426,0.5831792975970426,0.5831792975970426,0.5831792975970426,0.5831792975970426,0.5831792975970426,0.5831792975970426,0.5831792975970426,0.5831792975970426,0.5831792975970426,0.5831792975970426,0.5831792975970426,0.9999999999779172,0.9999999999936159,0.9999999999993274,0.9999999999999772,0.9999999999999989,0.9999999999999936,0.9999999999999147,0.9999999999988449,0.9999999999843746,0.9999999997886208,0.9999999971405594,0.999999961321334,0.9999994770709566,0.99999295963835,0.9999084004268108,0.9990612826994791,0.9958119341447861,0.991448769965745,0.9857927928457576,0.9771323093409482,0.963511497086898,0.9422798331225937,0.9098540492125687,0.8618830325308935,0.7941596837984354,0.7046102482124265,0.5959250268938061,0.4769363094124519,0.3605091484061097,0.258459707766353,0.177288924994495,0.11757109725941337,0.07676472765307064,0.19194413286035147,0.9781818451064975,0.9998527904785018,0.9999655336668061,0.9999788748243915,0.9999869089308181,0.9999918874949922,0.99999497337255,0.9999968863508082,0.999998072578336,0.9999988086251292,0.9999992659725462,0.9999995509655966,0.9999997295126559,0.9999998422323729,0.9999999135700804,0.5831792975970426,0.5831792975970426,0.5831792975970426,0.5831792975970426,0.5831792975970426,0.5831792975970426,0.5831792975970426,0.5831792975970426,0.5831792975970426,0.5831792975970426,0.5831792975970426,0.5831792975970426,0.5831792975970426,0.5831792975970426,0.5831792975970426,0.5831792975970426,0.5831792975970426,0.5831792975970426,0.5831792975970426,0.5831792975970426,0.5831792975970426,0.5831792975970426,0.5831792975970426,0.5831792975970426,0.5831792975970426,0.5831792975970426,0.5831792975970426,0.5831792975970426,0.5831792975970426,0.5831792975970426,0.5831792975970426,0.5831792975970426,0.5831792975970426,0.5831792975970426
28.84873949579832,0.5831792975970426,0.5831792975970426,0.5831792975970426,0.5831792975970426,0.5831792975970426,0.5831792975970426,0.5831792975970426,0.5831792975970426,0.5831792975970426,0.5831792975970426,0.5831792975970426,0.5831792975970426,0.5831792975970426,0.5831792975970426,0.5831792975970426,0.5831792975970426,0.5831792975970426,0.5831792975970426,0.5831792975970426,0.5831792975970426,0.5831792975970426,0.5831792975970426,0.5831792975970426,0.5831792975970426,0.5831792975970426,0.5831792975970426,0.5831792975970426,0.5831792975970426,0.5831792975970426,0.5831792975970426,0.5831792975970426,0.5831792975970426,0.5831792975970426,0.5831792975970426,0.5831792975970426,0.5831792975970426,0.5831792975970426,0.5831792975970426,0.5831792975970426,0.9999999999999485,0.9999999999999986,0.9999999999999997,0.9999999999999934,0.9999999999999146,0.9999999999988448,0.9999999999843738,0.9999999997886183,0.9999999971406024,0.9999999613283428,0.9999994778756524,0.9999930488998472,0.9999169768979523,0.999432637592934,0.9985071635307411,0.99739224948217,0.9957478212778776,0.9931324362920924,0.988937602953802,0.9822285022046837,0.971567871385553,0.9548065413494694,0.9288873118987829,0.8898183474864729,0.8331407902873895,0.7553250400984473,0.6561948800866778,0.5412927687386784,0.4218248741907419,0.31085628009339406,0.21820994528824492,0.1857129049830536,0.93108434359128,0.9996629438560956,0.9999814605276903,0.9999893000472952,0.9999933720435531,0.9999958925447183,0.9999974547600412,0.9999984231189062,0.9999990234856078,0.9999993958642455,0.9999996270510801,0.9999997708685141,0.999999860691968,0.999999917172736,0.5831792975970426,0.5831792975970426,0.5831792975970426,0.5831792975970426,0.5831792975970426,0.5831792975970426,0.5831792975970426,0.5831792975970426,0.5831792975970426,0.5831792975970426,0.5831792975970426,0.5831792975970426,0.5831792975970426,0.5831792975970426,0.5831792975970426,0.5831792975970426,0.5831792975970426,0.5831792975970426,0.5831792975970426,0.5831792975970426,0.5831792975970426,0.5831792975970426,0.5831792975970426,0.5831792975970426,0.5831792975970426,0.5831792975970426,0.5831792975970426,0.5831792975970426,0.5831792975970426,0.5831792975970426,0.5831792975970426,0.5831792975970426,0.5831792975970426,0.5831792975970426,0.5831792975970426
29.0,0.5831792975970426,0.5831792975970426,0.5831792975970426,0.5831792975970426,0.5831792975970426,0.5831792975970426,0.5831792975970426,0.5831792975970426,0.5831792975970426,0.5831792975970426,0.5831792975970426,0.5831792975970426,0.5831792975970426,0.5831792975970426,0.5831792975970426,0.5831792975970426,0.5831792975970426,0.5831792975970426,0.5831792975970426,0.5831792975970426,0.5831792975970426,0.5831792975970426,0.5831792975970426,0.5831792975970426,0.5831792975970426,0.5831792975970426,0.5831792975970426,0.5831792975970426,0.5831792975970426,0.5831792975970426,0.5831792975970426,0.5831792975970426,0.5831792975970426,0.5831792975970426,0.5831792975970426,0.5831792975970426,0.5831792975970426,0.5831792975970426,0.5831792975970426,0.9999999999999966,0.9999999999999999,0.9999999999999997,0.9999999999999939,0.9999999999999145,0.9999999999988449,0.9999999999843739,0.9999999997886192,0.9999999971408103,0.9999999613524503,0.9999994805843051,0.9999933350084944,0.9999369602929288,0.9997574697018958,0.9995303798825462,0.9992222996798483,0.9987390920313731,0.9979614585589808,0.9967068230051521,0.9946843188226078,0.9914304107492902,0.9862122921938438,0.977887670716158,0.9647167014832518,0.9441486570045957,0.9126759799611043,0.8659855564685095,0.7998065831015938,0.7118223495441114,0.6043005514636438,0.4856676086663017,0.3751399253825917,0.5831792975970426,0.9989498189949771,0.9999869595297967,0.9999945676284405,0.9999966442820004,0.9999979203969936,0.9999987112782993,0.9999992014890525,0.9999995053754194,0.9999996938121394,0.9999998107342836,0.9999998833825838,0.5831792975970426,0.5831792975970426,0.5831792975970426,0.5831792975970426,0.5831792975970426,0.5831792975970426,0.5831792975970426,0.5831792975970426,0.5831792975970426,0.5831792975970426,0.5831792975970426,0.5831792975970426,0.5831792975970426,0.5831792975970426,0.5831792975970426,0.5831792975970426,0.5831792975970426,0.5831792975970426,0.5831792975970426,0.5831792975970426,0.5831792975970426,0.5831792975970426,0.5831792975970426,0.5831792975970426,0.5831792975970426,0.5831792975970426,0.5831792975970426,0.5831792975970426,0.5831792975970426,0.5831792975970426,0.5831792975970426,0.5831792975970426,0.5831792975970426,0.5831792975970426,0.5831792975970426,0.5831792975970426,0.5831792975970426
