,20.703125,20.923056722689076,21.14298844537815,21.362920168067227,21.582851890756302,21.802783613445378,22.022715336134453,22.24264705882353,22.462578781512605,22.68251050420168,22.902442226890756,23.12237394957983,23.342305672268907,23.562237394957982,23.782169117647058,24.002100840336134,24.22203256302521,24.441964285714285,24.66189600840336,24.881827731092436,25.10175945378151,25.321691176470587,25.541622899159663,25.761554621848738,25.981486344537814,26.20141806722689,26.421349789915965,26.64128151260504,26.861213235294116,27.08114495798319,27.301076680672267,27.521008403361343,27.74094012605042,27.960871848739494,28.18080357142857,28.400735294117645,28.62066701680672,28.840598739495796,29.06053046218487,29.280462184873947,29.500393907563023,29.7203256302521,29.940257352941174,30.16018907563025,30.380120798319325,30.6000525210084,30.819984243697476,31.039915966386552,31.25984768907563,31.479779411764707,31.699711134453782,31.919642857142858,32.13957457983193,32.35950630252101,32.57943802521008,32.79936974789916,33.01930147058823,33.239233193277315,33.45916491596638,33.679096638655466,33.899028361344534,34.11896008403362,34.338891806722685,34.55882352941177,34.77875525210084,34.99868697478992,35.21861869747899,35.43855042016807,35.65848214285714,35.87841386554622,36.09834558823529,36.31827731092437,36.53820903361344,36.758140756302524,36.97807247899159,37.198004201680675,37.41793592436974,37.637867647058826,37.857799369747895,38.07773109243698,38.297662815126046,38.51759453781513,38.7375262605042,38.95745798319328,39.17738970588235,39.39732142857143,39.6172531512605,39.83718487394958,40.05711659663865,40.27704831932773,40.4969800420168,40.716911764705884,40.93684348739495,41.156775210084035,41.376706932773104,41.596638655462186,41.81657037815126,42.03650210084034,42.25643382352941,42.47636554621849,42.696297268907564,42.91622899159664,43.136160714285715,43.35609243697479,43.576024159663866,43.79595588235294,44.01588760504202,44.23581932773109,44.45575105042017,44.675682773109244,44.89561449579832,45.115546218487395,45.33547794117647,45.55540966386555,45.77534138655462,45.9952731092437,46.21520483193277,46.43513655462185,46.655068277310924,46.875
11.0,1.0,1.0,1.0,1.0,1.0,1.0,1.0,1.0,0.9999999999999999,0.5009242144177449,0.5009242144177449,0.5009242144177449,0.5009242144177449,0.5009242144177449,0.5009242144177449,0.5009242144177449,2.1289155603936156e-10,1.2883562156463437e-09,7.874459026602918e-09,4.867278982090235e-08,3.0540891681599e-07,1.9542151825968585e-06,1.2814720143510872e-05,8.652646703525799e-05,0.0006035133412731148,0.0043351508873876515,0.030825603194863216,0.16946252302573586,0.40166139702486986,0.4821890518520212,0.4938393290898238,0.49631289128559536,0.49837380525844077,0.501172043529543,0.5056725311049662,0.5114545302589372,0.5139118111155211,0.5065527630176668,0.4870100499380951,0.4581760255780087,0.4278048622607369,0.4158999426472041,0.45141192656676465,0.5239004622310489,0.5931590891689592,0.6470920050789634,0.6886708365507496,0.713612275185846,0.7075374285233844,0.6624865305611566,0.5938942008093564,0.539021600710431,0.5127167037016476,0.4842135345679572,0.42214372788231946,0.3195576431087777,0.2050756621358168,0.1341378548422898,0.13149827929735683,0.18055451528517666,0.24030662672964562,0.27135675754541394,0.27179545901061986,0.27353487160071915,0.33161609640765494,0.5086713980832566,0.7470554861645875,0.8955843576895348,0.953254525664254,0.9718172540030131,0.9773189033733998,0.9792632002824231,0.9808009553225969,0.9826435181077662,0.9846459263019686,0.9881096397300286,0.9937924184616093,0.9942812127483942,0.9939127853727712,0.9933773022065765,0.9925506896636049,0.9910713730539248,0.9881033366824474,0.9817756420124749,0.968351149221517,0.9445974786001563,0.9338946673006212,0.9666375059646327,0.9899349685499917,0.9973081087305611,0.9992954998990901,0.9998163787337079,0.9999521896697052,0.9999875671661466,0.9999967818849829,0.9999991818643884,0.9999998052324433,0.9999999620740952,0.9999999950366689,0.9999999995620443,0.9999999999682584,0.9999999999978418,0.9999999999996945,0.5009242144177449,0.5009242144177449,0.5009242144177449,0.5009242144177449,0.5009242144177449,0.5009242144177449,0.5009242144177449,2.3345094669571712e-15,8.715340498858951e-19,3.254053561459358e-22,1.6016391916842984e-25,3.874129980946776e-26,3.8695969539061745e-26,3.869595261607468e-26,3.8695952609756886e-26,3.869595260975453e-26,3.8695952609754533e-26
11.15126050420168,1.0,1.0,1.0,1.0,1.0,1.0,1.0,1.0,0.9999999999999999,0.9999999999997299,0.5009242144177449,0.5009242144177449,0.5009242144177449,0.5009242144177449,0.5009242144177449,0.5009242144177449,1.6105846508002698e-10,9.637460846201842e-10,5.819881575916971e-09,3.537759316043834e-08,2.1699786525709034e-07,1.3472848898961477e-06,8.500268263330415e-06,5.474356651020674e-05,0.00036150594282681724,0.0024521921658766056,0.01679049389668221,0.10091091751194665,0.3187331788064234,0.43784146587028927,0.45466429480641013,0.4556193351637593,0.4581460675203735,0.46479437422290115,0.4763535476786972,0.490594555816761,0.49920968324818465,0.4932113162921219,0.4715525136948146,0.43969199321389557,0.4069626842332756,0.39165894242596727,0.4152548792516063,0.46847845226529583,0.5209476824228166,0.5610207327767214,0.590195585539689,0.6084112012719616,0.6105060298503882,0.593108544773564,0.5650072367921058,0.5452781457627408,0.5333699681136582,0.502463915534031,0.433899725872591,0.3309142245110183,0.22423524060712427,0.15786538311174048,0.15141358971611832,0.1949497546915218,0.2557553244618398,0.2977770352010178,0.3151712400209167,0.3372573320300535,0.4103405446020876,0.5593770238398699,0.7388707275018638,0.8692664664255538,0.931788313327392,0.9546153015386073,0.9620511863660268,0.9653696012267734,0.9683943734877201,0.9716638418825274,0.9746321963891244,0.9781320369333764,0.9848872971693645,0.9855644054077233,0.9846334569444939,0.9833037997139563,0.9812583700673112,0.9776205402493615,0.9704203002627357,0.9555529450021573,0.9265641307444638,0.8875120943853617,0.8960651438398085,0.9551915596959908,0.9867786256388987,0.9964591126658233,0.9990720127276074,0.9997580434525268,0.9999370327497163,0.9999836668182854,0.9999958135331486,0.999998973681138,0.9999997827894477,0.9999999673997726,0.9999999968107803,0.9999999997591861,0.999999999983431,0.9999999999988897,0.9999999999997846,0.5009242144177449,0.5009242144177449,0.5009242144177449,0.5009242144177449,0.5009242144177449,0.5009242144177449,7.138173297559458e-12,2.6648684895874815e-15,9.948663445606077e-19,3.7198219347025354e-22,7.1118566569341705e-25,5.7258039377231e-25,5.725286487639184e-25,5.725286294461403e-25,5.725286294389284e-25,5.725286294389256e-25,5.725286294389257e-25
11.302521008403362,1.0,1.0,1.0,1.0,1.0,1.0,1.0,1.0,1.0,0.9999999999998619,0.9999999995302724,0.5009242144177449,0.5009242144177449,0.5009242144177449,0.5009242144177449,4.6887216596208984e-09,1.243466324864329e-10,7.35560390799732e-10,4.412615684984216e-09,2.6576849769294777e-08,1.6093886555974385e-07,9.817595634213206e-07,6.0483726685349775e-06,3.775360138207944e-05,0.00023965541559501234,0.0015515845852382465,0.010170603996305691,0.062380379974630765,0.2438604056478092,0.39840703995516663,0.4228126690643552,0.4185482137672246,0.41621352868909484,0.42099593546692016,0.43517980048658433,0.45739423937642176,0.4760839662825176,0.4762767107217547,0.4560879440321003,0.42419447790638903,0.39192115233451846,0.3743262520147294,0.3854156063615693,0.4189732094091898,0.4537725784286823,0.4785190309958638,0.49299282951162865,0.5015841790263894,0.5102162393418983,0.5211159269462736,0.5353048165107053,0.5518163738387333,0.5540373009222432,0.5212412455723487,0.44942672263523187,0.3509826238136847,0.2543448401328105,0.1920047102249835,0.18073846831598478,0.21646076233153863,0.2739892227144075,0.3234334330531281,0.35847179110466454,0.4017925163666238,0.4793628994324951,0.5907594718472212,0.7195045945707806,0.8331802139995015,0.9000880218477875,0.9275997468116255,0.9376962996803281,0.943350692641385,0.9487675067589568,0.9539645437969916,0.9578491270855125,0.9604785098631426,0.9648569254674028,0.9646012881683768,0.9623198132796237,0.9591923740464474,0.9544278208157347,0.9460840605899289,0.930094854203724,0.8993787585826567,0.8489608191230777,0.8080621761726632,0.8558283989402068,0.9416758579714095,0.9827105889249159,0.9953409512256226,0.9987761819983056,0.9996808154937451,0.999917058619644,0.9999786241067553,0.9999946534592443,0.999998794989906,0.9999997946358228,0.9999999772974861,0.9999999981850372,0.9999999998728853,0.9999999999914407,0.9999999999994298,0.999999999999838,0.9999999996677742,0.5009242144177449,0.5009242144177449,0.5009242144177449,0.5009242144177449,0.5009242144177449,8.148304014682931e-12,3.041977033511166e-15,1.1356588243816344e-18,4.324391543488142e-22,8.629165282297306e-24,8.470945821127674e-24,8.470886753624443e-24,8.470886731572985e-24,8.470886731564752e-24,8.47088673156475e-24,8.47088673156475e-24
11.453781512605042,1.0,1.0,1.0,1.0,1.0,1.0,1.0,1.0,1.0,0.9999999999999295,0.999999999759929,0.5009242144177449,0.5009242144177449,0.5009242144177449,0.5009242144177449,9.149826422355261e-09,9.851355684144653e-11,5.714737589814227e-10,3.414922770302492e-09,2.0460798346674275e-08,1.2302335972310478e-07,7.431451611050767e-07,4.51699712126584e-06,2.768193503792897e-05,0.00017147576526272107,0.0010761107590130518,0.006817553656459277,0.0415881570581168,0.1861164443772706,0.36669284365376453,0.4042885718165688,0.3934705519683023,0.3825260002155543,0.38049818954825737,0.3916823920011982,0.41767162369086064,0.4470073565975387,0.45787772242667973,0.4442074732831175,0.41681454800633955,0.38797710623680154,0.3682524200172436,0.36654452439182605,0.38187715547098044,0.401593461968929,0.4150097549637636,0.419949111355766,0.42340064844358216,0.43904521694405524,0.4725112621586339,0.5184222337905813,0.561720130269833,0.5749649545584421,0.5425197605332173,0.47204162773491953,0.3816344868133276,0.2952923427730357,0.23672749425914258,0.2211582153967381,0.24833732604341383,0.2989182711891061,0.3504615758301899,0.39900496061586244,0.4571803814986174,0.5283721533486587,0.6054916264816995,0.6949399581413762,0.78964279837863,0.8563565141400586,0.8872970505677077,0.9005441613007191,0.9096045728748285,0.9182280093992666,0.9254542630827866,0.9296604014743557,0.9301621301655467,0.925064267864836,0.918841412226849,0.9135964808216519,0.9070924875278203,0.8974331809908628,0.8810924879711935,0.8518392666312382,0.8030126511706972,0.7434804321666115,0.7290386504220596,0.8173820644680176,0.925671253842606,0.977454500166473,0.9938619294799809,0.9983826681774437,0.9995782402969141,0.9998908476021194,0.9999723242585726,0.9999934715155638,0.9999987586079021,0.9999998429567275,0.9999999864457181,0.9999999990256631,0.9999999999339235,0.9999999999955892,0.9999999999997066,0.9999999999998718,0.9999999997089462,0.5009242144177449,0.5009242144177449,0.5009242144177449,0.5009242144177449,2.4914871860065876e-08,9.3013796337945e-12,3.4724507581948746e-15,1.2964828538150758e-18,6.092960855386016e-22,1.2551226423187052e-22,1.2533165495526659e-22,1.2533158752905396e-22,1.2533158750388197e-22,1.2533158750387257e-22,1.2533158750387255e-22,1.2533158750387257e-22
11.605042016806722,1.0,1.0,1.0,1.0,1.0,1.0,1.0,1.0,1.0,0.9999999999999638,0.9999999998773033,0.9999995825203148,0.5009242144177449,0.5009242144177449,0.5009242144177449,1.78840698962336e-08,8.145445625458038e-11,4.532729666872703e-10,2.700731087424983e-09,1.6125414014294442e-08,9.653379670869932e-08,5.798251524164712e-07,3.4976600021502797e-06,2.1216183008490362e-05,0.00012961395520402273,0.0007986698878454444,0.004952487442035722,0.02995594967053943,0.14550554580649772,0.3418694157802106,0.4003028474336945,0.3849936519844908,0.36449859806720786,0.3532845196716276,0.35767218731925143,0.382500899928762,0.41937213045360033,0.4424981945350719,0.4396372970590755,0.42069733859160885,0.3967324991424611,0.374286148756229,0.36095071784206656,0.36229256559363365,0.37310793701163303,0.3833804826416501,0.38854179686959656,0.39460866961758573,0.41684694852150556,0.4622326451149421,0.5225140807688553,0.5769389804528123,0.5957341304361319,0.566553068163776,0.5018221678007526,0.42098048658225123,0.3439700322174973,0.28926835920639593,0.27096820115503145,0.29027378648086927,0.3315884804420569,0.37946303288954886,0.4332895517431213,0.49605424890467104,0.5562168980316012,0.6090292007285181,0.6700952596013678,0.7428079856818167,0.801119700159194,0.8314616561503702,0.8471772184212216,0.8599807634497835,0.8717405199104301,0.8801162755704677,0.8834863897974308,0.8819689191562479,0.8627812040652899,0.837893723982945,0.8267033352115657,0.8159484848522537,0.8009934631257787,0.7772536991115381,0.7393265773788819,0.6882390248021192,0.6481491796319755,0.6703550773242388,0.7820206374996408,0.9067419870312498,0.9706413212367091,0.9918910869740473,0.997855138095085,0.9994415482894891,0.9998569937899264,0.9999651631501649,0.9999927636064806,0.9999989493762189,0.9999999000000678,0.9999999925372376,0.9999999994884708,0.9999999999657634,0.9999999999977228,0.9999999999998487,0.9999999999998948,0.9999999997450232,0.9999993170099173,0.5009242144177449,0.5009242144177449,0.5009242144177449,2.844060295422069e-08,1.0617628363623941e-11,3.963842910314718e-15,1.4816608974877331e-18,2.4068029899083645e-21,1.854558371259209e-21,1.8543522037589597e-21,1.8543521267911876e-21,1.8543521267624533e-21,1.8543521267624423e-21,1.8543521267624427e-21,1.8543521267624427e-21
11.756302521008404,1.0,1.0,1.0,1.0,1.0,1.0,1.0,1.0,1.0,0.9999999999999816,0.9999999999372915,0.9999997866321649,0.5009242144177449,0.5009242144177449,0.5009242144177449,3.497775616154084e-08,7.263135966215715e-11,3.6980168765627016e-10,2.196681937291403e-09,1.3073877242461149e-08,7.7991080204123e-08,4.6655817955039e-07,2.8007156534388622e-06,1.6884953482004102e-05,0.00010234122619791595,0.0006242018021317578,0.0038243018912913545,0.023014842024677993,0.11771397066582726,0.3213241275400175,0.40693131532560073,0.3917953051602517,0.36348739897809274,0.3433519084149467,0.3396771729285673,0.35985480881802395,0.39949918473774737,0.43277273587492965,0.44204075091688677,0.4333178903933583,0.41457587491916653,0.38989875494741805,0.36851592918593634,0.3624706721257827,0.37202811402152675,0.38712172740485856,0.4001000204612295,0.41286965419419436,0.43815306399283216,0.484514992475428,0.5442008967143435,0.5960592906184619,0.6144114388657403,0.5901066743336557,0.5341454010820151,0.4632860197081983,0.3943772359204904,0.3434917494092876,0.323862169792072,0.33642059699982524,0.36776243517234514,0.40785948552816437,0.4588674618150578,0.518162549492089,0.5681203844236826,0.6059472264691882,0.6473812662810593,0.6973161610956484,0.7385718989099538,0.7614161928122664,0.7762968535758114,0.7908952170819982,0.8037188764917251,0.8112127229395928,0.8139630876258104,0.8187672733861106,0.8016292894304531,0.7414026302454969,0.7171615392048429,0.7035727169889299,0.6878505785489081,0.6651186586108306,0.6334884272974463,0.6005174462115757,0.5896436353632951,0.6333306959905705,0.7494203546488881,0.8844203207014883,0.9617513382423927,0.9892321473469547,0.9971397999697565,0.9992594297185664,0.9998153558288261,0.9999589580906171,0.9999932132884896,0.9999992733248964,0.9999999428456416,0.9999999960198663,0.9999999997325473,0.999999999982197,0.999999999998818,0.9999999999999216,0.9999999999999114,0.9999999997766309,0.9999994016778128,0.5009242144177449,0.5009242144177449,8.695458538344534e-05,3.2465264551929135e-08,1.2120140999205244e-11,4.524796134484449e-15,1.7166518426691312e-18,2.806682329785775e-20,2.743642991665433e-20,2.743619457415647e-20,2.74361944862969e-20,2.7436194486264096e-20,2.7436194486264084e-20,2.7436194486264084e-20,2.7436194486264084e-20
11.907563025210084,1.0,1.0,1.0,1.0,1.0,1.0,1.0,1.0,1.0,0.9999999999999906,0.9999999999679506,0.9999998909507932,0.5009242144177449,0.5009242144177449,0.5009242144177449,6.842658395263897e-08,7.324999905066056e-11,3.139127499911254e-10,1.8573990498176804e-09,1.10120302332296e-08,6.543795941920466e-08,3.8991519776149996e-07,2.3308394508455082e-06,1.3987429452527437e-05,8.433092396861825e-05,0.000511153180526121,0.0031103390128516275,0.01867593380817412,0.09881634160156545,0.30369034602982004,0.41866699717841155,0.40865269597075304,0.3754655443790265,0.34805892659544896,0.3364586499938934,0.3497429251937806,0.387416260338903,0.42660476254329255,0.4465549838243672,0.4481073557939614,0.4353998565000256,0.4112758783685308,0.3876273778085785,0.38140190554723197,0.3956282036722658,0.4192031276685058,0.4414466943135905,0.45992757351907293,0.4843114812869599,0.5248369287050864,0.5751983723082602,0.6159028025808067,0.6284695093140777,0.6081225095442497,0.5618191755169458,0.5008489513785334,0.4389810150281439,0.3914190482237789,0.37101393659007564,0.37795958531057033,0.4004335413371702,0.4319989784726856,0.47617423555249333,0.5284297078724914,0.5702213225341008,0.5987350978863282,0.6266194887989804,0.6561014671198314,0.675620886716665,0.6835202677639096,0.6910563209152079,0.7020572699378985,0.711736819592793,0.7175462549247721,0.7286484693320198,0.7665862670188918,0.7860348585504225,0.6844833908269354,0.6301724161069389,0.6135622175865214,0.6019208724121594,0.5873955795380161,0.5695536046885528,0.5558299310816449,0.5623135794402555,0.6101044782462924,0.7186004105124622,0.8580815938556255,0.9500011928336424,0.9855742437191244,0.9961554059105714,0.9990203211430861,0.9997708416099783,0.999957517003595,0.9999948084799876,0.9999995615943661,0.9999999687525094,0.9999999978877336,0.99999999985924,0.9999999999906541,0.99999999999938,0.9999999999999589,0.9999999999999243,0.9999999998043212,0.9999994758503394,0.5009242144177449,0.5009242144177449,9.925840481603318e-05,3.7059460684645557e-08,1.383527626596237e-11,5.165479783384227e-15,2.334192574647205e-18,4.0665397317127924e-19,4.059343721048572e-19,4.0593410345875027e-19,4.0593410335845738e-19,4.059341033584199e-19,4.059341033584199e-19,4.0593410335841987e-19,4.059341033584199e-19
12.058823529411764,1.0,1.0,1.0,1.0,1.0,1.0,1.0,1.0,1.0,0.9999999999999951,0.99999999998362,0.9999999442665345,0.9998104009491601,0.5009242144177449,0.00045528029185284746,1.3387533671962005e-07,8.717429175776114e-11,2.810750395454428e-10,1.6546355619656372e-09,9.761523813920907e-09,5.772843787848271e-08,3.423645973404269e-07,2.0371491452900324e-06,1.2168775719793458e-05,7.30234960587882e-05,0.00044048250372634255,0.0026677659772367497,0.015996460474703027,0.08650020339800694,0.28992553391516745,0.4322578349282956,0.4306831404178345,0.3952366770726726,0.36226469762068136,0.3431269045340241,0.3478062211020213,0.37933607666727165,0.4197677422753973,0.44762878298138337,0.45878403859750166,0.4537602592893584,0.43480316036931244,0.41565104689850807,0.41504932754296203,0.43602945093879025,0.46628295449545887,0.49372480522845597,0.5144048891642723,0.5365758595511658,0.5702227439470577,0.6085507154254537,0.6340110310890821,0.6364586859853238,0.6168181363202069,0.5785907109404751,0.5266799897480806,0.47111492566612123,0.4266129347223358,0.4060679161294936,0.40918206034475274,0.42554768359337974,0.45073212026778564,0.4880710718366023,0.5325134947829685,0.5668631596944551,0.5880526470055816,0.605734437850688,0.6189480284334654,0.6182501481212664,0.6074772715181662,0.6005872132234482,0.6011484849498897,0.6049504535483424,0.6169138265416446,0.6628693623959642,0.7622244898031263,0.8220608190903265,0.6978789356652088,0.5919923761113358,0.5655378316124527,0.5575762525136133,0.5508359356398594,0.5431517730663065,0.5393695452005038,0.5505271105644666,0.5928843036912679,0.6879728263191746,0.8266785003509514,0.9341304169375823,0.9804008615742731,0.9947827625949964,0.9987243070750607,0.9997397567086703,0.9999634958235846,0.9999966205269707,0.9999997509135292,0.9999999830123438,0.9999999988661278,0.9999999999247388,0.9999999999950112,0.9999999999996694,0.999999999999978,0.9999999999999346,0.9999999998285789,0.9999995408280927,0.9987715626175752,0.5009242144177449,0.0001133029822880814,4.230378674944333e-08,1.5793127449108237e-11,5.901995339065821e-15,8.207154483871064e-18,6.006847697354546e-18,6.006026264638144e-18,6.006025957974783e-18,6.006025957860291e-18,6.0060259578602475e-18,6.006025957860247e-18,6.0060259578602475e-18,6.0060259578602475e-18
12.210084033613445,1.0,1.0,1.0,1.0,1.0,1.0,1.0,1.0,1.0,0.9999999999999976,0.9999999999916284,0.999999971515436,0.9999030897009761,0.5009242144177449,0.0008904227106760143,2.6193506372290335e-07,1.2298400852548854e-10,2.687070497959913e-10,1.5723140158472595e-09,9.221711565814006e-09,5.422635533058384e-08,3.1982885825914254e-07,1.8930077831334758e-06,1.1250685497497503e-05,6.719017262367967e-05,0.00040346391489954155,0.002433774162374603,0.014568915065342516,0.07974100506797488,0.2825869352101162,0.4477789608784212,0.45585312810968187,0.4200170865042465,0.3827646288484286,0.35629915873058843,0.3508788488485469,0.37259936702533675,0.4095801812243961,0.44185914020562705,0.4614269194827729,0.4659147532179616,0.4571119020382412,0.4484380341807235,0.45647642910723496,0.482278509382023,0.5135198675435536,0.539600938672621,0.5589812555537195,0.5805906979284117,0.6112448851473072,0.6398121713418808,0.6496376512375457,0.6388844748869908,0.6152767803230159,0.581332935874175,0.5366781259853741,0.4873536709558921,0.44719929053454066,0.42865299958151626,0.43073510343462657,0.444298363075219,0.4659500227330055,0.49777325988419296,0.5341230786067931,0.5599675571855898,0.5730828410739409,0.5816526881274028,0.5830257405022482,0.5684450643162119,0.5421254321173428,0.5191447499249224,0.5077291691542861,0.5119482515541591,0.5517761331926336,0.6588436308614568,0.8029268397591752,0.8725597774949239,0.76047191639838,0.5978892513292765,0.548644899451448,0.5404645536186953,0.5380734236251515,0.5349743952066534,0.5335289462805123,0.5423299801594336,0.5754785707119549,0.655006103080233,0.7883473663223185,0.912036530785176,0.9728396844553969,0.9928768004442202,0.9984176533585484,0.999745870965514,0.999973666810128,0.9999979650228463,0.9999998593753523,0.9999999905911534,0.999999999375782,0.9999999999586746,0.9999999999972655,0.999999999999819,0.999999999999988,0.999999999999943,0.9999999998498297,0.9999995977507613,0.9989236859075568,0.5009242144177449,0.00012933454203831288,4.829024345801578e-08,1.802811289170007e-11,6.819200083477578e-15,9.137518335917929e-17,8.886350835140933e-17,8.886257067395711e-17,8.886257032386953e-17,8.886257032373857e-17,8.88625703237385e-17,8.88625703237385e-17,8.88625703237385e-17,8.88625703237385e-17
12.361344537815127,1.0,1.0,1.0,1.0,1.0,1.0,1.0,1.0,1.0,0.9999999999999988,0.9999999999957214,0.9999999854419537,0.9999504682096408,0.5009242144177449,0.0017407361176845653,5.125000141045421e-07,1.9813817741591737e-10,2.758709290795166e-10,1.6043290312002213e-09,9.353389310072096e-09,5.468097089215182e-08,3.207030789895489e-07,1.8880768975576987e-06,1.1165677762966846e-05,6.638135213125074e-05,0.0003970243770083893,0.002387099205520918,0.014262554533097457,0.07837680567079301,0.28474555459918194,0.46723879025329007,0.4845474271533008,0.4500273373185509,0.40980853102662096,0.3762749239608929,0.35946336866769524,0.367985720212782,0.39650103402310594,0.42867332430003313,0.4544704997880767,0.46949639131808024,0.4744948707780433,0.47970017816214405,0.4961694231162296,0.522385871960866,0.5481905086287646,0.5674954496716034,0.5839206239986992,0.6082362245775982,0.6421352298049743,0.6665460649846359,0.6634220794748161,0.637913518261686,0.6052709406648222,0.5704519315626789,0.5306038798338097,0.4884936564641136,0.45606749503398974,0.4433222342329308,0.44754728062920507,0.4607592845378007,0.48035378908397347,0.5068348539844941,0.5337775076465325,0.5487024269375059,0.5518180200183312,0.5516428721392683,0.5453968727842177,0.5250846766033315,0.49275219491677186,0.46229240017533474,0.44913709877445884,0.4709664176111806,0.5581590365911616,0.7128280888575028,0.8538113056556492,0.9101301885884993,0.8305137004377664,0.6358050764445675,0.5475454298674552,0.5332814197199037,0.5318793488622683,0.5293587925609318,0.5259946231118727,0.5293561596760882,0.5523276866874597,0.6160298483308468,0.7400716045086232,0.8802879107500466,0.9614992846273768,0.990386134320744,0.998231382880199,0.9997908991033577,0.9999827539863588,0.9999987847487165,0.9999999183872923,0.999999994588899,0.9999999996423871,0.9999999999763836,0.9999999999984405,0.9999999999998972,0.9999999999999933,0.9999999999999504,0.9999999998684461,0.9999996476168622,0.9990569888466003,0.5009242144177449,0.00014763411895783325,5.512385225736945e-08,2.058050556274365e-11,8.99752881710179e-15,1.3176404594496328e-15,1.314773344569138e-15,1.3147722741047918e-15,1.3147722737042311e-15,1.3147722737040726e-15,1.3147722737040724e-15,1.3147722737040722e-15,1.3147722737040724e-15,1.3147722737040724e-15
12.512605042016807,1.0,1.0,1.0,1.0,1.0,1.0,1.0,1.0,1.0,0.9999999999999994,0.9999999999978133,0.9999999925595944,0.9999746844097183,0.5009242144177449,0.0034002968238285194,1.0027603391181414e-06,3.471957674528969e-10,3.031891799617171e-10,1.7539338288336146e-09,1.0174258245586888e-08,5.919214176984847e-08,3.455776598499436e-07,2.0260344664739764e-06,1.1937821617777809e-05,7.076075998590886e-05,0.00042230509899604247,0.002535802699986533,0.01513653081970518,0.0829183982369671,0.2990591071047439,0.4921910319684525,0.5173575785074267,0.48658903366112827,0.4456595609174129,0.4060338846176897,0.3770324646219259,0.36933191444806107,0.38411221059555783,0.41035686892866435,0.43843217613651314,0.46305938153078674,0.4827257356892361,0.5016869526536559,0.5239779572165699,0.5463915268561186,0.5630532109288906,0.5741229631964271,0.5886526065149471,0.6188466751402315,0.6611664332963266,0.6875139723313326,0.6759420732193455,0.6359099625095216,0.5901097057371012,0.549358803356908,0.5119332724836588,0.47860690081980467,0.45810216916151797,0.4553838424035267,0.4644580004956308,0.47815243370702104,0.4947492179753791,0.513609744915654,0.5281983059330102,0.529659996093669,0.5222469272061804,0.5153927166736628,0.5061494098433091,0.4878249827483424,0.4619771866068145,0.44124349673545493,0.44531875623952083,0.4999128610570762,0.6265151759851804,0.7843422756969719,0.8919601970551615,0.9286038962434943,0.8777014361963578,0.6895997755919815,0.5500865140802778,0.5213442725637019,0.5180930764889223,0.514015585821559,0.5072008469484929,0.5046242973285422,0.5180466440902454,0.5666927191110425,0.677942133246717,0.8339095786724033,0.9446386600038934,0.9877111706723483,0.9982969156745897,0.9998465471378244,0.9999888692606752,0.9999992479907338,0.9999999501664727,0.9999999967138157,0.9999999997835461,0.9999999999857454,0.9999999999990614,0.9999999999999382,0.9999999999999959,0.999999999999957,0.9999999998847544,0.999999691301168,0.9991737957182429,0.3110499082170034,0.00016852248275364153,6.292451715727156e-08,2.3510836871092322e-11,2.8222792366145047e-14,1.9456078036935413e-14,1.9452804868390036e-14,1.9452803643273967e-14,1.945280364278564e-14,1.9452803642785154e-14,1.945280364278515e-14,1.945280364278515e-14,1.9452803642785154e-14,1.945280364278515e-14
12.663865546218487,1.0,1.0,1.0,1.0,1.0,1.0,1.0,1.0,1.0,0.9999999999999997,0.9999999999988824,0.9999999961973169,0.9999870614100804,0.5009242144177449,0.006631517773646664,1.962011897006895e-06,6.379404146217858e-10,3.5295053571666025e-10,2.0343976979967075e-09,1.1763281913519352e-08,6.823954293835791e-08,3.9743493527663724e-07,2.3258899659185335e-06,1.3691375508518448e-05,8.116028122938426e-05,0.0004849878249691295,0.0029189683003197887,0.017446391854811158,0.09455738022737421,0.32684584581672416,0.5217655886077084,0.55293743193927,0.5293335784683195,0.4914329048559152,0.44810294342472845,0.40720567939941377,0.3812574881805157,0.37770603896145594,0.39153321598003094,0.41579892251420475,0.4461402407283358,0.4780108624049371,0.5078870481037115,0.5331405806286437,0.5503810699490853,0.5588781523145379,0.564565844343595,0.5799800180565369,0.6173724329356902,0.6694652189883171,0.7012840399226302,0.6857590401016825,0.6333668645736579,0.5730018000307607,0.5233934877327682,0.486680255599214,0.46270582476806826,0.456422120956202,0.4665501597624392,0.48221843665164954,0.4957196675716776,0.5061925767240697,0.5131411554361426,0.5119569097047931,0.49956963412021127,0.48493271676445704,0.4765488906913514,0.46980800215415774,0.4599680372457486,0.4517267440435468,0.45811735241821544,0.49504007249228427,0.5813614050522861,0.7166316203827284,0.8428703673682311,0.9116707187978915,0.9298705486252457,0.8934815574597642,0.7324297019161486,0.5417203944683721,0.4877691275796285,0.48145817634121557,0.4768703258049805,0.4685045757705896,0.4622296429158549,0.4683344760135245,0.5035571603835314,0.5988711979471034,0.7677288590808151,0.9217191171429061,0.9859635513748949,0.9985589485885945,0.9998907627779762,0.9999925459771533,0.9999995059859131,0.9999999675012151,0.9999999978657821,0.9999999998598881,0.9999999999908014,0.9999999999993959,0.9999999999999604,0.9999999999999973,0.9999999999999623,0.9999999998990411,0.999999729570045,0.9992761448387847,0.3400969679223188,0.00019236583250499369,7.182939530453224e-08,2.7103657026815024e-11,2.978274764905146e-13,2.878190434658097e-13,2.878152963161664e-13,2.8781529481199423e-13,2.8781529481039984e-13,2.8781529481038914e-13,2.8781529481038904e-13,2.8781529481038904e-13,2.878152948103891e-13,2.878152948103891e-13
12.815126050420169,1.0,1.0,1.0,1.0,1.0,1.0,1.0,1.0,1.0,0.9999999999999998,0.9999999999994288,0.9999999980565041,0.9999933872331552,0.5009242144177449,0.012893565461085305,3.838896629469278e-06,1.2029485818218694e-09,4.2944335937239893e-10,2.4711817804861248e-09,1.4275602366193905e-08,8.278683247652565e-08,4.823879832673547e-07,2.8272906871755724e-06,1.6689270064918683e-05,9.936089098133478e-05,0.000597346265732351,0.0036212981237016104,0.021731338394609168,0.11528708401493794,0.3671682017899463,0.5526972165387317,0.5879375449033004,0.5747798613317155,0.5442764813906273,0.5009419910540266,0.4501060194199002,0.40588345962660444,0.3815081056177636,0.3773861325630175,0.390562085818044,0.41998389292265836,0.4590727460723507,0.4964554163177473,0.5238554672417427,0.5384815243376617,0.5437934557204455,0.5490898906925187,0.5674988147200107,0.6100802168787836,0.6683956998342999,0.7050509063442819,0.6886283630810309,0.6278719929286943,0.5555929476067477,0.4978035475568037,0.46082634494359215,0.4442117776972375,0.4503587767817804,0.4731333748352642,0.49587725183834486,0.5079522633089308,0.5089514246270822,0.5005560683220301,0.48287379314162543,0.4601092372822348,0.4446728719024973,0.44177988223039555,0.4438123875072142,0.447772936598495,0.4632869552072947,0.5050377008750587,0.5777151202451429,0.6803718155452019,0.7953357923167785,0.8782708757463662,0.913725322738912,0.9160432772030211,0.8813409997235183,0.7385309184530359,0.5036706357753479,0.414620443398727,0.4074027451820668,0.4080677198596412,0.40419855915039804,0.3994071549593812,0.4021944918686662,0.4266974397013835,0.5039800685936578,0.6811609789304197,0.896918775416506,0.9860080621378488,0.9988512048243243,0.9999202411054209,0.9999947058073442,0.9999996524917242,0.99999997724834,0.9999999985111051,0.9999999999025608,0.9999999999936222,0.9999999999995827,0.9999999999999727,0.9999999999999983,0.999999999999967,0.999999999911557,0.9999997630950388,0.9993658242431416,0.37039892929420687,0.00021958307961942447,8.19991818678334e-08,3.487326178705159e-11,4.269857327254891e-12,4.258395640610517e-12,4.25839100370022e-12,4.258390998457755e-12,4.258390998421345e-12,4.258390998420993e-12,4.258390998420989e-12,4.25839099842099e-12,4.25839099842099e-12,4.25839099842099e-12
12.966386554621849,0.9999999999999989,0.9999999999999989,0.999999999999999,0.9999999999999989,0.9999999999999989,0.9999999999999988,0.999999999999999,0.9999999999999989,0.9999999999999989,0.9999999999999988,0.9999999999997069,0.9999999990067063,0.9999966203001729,0.9886311555280652,0.5009242144177449,7.511225154803826e-06,2.3013612050011732e-09,5.396579697434088e-10,3.1066513040715176e-09,1.7975609818291805e-08,1.0451757370379578e-07,6.113874009773365e-07,3.603013789718291e-06,2.1425404793498165e-05,0.0001287792463055148,0.0007833544524911135,0.004809927556460138,0.02902660909980373,0.14803969436781372,0.41659359487981,0.5817303651460637,0.6192762847856181,0.6177378799361036,0.5972472482373117,0.5573075493652481,0.49998861166588165,0.44027695544359324,0.3958259655305674,0.37099067771752037,0.36698609881070066,0.38830473668115767,0.4291043685242057,0.4718361634054303,0.5032794393389476,0.5206613513161696,0.5292754670032284,0.5385071381449793,0.5594358103247689,0.6015321538797819,0.6583033869520301,0.6952617688532778,0.6792133770283173,0.6155921453865738,0.5377609484923658,0.4754106827899818,0.43745665156094715,0.42398266929768597,0.43714608837056346,0.4690911481411772,0.4981347641685257,0.5084761702783231,0.4993504339741208,0.47647389670310236,0.44627813402461997,0.418995203419366,0.40874025177471884,0.4180269011450115,0.4353193015179771,0.45673209787296243,0.49508219696830685,0.567357379327006,0.6665622464641511,0.7679059551008256,0.8485225442850711,0.8907281721510731,0.8995986646836371,0.8876662208515729,0.8460794724846807,0.7015715804290523,0.42933134669080264,0.3036761069350432,0.29791040916761186,0.30996011434332593,0.31734178274786035,0.32004553424364185,0.32437464387098675,0.3419191387288193,0.4016154129860921,0.5848181970945698,0.8793575635273719,0.9873500637962708,0.9990855972381835,0.9999390389319229,0.9999960062061112,0.9999997393023021,0.9999999829915531,0.9999999988901845,0.9999999999275675,0.9999999999952716,0.9999999999996912,0.9999999999999798,0.9999999999999984,0.9999999999999712,0.9999999999225219,0.9999997924658218,0.9994444078206496,0.4017633733438875,0.00025066277994519677,9.368203517440914e-08,9.808343368561346e-11,6.301964291329177e-11,6.30053344316172e-11,6.300531715072277e-11,6.300531702713361e-11,6.300531702593812e-11,6.30053170259264e-11,6.300531702592627e-11,6.300531702592629e-11,6.300531702592627e-11,6.300531702592629e-11
13.117647058823529,0.999999999999978,0.999999999999978,0.9999999999999779,0.999999999999978,0.999999999999978,0.999999999999978,0.9999999999999779,0.9999999999999779,0.999999999999978,0.999999999999978,0.9999999999998288,0.9999999994923207,0.9999982726817274,0.9941570717460939,0.5009242144177449,1.4696496605409037e-05,4.439752612212409e-09,6.947441420260238e-10,4.0101746752827575e-09,2.330974945092785e-08,1.3636680887440978e-07,8.041434046248569e-07,4.788155088639642e-06,2.8843380100378023e-05,0.00017611432760611062,0.0010910450012282088,0.006823158348836492,0.041335272680246914,0.19666274001847936,0.47050520047247807,0.6080734272610201,0.6460043772283783,0.6537368482976437,0.6418163444725263,0.6060277062683487,0.546043570420459,0.4764596827257376,0.4161918477130443,0.3716031101748172,0.3480233355626605,0.35681589738393904,0.3956449173840495,0.4433831020694377,0.48237258217167645,0.5083668036087475,0.5255912127730229,0.5405086609633557,0.5606344417996679,0.5944096907729052,0.6399814588663931,0.6705105902595025,0.6548264569603325,0.5945098007292874,0.5188859367285402,0.45616604969399976,0.41645542779337136,0.40175208822500647,0.41579037530964974,0.45186551747050785,0.48581579520697704,0.4959818217392238,0.47999439861642,0.44801755869517657,0.4121104855563274,0.38549271617137376,0.38368979845639695,0.41002649166935395,0.44764777761869057,0.486720934092448,0.5401308023696857,0.6287373916778533,0.740426814060107,0.8296855350109746,0.8750353932480363,0.8832595622043389,0.8700821009361488,0.8441777414949361,0.7905953779755969,0.6314733652956125,0.337921984425021,0.19159857873730102,0.18446153800144802,0.2052595481603326,0.22430597155044146,0.23714780372382135,0.2467363709558222,0.2615261824932509,0.307373800072819,0.4999687869584125,0.8743737685189155,0.9890152826369014,0.9992548937064535,0.9999512746809505,0.999996830604741,0.9999997938911394,0.9999999865893137,0.9999999991269755,0.9999999999431458,0.9999999999962963,0.9999999999997586,0.9999999999999843,0.9999999999999989,0.9999999999999749,0.9999999999321302,0.9999998182094695,0.999513323445752,0.4340105110563194,0.0002862946719802772,1.0830738847790477e-07,9.764872851792161e-10,9.322570426495762e-10,9.321999262263061e-10,9.321995066378647e-10,9.321995025735394e-10,9.321995025336796e-10,9.321995025332886e-10,9.321995025332847e-10,9.321995025332847e-10,9.321995025332847e-10,9.321995025332845e-10
13.26890756302521,0.9999999999995678,0.9999999999995678,0.9999999999995678,0.9999999999995679,0.9999999999995679,0.9999999999995679,0.9999999999995679,0.9999999999995678,0.9999999999995678,0.9999999999995678,0.9999999999994916,0.9999999997401116,0.9999991171916021,0.9970052092039802,0.5009242144177449,2.8755040978788127e-05,8.608673490747991e-09,9.133098864590987e-10,5.3017419212212075e-09,3.108103410199809e-08,1.8382129677554072e-07,1.0988790859998646e-06,6.653689882997425e-06,4.089367905691157e-05,0.00025557669153673443,0.0016243744824192214,0.010395696703914546,0.06266371317949382,0.2653123164710423,0.5254663961654157,0.6333272607608926,0.6685906068447388,0.6797037060023614,0.6706524476219332,0.63643693241005,0.576915540535308,0.5048285314485201,0.4356571335967348,0.3756098415211603,0.3345676091610514,0.3311654545753739,0.36771314568672103,0.42182868049778316,0.4720017369961721,0.510708297763934,0.538487217720229,0.5574236826331647,0.5719436524249895,0.5905873535644305,0.6170911301609676,0.63491386079851,0.6188329753005879,0.5667085242678919,0.4992913231472796,0.4390617106250158,0.3970253610461216,0.3784499992333977,0.38923450313181895,0.4251852680653246,0.46283079871231964,0.47582107832456744,0.45868153268330997,0.4246651019604186,0.3893661030126625,0.36644317312941754,0.37363055783514065,0.41861930806243797,0.4773210846972581,0.5292731591792439,0.5864953846238024,0.6760785846945095,0.788780298958413,0.8637802386445437,0.8792584033090589,0.8591067456199357,0.8256720252435408,0.7850710254749558,0.717072036112331,0.5420366542731453,0.2534105596340855,0.11253966159655844,0.10236766961634296,0.12438126998044677,0.1501762314197092,0.17247568167284716,0.1900911368126254,0.20714442534890287,0.24549829110367172,0.4493467960001767,0.8789570499309771,0.9904975832708297,0.9993759999268788,0.999959640420675,0.9999973879471363,0.9999998306522477,0.9999999890059225,0.9999999992856322,0.9999999999535559,0.9999999999969794,0.9999999999998035,0.9999999999999873,0.9999999999999993,0.9999999999999778,0.9999999999405703,0.9999998408678114,0.9995741913474704,0.4673606918300076,0.0003295142975707114,1.514238649148483e-07,1.3983408669528248e-08,1.3793860609143753e-08,1.3792435660059098e-08,1.3792421842247572e-08,1.3792421706729489e-08,1.3792421705399813e-08,1.3792421705386766e-08,1.3792421705386637e-08,1.3792421705386636e-08,1.3792421705386637e-08,1.3792421705386637e-08
13.420168067226891,0.9999999999915089,0.9999999999915089,0.999999999991509,0.999999999991509,0.999999999991509,0.9999999999915089,0.9999999999915089,0.9999999999915089,0.9999999999915089,0.999999999991509,0.9999999999914698,0.9999999998589046,0.9999995488010104,0.9984671616218912,0.5009242144177449,5.626112295456413e-05,1.6745711287028956e-08,1.2297962714209674e-09,7.213547148482537e-09,4.291206873320221e-08,2.5841735073659206e-07,1.5788545298008588e-06,9.808221599652133e-06,6.207169051397255e-05,0.0004006123929672555,0.002631404814916081,0.01725995729306091,0.10109579997867087,0.35631497789882527,0.5802245229747541,0.6590974348464215,0.6868328891880005,0.6934127307197893,0.6798901828204427,0.6436899825275918,0.5871976139366036,0.5197687796406508,0.44924665967359617,0.37972325578136856,0.3263307593239593,0.3149194763589946,0.3520664957148133,0.4152849728764434,0.47930607736044567,0.5313770650421771,0.5670259556725872,0.5853897662563504,0.5903967669401725,0.5914256462303322,0.5962369011573615,0.5981568154268065,0.5803153955459011,0.5377414965118662,0.48078861928194694,0.42442210048437695,0.38035862101928924,0.3575308216044771,0.3636806123205731,0.39724079455313777,0.4379582311183661,0.4571151710818846,0.4448008575287189,0.41481600513574013,0.3841856455215371,0.36587363797324024,0.38017740155915797,0.4404445255899864,0.51457014200985,0.5708123074231758,0.6220396852082728,0.7024880000854257,0.8105144896082326,0.8748296461576627,0.8670239523546711,0.8215049083055139,0.7675301388134752,0.7112412683144341,0.6290170500026789,0.4456548581425827,0.1859615587707908,0.06929319761306602,0.06120461437686737,0.08491838560664725,0.11905639836401027,0.15608121479830875,0.1907225487392691,0.22130851843934868,0.2626015822319408,0.45907395044582094,0.8882626161598781,0.9916883895980733,0.9994648139095476,0.9999656843211133,0.9999977897046853,0.9999998571347789,0.9999999907450887,0.9999999993996391,0.9999999999610231,0.9999999999974684,0.9999999999998356,0.9999999999999895,0.9999999999999997,0.9999999999999807,0.9999999999481405,0.9999998615209492,0.9996312366572268,0.5009242144177449,0.0004372289227366152,8.448606711404508e-07,2.0895750346422478e-07,2.0411413084223452e-07,2.0406715086155994e-07,2.040666901115728e-07,2.0406668559079195e-07,2.040666855464342e-07,2.04066685545999e-07,2.040666855459947e-07,2.0406668554599465e-07,2.0406668554599465e-07,2.0406668554599465e-07
13.571428571428571,0.9999999998331727,0.9999999998331728,0.9999999998331728,0.9999999998331728,0.9999999998331728,0.9999999998331728,0.9999999998331727,0.9999999998331728,0.9999999998331728,0.9999999998331728,0.9999999998331528,0.9999999997654007,0.9999997692362242,0.5009242144177449,0.5009242144177449,0.00011007569143897628,3.264243453083469e-08,1.7180019209299077e-09,1.026607054733428e-08,6.258210797127654e-08,3.879181128695968e-07,2.449985283821187e-06,1.5790896112637744e-05,0.00010395113304663821,0.0006984843959534271,0.004761938577230706,0.031769943942951705,0.17149144560543533,0.46546395841718063,0.6336295194173319,0.6843819702193704,0.6988600681646089,0.6939745844260753,0.671078609752872,0.6317576475607065,0.5810045185407923,0.5234090301234523,0.45743701558960487,0.38391850637284286,0.32359751676224163,0.3094101096618018,0.3513839347935435,0.42664250640577184,0.5050040488660112,0.5668206709335268,0.6037420704192986,0.6161276491058055,0.6105473941060597,0.596817320662915,0.5833979033316027,0.5702855117242529,0.5489998684801998,0.5137433712064738,0.4664662577579962,0.41503388216550363,0.37061711624978205,0.34475239558528026,0.3465986993881075,0.3772287816655312,0.4210645452931811,0.4493000640146005,0.4466906754660543,0.4247441988653213,0.40054798362900335,0.38629968351067195,0.4036586238399763,0.4702230936028852,0.5484501342875207,0.5995601224319773,0.638808756714622,0.7060970869991837,0.8087947145046911,0.8688167454180719,0.8438512447356624,0.7740827734678112,0.6983754402116007,0.6260134480124484,0.5323759635739609,0.35253193006594746,0.13627904439082256,0.05161860175039174,0.055072194898638925,0.0929032916526749,0.15224461543567896,0.22489191611400627,0.29882791991446855,0.36376705713163876,0.4228234602064501,0.5669011729243654,0.9011126761014324,0.992623616189354,0.9995318168106281,0.9999702602718112,0.9999980954601876,0.9999998773547071,0.9999999920753719,0.999999999486953,0.9999999999667509,0.9999999999978443,0.9999999999998602,0.9999999999999911,0.9999999999999994,0.9999999999999833,0.999999999956059,0.9999998853400085,0.9997073038173391,0.5009242144177449,0.002238617213215512,1.969946334084456e-05,3.1806210127005323e-06,3.0208562352568275e-06,3.0192897100406154e-06,3.0192743398670308e-06,3.019274189055453e-06,3.019274187575694e-06,3.019274187561174e-06,3.019274187561031e-06,3.0192741875610303e-06,3.01927418756103e-06,3.0192741875610294e-06
13.722689075630251,0.9999999967222916,0.9999999967222917,0.9999999967222917,0.9999999967222917,0.9999999967222917,0.9999999967222917,0.9999999967222917,0.9999999967222917,0.9999999967222917,0.9999999967222917,0.9999999967222816,0.9999999966876544,0.999999878867532,0.5009242144177449,0.5009242144177449,0.5009242144177449,6.372216719915693e-08,2.5620550577438372e-09,1.580478304730785e-08,1.0012160828704637e-07,6.475886022877299e-07,4.279971674414817e-06,2.890128861962461e-05,0.0001991866057645436,0.0013968134373110483,0.009842312010588687,0.06495301366655772,0.292285873775403,0.577371195843051,0.6814629838977788,0.7048960000618651,0.7022051387540343,0.6830432566955371,0.650870326090388,0.6109912219026337,0.5691248394982215,0.5242206609799122,0.46595686791784496,0.3918525628258793,0.32822483639122974,0.3150418967774321,0.36512391115903675,0.45368862459225856,0.5435739315200246,0.6081039715022044,0.6385823410217337,0.6409569448765613,0.6262998178428734,0.6039358515435798,0.579706888968265,0.5557060557316195,0.5300732674258314,0.49896588869027597,0.46005035013645607,0.4154617362584629,0.37351315855918277,0.34623245415001663,0.34436524444028,0.37228091884910586,0.4196518381480959,0.4589333402489559,0.4691544155646268,0.45739449376829,0.44030504892274636,0.4294769936547063,0.44471533936916996,0.5041658207434797,0.5714689663648747,0.6082464157994735,0.6317853041824455,0.6849043207332746,0.7844606469746693,0.8489601768940513,0.8139251505857423,0.7209646781801963,0.6227345714927085,0.5351869846014774,0.43495243153036856,0.270201397412027,0.10296064759061985,0.0535508446376707,0.08176786283650916,0.15582213466266495,0.2670339649916458,0.3961469305110921,0.5161219759259651,0.6101289394140746,0.678195667225792,0.7528023291483722,0.9210225707527754,0.9933856905977503,0.9995833559174794,0.9999738465299934,0.9999983388175074,0.9999998936433088,0.9999999931602173,0.9999999995593211,0.9999999999716173,0.999999999998177,0.9999999999998835,0.9999999999999928,0.9999999999999997,0.9999999999999872,0.999999999970065,0.9999999322157257,0.9998664452693109,0.9017640558723373,0.054635552114229845,0.0005935635091520264,5.004879658022671e-05,4.472278926903437e-05,4.467053615402149e-05,4.46700234509322e-05,4.4670018420300845e-05,4.4670018370940387e-05,4.467001837045607e-05,4.467001837045131e-05,4.467001837045126e-05,4.467001837045126e-05,4.467001837045127e-05
13.873949579831933,0.9999999356018037,0.9999999356018036,0.9999999356018037,0.9999999356018037,0.9999999356018037,0.9999999356018036,0.9999999356018037,0.9999999356018038,0.9999999356018037,0.9999999356018037,0.9999999356017986,0.999999935584101,0.999999875367901,0.5009242144177449,0.5009242144177449,0.5009242144177449,1.245293842356954e-07,4.280295005548462e-09,2.7702542750972595e-08,1.8482612255510662e-07,1.259747540179702e-06,8.760322757871283e-06,6.20350236553145e-05,0.00044615420192310333,0.0032407191594635357,0.023182568303690275,0.14153085400010004,0.460069239390315,0.66960734124575,0.7161893978043328,0.7147628497240364,0.695103983646269,0.6640440209574787,0.6274115030927274,0.5924311241361526,0.563105948339668,0.5322642001209623,0.48236075334017436,0.4085901212097136,0.3428428845557471,0.3320263981534968,0.3910733659064941,0.49112311560879085,0.5865839826816067,0.6459227694205416,0.6638078342460242,0.6536375398411466,0.6315782888277973,0.6065644284901147,0.5801081507152036,0.5518988158503906,0.523559508113148,0.495413576024707,0.46476795984605496,0.42930455299092124,0.39242493764814257,0.3648595258543246,0.3595543971501975,0.38495275242727983,0.4358670044169905,0.4864657274009946,0.5104232945825445,0.5097897268423165,0.5008811428982957,0.49445909025621804,0.5037200476154171,0.5409382635564032,0.5791430133513547,0.5906515301665519,0.5938487560031539,0.6311633240696831,0.7299302676465591,0.81166513463499,0.7787309980677324,0.6662025640774886,0.5462300249362113,0.44579505668856073,0.3444583952752268,0.20316829267944497,0.08581306223416862,0.07702808447122281,0.14852435976027753,0.2822132465853723,0.4534935834285128,0.6159853594454568,0.7376851506802748,0.8166275065531486,0.864843951809703,0.8980019553104601,0.95015097419907,0.9941325357209395,0.9996243540646103,0.999976815051112,0.999998550074954,0.9999999085632575,0.9999999942266696,0.999999999637671,0.9999999999775896,0.9999999999986489,0.9999999999999217,0.9999999999999958,0.9999999999999997,0.999999999999995,0.9999999999910834,0.9999999848241001,0.9999825648476641,0.995330514212737,0.6526360375031482,0.018604260235224494,0.0008396789041846358,0.0006622695404825422,0.0006605285434022479,0.0006605114607732809,0.0006605112931588487,0.0006605112915142188,0.0006605112914980817,0.0006605112914979234,0.0006605112914979217,0.0006605112914979217,0.0006605112914979217
14.025210084033613,0.9999987347492523,0.9999987347492523,0.9999987347492522,0.9999987347492522,0.9999987347492523,0.9999987347492522,0.9999987347492523,0.9999987347492523,0.9999987347492523,0.9999987347492523,0.9999987347492497,0.9999987347402042,0.9999987039634424,0.5009242144177449,0.5009242144177449,0.5009242144177449,0.5009242144177449,8.45075580261158e-09,5.78928748449454e-08,4.0760212209474015e-07,2.9180534771513904e-06,2.1191494487740577e-05,0.000155735265487475,0.0011545305928625622,0.008550768032816744,0.05978720601201964,0.29520610214595666,0.620841414907013,0.724836366601019,0.7291067610756546,0.7076477628981468,0.6754555579849224,0.6392332922920422,0.6063985654216273,0.5836469020311287,0.5708617740158325,0.5544550194723775,0.5115286900389673,0.4369393720595101,0.3684078079125818,0.35920269326974785,0.42530924524374963,0.5319986542908317,0.6258676011398439,0.6739068710045588,0.6754773404097506,0.6503298167815692,0.6202487352431938,0.5959524702374956,0.5752836738939571,0.5520830423585663,0.5266731478751201,0.5034250438973366,0.48165382081466684,0.4557503046288999,0.4243555204797999,0.39687582928336373,0.388546527292435,0.4114625530976861,0.4647472167014732,0.5245858542550993,0.5607509801085758,0.5710807850202496,0.5717572825597393,0.5723509160507321,0.5756159214403291,0.5788955180354539,0.5677369663884793,0.5397886945931338,0.51642695620908,0.534170879971867,0.6291723608429,0.7423305426106478,0.734650561158704,0.6126849620143672,0.47422519157643495,0.36417657533633885,0.2665211035609703,0.1534925556207674,0.08749289127574617,0.13111798347599915,0.26578953049907983,0.46100443710279027,0.6543770390995783,0.7946439114213507,0.8784359389039575,0.9245524258205542,0.9496264222493425,0.9639677870146197,0.977139510348189,0.9952201405512584,0.9996669349634024,0.9999801924012488,0.9999988262201736,0.9999999311652614,0.9999999960795836,0.999999999787157,0.9999999999891439,0.999999999999483,0.9999999999999771,0.9999999999999992,0.9999999999999999,0.9999999999999992,0.999999999998849,0.9999999983546283,0.999998988566192,0.9998474524045342,0.9842077759087673,0.38268419958496996,0.015520268914048703,0.009741991881773368,0.009684959981194513,0.00968440035298239,0.009684394861917434,0.009684394808039202,0.009684394807510549,0.009684394807505362,0.009684394807505312,0.00968439480750531,0.00968439480750531
14.176470588235293,0.9999751417943488,0.9999751417943487,0.9999751417943488,0.9999751417943487,0.9999751417943487,0.9999751417943488,0.9999751417943487,0.9999751417943487,0.9999751417943487,0.9999751417943488,0.9999751417943473,0.9999751417897165,0.9999751260337361,0.5009242144177449,0.5009242144177449,0.5009242144177449,0.5009242144177449,2.0088355812522213e-08,1.4451691710148917e-07,1.0599762876344458e-06,7.854032247908514e-06,5.867618825610242e-05,0.0004411211584810413,0.003323269367263109,0.02453257997151494,0.1542311197151932,0.5044406751031922,0.7108480442207651,0.7335814448930759,0.7105813582594755,0.6761663334246284,0.6397304837631258,0.6086070367420676,0.5897891064769956,0.5866706241685296,0.5934040453396632,0.5904370645919342,0.5518374708320778,0.47459734659527314,0.40197055243742935,0.39212891321305504,0.46107571744083237,0.5679639814513573,0.6542372822345348,0.688053279629166,0.6719439167897465,0.6292715280822075,0.5884637947097794,0.5655326243308156,0.5568472645983432,0.5489823292175579,0.5355183588919084,0.5212170095368373,0.5077950173084531,0.4884776248666573,0.4601332223401164,0.43239658441357076,0.42184855442074387,0.4421214017123851,0.4951483233513291,0.5600490414025774,0.6051951361715011,0.6251556781134396,0.6354889899511571,0.6445680248487291,0.6451333186173437,0.6133721639979649,0.5397574282700303,0.4620302393708195,0.4111300885118386,0.4078646427199878,0.4841785755623412,0.6222022849291547,0.6706084565008628,0.5613619513316354,0.4109084856282189,0.2946369940504664,0.20395506060998944,0.12244883888541926,0.11503827986792696,0.22846588409374413,0.4303235069738048,0.648227378417474,0.8090992276257952,0.9007911187678294,0.9471278768987855,0.9699736957754374,0.981505394096027,0.9876206537837149,0.9916247975182726,0.9970704461112154,0.9997634585763222,0.9999878311150072,0.9999994151559936,0.999999973243768,0.9999999988356975,0.999999999951489,0.9999999999980443,0.999999999999923,0.999999999999997,1.0,1.0,1.0,0.9999999999998826,0.9999999998662966,0.9999999598626061,0.9999953169955352,0.999518450348523,0.9534812373776717,0.25615876514974434,0.1278917491541733,0.12641367518436422,0.12639914753004433,0.12639900498256726,0.1263990035838937,0.12639900357016995,0.12639900357003528,0.12639900357003397,0.12639900357003397,0.12639900357003395
14.327731092436974,0.9995118290508362,0.9995118290508362,0.9995118290508364,0.9995118290508364,0.9995118290508362,0.9995118290508362,0.9995118290508364,0.9995118290508362,0.9995118290508362,0.9995118290508362,0.9995118290508355,0.9995118290482922,0.5009242144177449,0.5009242144177449,0.5009242144177449,0.5009242144177449,0.5009242144177449,0.5009242144177449,3.882709730477029e-07,2.908212530427968e-06,2.191685159408163e-05,0.00016573680395998893,0.0012519626224014066,0.009316920659980065,0.0639519432411203,0.30161722781633016,0.6134158128475863,0.7016965478547221,0.688818353644543,0.6545689171889176,0.618953109027633,0.590505442675219,0.5755358232681483,0.578176026586611,0.5976229549979706,0.6232468500370243,0.6312999920959438,0.5952231514807299,0.5153749629573671,0.43803525078657723,0.42414717613181363,0.49011676161451817,0.5907507599010736,0.6656443659728027,0.6853409242558566,0.6530306192521059,0.5929973987052749,0.5407615439997852,0.5194293180187445,0.5254946841649799,0.5395388793889654,0.5455418768011682,0.5432128066170918,0.5357639006088155,0.5184358435681312,0.48984623982070297,0.4612028322455566,0.4489681659371056,0.46559803342839784,0.5142537264858915,0.5789072368533059,0.6300194398479809,0.658744247137243,0.6779672726567869,0.6948613640400125,0.696492117147115,0.6421262552592372,0.517469154406183,0.39890911666786494,0.33146181825205756,0.31465796040388877,0.3596425343485543,0.47747440245095923,0.5795751739630808,0.5150369405356883,0.3617679234912302,0.24054609007380334,0.15808738832783256,0.11336737481345466,0.18115599992604003,0.375225219758239,0.6117816711865912,0.7972719816725923,0.9031720046220327,0.9541142576054238,0.9772903102139074,0.9879451509322258,0.9930552857791421,0.9956568113171531,0.9972092379343798,0.9989691411227298,0.9999250276661792,0.9999970175583097,0.9999998877417349,0.999999995773866,0.9999999998399364,0.9999999999938999,0.9999999999997664,0.999999999999991,0.9999999999999993,0.9999999999999999,1.0,1.0,0.999999999999989,0.9999999999920434,0.9999999986705226,0.9999998586207651,0.9999855509730149,0.998533853910455,0.8979820636184423,0.6880939489535502,0.6816678377271859,0.6816034727695783,0.6816028410928167,0.6816028348948031,0.6816028348339882,0.6816028348333917,0.6816028348333858,0.6816028348333857,0.6816028348333857
14.478991596638656,0.9904952692454377,0.9904952692454377,0.9904952692454377,0.9904952692454377,0.9904952692454376,0.9904952692454376,0.9904952692454377,0.9904952692454377,0.9904952692454377,0.9904952692454376,0.9904952692454361,0.9904952692402196,0.5009242144177449,0.5009242144177449,0.5009242144177449,0.5009242144177449,0.5009242144177449,0.5009242144177449,3.3240668300758596e-07,2.411737195411206e-06,1.7764408601781135e-05,0.0001307225399543764,0.0009388837172303982,0.00632557760909766,0.037126901962426295,0.16208167450320854,0.4055185232596954,0.5667555866880261,0.596558223958802,0.5802538676176726,0.5599343199500723,0.5492358031454383,0.5535396160901256,0.5751342206350296,0.6117296981552462,0.6508379335975427,0.666643524449505,0.6335455457859577,0.5541797895571577,0.472970571463777,0.45094407769870853,0.5071961801598995,0.5956118690299419,0.6568300240954044,0.6645027140465892,0.6213213662067898,0.5507128557322313,0.49260643191881326,0.4748231894214777,0.49446405255591913,0.5284715000566783,0.5524153396958642,0.5598226701852852,0.5555595074961163,0.5382036658232697,0.5084888152152158,0.47891570390347366,0.46460648079676325,0.4750661437068364,0.5139931831303413,0.5731011652671099,0.6294338501090565,0.6694405969626931,0.69931267171457,0.7243593142756407,0.730747710910031,0.6727354934372116,0.5304159067405179,0.39515882200021624,0.3236542438822863,0.30431822525269564,0.33045445333592627,0.40930370060315396,0.5137330179937009,0.5053720948179516,0.3540875088526826,0.21648174030904213,0.13644961846533005,0.1387934984661246,0.30424274156774633,0.5576467501717076,0.7692923453547237,0.8938551885145412,0.9532623115679428,0.9791094326056342,0.9901737584115304,0.9950315478468875,0.9972694173339569,0.9983786736546328,0.9990743031032224,0.9997650657463123,0.9999859166214055,0.9999994418325924,0.9999999782516611,0.999999999125091,0.9999999999636812,0.9999999999984547,0.999999999999933,0.9999999999999971,0.9999999999999998,0.9999999999999998,1.0,1.0,0.9999999999999991,0.9999999999996627,0.9999999999588621,0.9999999957529809,0.999999566800159,0.9999559104664691,0.9960768728659144,0.971308732649003,0.9694140353077646,0.9693942040374206,0.9693940093259472,0.9693940074154295,0.9693940073966836,0.9693940073964995,0.9693940073964977,0.9693940073964977,0.9693940073964977
14.630252100840336,0.8413722950056454,0.8413722950056454,0.8413722950056454,0.8413722950056454,0.8413722950056454,0.8413722950056454,0.8413722950056454,0.8413722950056454,0.8413722950056453,0.8413722950056453,0.841372295005626,0.8413722949399403,0.5009242144177449,0.5009242144177449,0.5009242144177449,0.5009242144177449,0.5009242144177449,1.4471154289973931e-08,7.726535025693225e-08,4.4511463697314274e-07,2.7697338713492983e-06,1.8351325566290284e-05,0.00012551138342637688,0.0008452701317769529,0.005276386394315225,0.028516103552078977,0.1200801684294192,0.31767604933872723,0.47800060730073357,0.5274220520740835,0.5350026107656874,0.54045695510518,0.5561101971050437,0.5862447064282411,0.6297149047777743,0.6741142484317924,0.6932757096620031,0.6636814840063652,0.5885906596498547,0.5057911234280452,0.47241543644836986,0.5122616654240957,0.5828293815750608,0.6287152162124192,0.6278154457020367,0.5828772285958722,0.5147145963037069,0.46115859189004216,0.4502220893000378,0.48001904089592096,0.5245104651941394,0.5538600080998091,0.5620265189869628,0.5590018965204641,0.5446020344954547,0.5173195326661618,0.4882936150465751,0.47069665474763883,0.4712550681666997,0.49515241686484035,0.5449874282064106,0.6086132588557377,0.6660353437881387,0.7114520480228207,0.7467931033353808,0.7605470538503798,0.7124280473636956,0.5810868215169216,0.4488594740752542,0.37983603318039877,0.36583739614037564,0.3948656402343148,0.4669924839961766,0.5702088153019549,0.6193788373071889,0.5017676652064142,0.316582733493739,0.20032996164001074,0.24786739788065362,0.5018845624095167,0.7405364644013149,0.8808017684523861,0.9485451760001162,0.9780266708285752,0.9903296812091825,0.9954420440947715,0.9975965096987818,0.9985245988427796,0.9989742753001534,0.999411465324659,0.9998742245636661,0.9999903050417458,0.9999994900171371,0.9999999756446696,0.9999999988586313,0.9999999999465838,0.999999999997496,0.9999999999998824,0.9999999999999944,0.9999999999999997,1.0,1.0,1.0,1.0,0.9999999999999883,0.999999999998755,0.99999999987261,0.9999999870136922,0.9999986772771455,0.9998731451822876,0.9981562240442924,0.9978738730708975,0.9978706735855072,0.9978706421445076,0.9978706418360044,0.9978706418329775,0.9978706418329476,0.9978706418329474,0.9978706418329474,0.9978706418329474
14.781512605042018,0.21257606274661892,0.21257606274661892,0.21257606274661892,0.21257606274661894,0.21257606274661892,0.21257606274661892,0.21257606274661892,0.21257606274661892,0.21257606274661892,0.2125760627466189,0.21257606274659144,0.21257606265316428,0.5009242144177449,0.5009242144177449,0.5009242144177449,0.5009242144177449,0.5009242144177449,1.0978983954021775e-08,5.016713391098313e-08,2.3463715915128292e-07,1.1393568135454485e-06,5.845833451402021e-06,3.210574746663914e-05,0.00018723626555870222,0.0011113979743406358,0.006284383179914561,0.031672881756707544,0.12801594211928893,0.32901336861200614,0.4888354726954506,0.5452307649646345,0.5648675080107955,0.5838919010168309,0.6136204373534712,0.654977995568958,0.6962489235689148,0.712722199308157,0.6845818482296604,0.6154174158542648,0.5342855333126033,0.48950425750165133,0.5081129170540496,0.5560316905682668,0.5859137878271751,0.5811983213190912,0.5449418620578453,0.4926676879299499,0.4537756874633313,0.45313960549814963,0.48923750461417614,0.5319040302085095,0.5502406218107769,0.5479333430629509,0.5444051226173112,0.5389209334189734,0.5214621037272872,0.4962041687549632,0.47394924475720435,0.46099996227461243,0.4665563628747568,0.5060334842554877,0.5796885634149128,0.6600450108844786,0.7250845588108206,0.7713804133137587,0.791277896840832,0.7557670481064167,0.6476231672402778,0.5305184200712816,0.4698099327851941,0.46736031192809874,0.5122590180208898,0.59926728451967,0.711692783482659,0.7990107554594326,0.7923966745955124,0.6817691167617385,0.5418757877659918,0.5373468907431503,0.731305231599902,0.8714505936279818,0.9407970223599087,0.97304219459561,0.9874052919937356,0.9935580255050023,0.9960443196748021,0.9969198289937943,0.9971854891425652,0.9976591998253804,0.9989135847784527,0.999791226443993,0.9999805351752704,0.9999988344102028,0.9999999413190062,0.9999999971868666,0.9999999998667622,0.9999999999937074,0.9999999999997031,0.9999999999999859,0.9999999999999993,1.0,1.0,1.0,1.0,0.9999999999999996,0.9999999999999625,0.9999999999961805,0.9999999996107143,0.999999960336086,0.9999960667784784,0.999893175806622,0.9998562884794663,0.999855799906022,0.99985579509569,0.9998557950484894,0.9998557950480265,0.9998557950480219,0.9998557950480218,0.9998557950480218,0.9998557950480218
14.932773109243698,0.013554251230550174,0.013554251230550173,0.01355425123055017,0.013554251230550173,0.013554251230550174,0.013554251230550173,0.013554251230550173,0.013554251230550174,0.013554251230550173,0.013554251230550173,0.013554251230547666,0.013554251222030161,0.5009242144177449,0.5009242144177449,0.5009242144177449,0.5009242144177449,2.439390825275437e-09,1.0634507779488509e-08,4.74455607368029e-08,2.129387336817784e-07,9.650687011720493e-07,4.442336183098262e-06,2.092138966724836e-05,0.00010135361753499488,0.0005024182735144033,0.0024872576648329765,0.011851112916991919,0.051809457353036575,0.1830307593308419,0.4071798919498646,0.555074029517144,0.6058373367167811,0.6288317267614378,0.6542105805848253,0.6872934009474778,0.7177938802896839,0.7247054898769886,0.693733329046205,0.6294648701817562,0.5532614832163858,0.5013398339461379,0.49836998666312543,0.5215419147638377,0.5365518728592117,0.5329840598222085,0.5128754622432751,0.4844012739952423,0.46663076724238034,0.47932518560659687,0.5180223639838729,0.5477783336532603,0.5432566256287571,0.5234325651135244,0.5177937800222414,0.5256689167602053,0.5256684871699436,0.5085887453588271,0.48149144961346263,0.45343762894180906,0.4402920269061634,0.46977663352802834,0.553219233223718,0.6565830227164052,0.7408037304562815,0.7954004042815395,0.816679399274623,0.7888878702579927,0.7044034357292762,0.6106207594049325,0.566501786237819,0.5815580003710745,0.644223570625205,0.7379394674309228,0.8338199159949508,0.8989820446989671,0.9179576026231924,0.8982163968358835,0.8493516789822545,0.7865010839130965,0.8299169813397016,0.9011934943257218,0.9453964322313425,0.9696631124970735,0.982094885118143,0.9878002232616112,0.9898619900174181,0.9903144919329714,0.9910713807211564,0.9941696636240008,0.9980117712899572,0.9996244445263274,0.9999584441505631,0.9999971811878858,0.9999998516302234,0.9999999927991883,0.999999999657818,0.9999999999838233,0.9999999999992363,0.9999999999999641,0.9999999999999982,0.9999999999999999,1.0,1.0,1.0,1.0,0.9999999999999989,0.9999999999998855,0.9999999999883307,0.9999999988108458,0.9999998802797875,0.9999945515430531,0.9999903270866968,0.9999902529338262,0.9999902522006067,0.9999902521934118,0.9999902521933411,0.9999902521933404,0.9999902521933405,0.9999902521933404,0.9999902521933404
15.084033613445378,0.0006988682079334513,0.0006988682079334513,0.0006988682079334514,0.0006988682079334513,0.0006988682079334514,0.0006988682079334514,0.0006988682079334514,0.0006988682079334513,0.0006988682079334514,0.0006988682079334514,0.000698868207933302,0.000698868207425455,0.5009242144177449,0.5009242144177449,0.5009242144177449,0.5009242144177449,2.3861260228848598e-09,1.0571167928743841e-08,4.6947179570468945e-08,2.0897281934456213e-07,9.331388112584475e-07,4.182928260822674e-06,1.8813999385182626e-05,8.457857572298455e-05,0.00037608528493773727,0.0016263800604734745,0.006748418439094729,0.026772196798068245,0.0982186590579996,0.2841671799985248,0.5170485774364487,0.6369172400092601,0.6769093081223297,0.6987521436252807,0.7199712275132911,0.7343893504863258,0.7268711077758321,0.6892343351303404,0.6275464520890207,0.5584246349031657,0.5064576186195825,0.48783744796484013,0.4893814164574495,0.4923630370000073,0.4922239943606715,0.48888832065414606,0.48415769096811206,0.48913748150180786,0.5167141139888614,0.554705095066836,0.5651798663824578,0.5346341199867355,0.49686639436413166,0.4885000425084902,0.5097206856998908,0.5301547479179163,0.5252590186247823,0.4958826456432893,0.4549356437047464,0.4255709334346622,0.44514007079065937,0.5335903475892975,0.6532056360048984,0.751215576751185,0.8095137089297756,0.8267317432714741,0.7989168918123635,0.7312549956633679,0.6640767462292988,0.6454479271736303,0.6827007112937445,0.7559354077303375,0.8364691584680956,0.8973254808098433,0.9268200237276929,0.9299249365692452,0.9192045589848691,0.8926541005816483,0.813000327060868,0.7874592886787968,0.8508964416556926,0.9063393127299214,0.9414436251148085,0.9610658234021899,0.9703535378373919,0.9737057620670754,0.9754196769320883,0.9800590781655675,0.989365223752633,0.996781513515553,0.9993643866048973,0.9999167435461641,0.9999933886188662,0.9999996278172185,0.9999999815856092,0.9999999991206968,0.9999999999583811,0.9999999999980344,0.9999999999999073,0.9999999999999958,0.9999999999999999,1.0,1.0,0.9999999999999998,1.0,1.0,0.9999999999999964,0.9999999999996503,0.9999999999643513,0.9999999963865511,0.9999997629396714,0.9999993524655091,0.999999341274004,0.9999993411622763,0.9999993411611799,0.9999993411611692,0.999999341161169,0.999999341161169,0.9999993411611691,0.999999341161169
15.235294117647058,3.559426473355933e-05,3.559426473355933e-05,3.559426473355934e-05,3.559426473355933e-05,3.559426473355933e-05,3.559426473355934e-05,3.559426473355934e-05,3.559426473355933e-05,3.559426473355934e-05,3.559426473355933e-05,3.559426473355065e-05,3.559426470400558e-05,3.5594164175381255e-05,0.5009242144177449,0.5009242144177449,0.5009242144177449,2.380885503205964e-09,1.054659898902909e-08,4.676069587041217e-08,2.0755906967580232e-07,9.224254747554736e-07,4.101851117355072e-06,1.8203793404393432e-05,8.005385410998986e-05,0.00034353453308601093,0.0014038251693964839,0.0053440602337752,0.018978017759107155,0.06372974432893173,0.1920418596858361,0.4289373682118763,0.6261864812906544,0.7041136388922462,0.7291547068455286,0.74024004288529,0.7399953800254888,0.7195075998254272,0.6749575449015093,0.6141398557580252,0.5524571000229139,0.5061689820111835,0.4811640761934428,0.4690860183813771,0.4636478993976839,0.4651060037318476,0.4723111920193108,0.4844642146090606,0.5085723383123262,0.549348750802944,0.5842674717725217,0.5763600003351559,0.5253051892085058,0.4742451067288654,0.46311968892092126,0.49328221103529596,0.5306479051268201,0.5395798403403115,0.5129720087922707,0.465324575716211,0.4250073222681641,0.43519806645169146,0.5213536598805507,0.6455692513195985,0.748531279594446,0.8056143093780729,0.8143129970171422,0.7785292199830067,0.7165327992254672,0.6718309069744274,0.6839061373960645,0.7456020075397047,0.8206099138968191,0.8790031087463068,0.909999963656971,0.9167632650729775,0.9091922247258449,0.8982358159496555,0.8752138402298847,0.7814061656702719,0.7023027755553265,0.7633589701257634,0.8400424807835092,0.8940501744374447,0.9258751263126279,0.9414326857414776,0.9480084773552881,0.9536896606950376,0.965526520973852,0.9830993547332151,0.9950272462885766,0.9989719581949875,0.9998447093033117,0.9999852263397658,0.9999990818400828,0.999999953115325,0.9999999977428198,0.9999999998929496,0.9999999999949415,0.9999999999997612,0.9999999999999886,0.9999999999999996,1.0,0.9999999999999999,1.0,0.9999999999999998,1.0,1.0,0.9999999999999896,0.9999999999989314,0.999999999891351,0.9999999911147237,0.999999957156885,0.9999999554876946,0.9999999554706719,0.9999999554705048,0.9999999554705031,0.9999999554705031,0.9999999554705031,0.999999955470503,0.999999955470503
15.386554621848738,1.811720830312513e-06,1.8117208303125134e-06,1.811720830312513e-06,1.8117208303125131e-06,1.8117208303125131e-06,1.811720830312513e-06,1.8117208303125131e-06,1.8117208303125131e-06,1.8117208303125131e-06,1.8117208303125131e-06,1.8117208303120083e-06,1.8117208285953254e-06,1.8117149875219798e-06,0.5009242144177449,0.5009242144177449,5.518197736693238e-10,2.379186284841201e-09,1.0534265973088396e-08,4.666824140218661e-08,2.0688071853710396e-07,9.175677731575338e-07,4.068137981714698e-06,1.7979903689691795e-05,7.865550063055533e-05,0.0003353658486487378,0.0013565477109936065,0.005041311589300495,0.016967165810886132,0.052507004489376397,0.1490988257443075,0.3491818435147259,0.5737255140889659,0.6907755669004254,0.72789005569992,0.7377687649051056,0.732890731671726,0.70822739814845,0.6610378704384893,0.600696423367271,0.5443105870581038,0.5040101459403159,0.4787967317029308,0.4615728141777143,0.4516472869227659,0.4516766758025229,0.46105797561289297,0.4802744589992836,0.5157813797101451,0.5646683499775719,0.5956400603375189,0.5761752125071553,0.5152191086154536,0.4578837290463992,0.44377852892644654,0.47616225854282745,0.5229727339680911,0.5443107169451673,0.5255010588845089,0.4791952575327847,0.43567874843212134,0.4396022623951985,0.5170770202987232,0.6326814061218059,0.7299500739923374,0.7805729448295157,0.7770903697068127,0.7271057291248665,0.660594579685557,0.6294468794715787,0.6703586444829304,0.7558952736811921,0.8308882786610988,0.8737303205875524,0.8890159589204448,0.8861106141566492,0.8760617079807238,0.868285745016287,0.849786143441437,0.7487027128083505,0.6148902352557024,0.6547383680974791,0.7494719013403123,0.8258676222039962,0.873919180699848,0.8987425558701908,0.9112708240990117,0.9239834129275091,0.9459138567414854,0.9742662843410851,0.9924454945425677,0.9983852141967654,0.9997284901723892,0.9999689823236759,0.999997793774697,0.9999998815134121,0.9999999942165735,0.9999999997247748,0.9999999999869842,0.9999999999993858,0.9999999999999712,0.9999999999999987,1.0,1.0,1.0,1.0,1.0,1.0,0.9999999999999997,0.999999999999968,0.9999999999967387,0.9999999997003844,0.9999999972356817,0.9999999969929676,0.9999999969903748,0.9999999969903491,0.999999996990349,0.9999999969903489,0.9999999969903489,0.9999999969903489,0.999999996990349
15.53781512605042,9.221224682227004e-08,9.221224682227006e-08,9.221224682227006e-08,9.221224682227004e-08,9.221224682227004e-08,9.221224682227006e-08,9.221224682227004e-08,9.221224682227007e-08,9.221224682227006e-08,9.221224682227006e-08,9.221224682224073e-08,9.221224672250256e-08,9.221190737728634e-08,0.5009242144177449,0.5009242144177449,5.381275051543242e-10,2.3785320394452646e-09,1.0528786218300048e-08,4.662516291536362e-08,2.065609720366704e-07,9.153336355874993e-07,4.053728823131121e-06,1.7898427350314712e-05,7.830613312703199e-05,0.000334878605255753,0.0013644758186177048,0.005107625130139752,0.017051648245133437,0.05072190062204779,0.13537280690459705,0.30614866675770525,0.5171736540670094,0.6484182973855466,0.6976737735794825,0.7149393872015318,0.7166541787385345,0.6981945724624286,0.6546300754160572,0.5951920127330919,0.5400232994913986,0.5015952778587478,0.4774729158198746,0.4606887161249682,0.4501925930617351,0.44777762993508125,0.453604613083365,0.47136603264191534,0.5095750828055685,0.5605289671109089,0.588088337968714,0.565047391978951,0.5044906227009646,0.4476422743424392,0.4304153227108654,0.4586523920973951,0.5067291797996419,0.536480833021546,0.528030607240827,0.490176461214012,0.4523890869711486,0.45619385724522477,0.5218123357996879,0.6176603736014072,0.6985420995495487,0.7365118052029928,0.7178140322646265,0.6521505880257038,0.5795342679762001,0.5569153815358203,0.6184767306930157,0.7219062785702911,0.7993146707448019,0.8369717447981999,0.8476309999732082,0.8433355677651587,0.8362959322922603,0.8349005929648625,0.8237579342718043,0.7238481647325256,0.5424196713116043,0.5370086917093031,0.635865809069538,0.7327579165552173,0.7996502770654751,0.8371111863242743,0.8591914166269891,0.8826282740955099,0.9183489333532788,0.961437779031851,0.9886130769099496,0.9975099886402651,0.9995491152537754,0.9999393298010152,0.9999949018796906,0.9999997042179207,0.9999999852283118,0.9999999992929471,0.9999999999665178,0.9999999999984209,0.9999999999999271,0.9999999999999974,1.0,1.0,1.0,1.0,1.0,1.0,1.0,0.9999999999999991,0.9999999999999022,0.9999999999904919,0.9999999998305019,0.9999999997969828,0.9999999997965883,0.9999999997965843,0.9999999997965843,0.9999999997965843,0.9999999997965844,0.9999999997965844,0.9999999997965844
15.6890756302521,4.693374632985279e-09,4.693374632985279e-09,4.693374632985278e-09,4.693374632985279e-09,4.693374632985278e-09,4.693374632985278e-09,4.69337463298528e-09,4.693374632985279e-09,4.693374632985278e-09,4.6933746329852775e-09,4.693374632983575e-09,4.693374627190428e-09,4.693354936020177e-09,0.5009242144177449,0.5009242144177449,5.375558796561512e-10,2.3785927233516273e-09,1.0528166130526487e-08,4.661541110429085e-08,2.064698103441807e-07,9.146602310687167e-07,4.049856726191142e-06,1.7886691760499084e-05,7.840676410226191e-05,0.0003372705513463902,0.0013918060997682646,0.00531255120850222,0.01801770578566528,0.05318489627329458,0.13623309519463234,0.29167417449302147,0.4788046994007247,0.6012445411161499,0.6539097357751905,0.6799924696284975,0.6938287788471854,0.6881127091494394,0.6532085596745533,0.5956338411871089,0.5385188087433718,0.4981159833732487,0.4744994070200659,0.461030379611628,0.4532795092833964,0.4495107089073158,0.4497538372706574,0.4609853833562235,0.49519727292962556,0.5437157870116268,0.5691844310460227,0.5482962018924417,0.4946201669829907,0.44274229615949373,0.42278503834200354,0.4429404371782644,0.48571665454624063,0.5183271431318726,0.5192037478925408,0.4938269933508834,0.4694868658440368,0.4801506768526965,0.5343286545547573,0.6046420016154347,0.6609248198855072,0.6797517391913802,0.6446503226013965,0.5695319070616208,0.5007590290739945,0.48964221881241715,0.560944219364265,0.6689113854442266,0.7466042997990783,0.7840140477548189,0.7955377800651322,0.7942657274623977,0.7933188245257019,0.8004314421734157,0.7994368522951654,0.7087783988135722,0.4952457136417998,0.42763583402003424,0.5086103868328448,0.6158882787500756,0.7001204707669971,0.7526285454998393,0.7880291796299449,0.8260532021352296,0.8797607422714573,0.9428193122471177,0.9829238031418234,0.9962044290429984,0.9992784672069912,0.9998893681176398,0.9999888341540801,0.9999992760593892,0.9999999624717841,0.9999999981859966,0.9999999999139119,0.9999999999959526,0.9999999999998231,0.9999999999999961,1.0,1.0,1.0,0.9999999999999999,1.0,1.0,1.0,1.0,0.9999999999999971,0.9999999999997073,0.999999999990526,0.9999999999863122,0.9999999999862521,0.9999999999862517,0.9999999999862516,0.9999999999862516,0.9999999999862516,0.9999999999862517,0.9999999999862516
15.840336134453782,2.388811071731351e-10,2.388811071731351e-10,2.388811071731351e-10,2.388811071731351e-10,2.388811071731351e-10,2.388811071731351e-10,2.388811071731351e-10,2.388811071731351e-10,2.3888110717313516e-10,2.3888110717313506e-10,2.3888110717303626e-10,2.3888110683833304e-10,2.3887999105657244e-10,0.5009242144177449,0.5009242144177449,5.376571722913756e-10,2.3792589565199455e-09,1.0531523940184605e-08,4.6631848085239395e-08,2.0655055317002516e-07,9.151033546968487e-07,4.0530752331181014e-06,1.7918187516038243e-05,7.875473757868775e-05,0.0003409921358038914,0.0014268154039271527,0.0055760658404162035,0.019437053060585095,0.05809407554973852,0.14561569438368566,0.2956041713068353,0.4600308020780171,0.5615227282866504,0.6069838906525704,0.6374538181282499,0.663479027668157,0.6730162347012748,0.6497726239916294,0.5956076561577254,0.5361156092360395,0.49262247550638655,0.46932564038345376,0.46067409448917324,0.45816245342925965,0.45493456369103574,0.44987041649786064,0.4526546850330333,0.4791949570688036,0.5230716200614095,0.5480518872009887,0.5323527020969732,0.48779935373270605,0.4422769792127181,0.42014562158249613,0.4311930139914194,0.46514876880591116,0.4954044065385634,0.5017046636781008,0.4886300312144029,0.48132598953248457,0.5031788125334303,0.5490279659487115,0.5949366503016998,0.6234172420899013,0.6186484146856274,0.5695473010277783,0.4973233716165809,0.44602870794329114,0.4504626281945993,0.5215255604782661,0.6194486829151125,0.6907578296900364,0.7273153406136463,0.7409246418310664,0.7440559123842266,0.7502023053697988,0.7670631795777387,0.7786676537982009,0.7036686917419778,0.4760081570437536,0.34291162437779804,0.384590156843134,0.4854038909224885,0.5793673324955899,0.6462205387428782,0.6970498986594399,0.7521441492464424,0.8272362994127502,0.9161480362380721,0.9745076280719188,0.9942564192942497,0.9988736096179407,0.9998101350242529,0.9999771092156241,0.9999982812260746,0.9999999055020738,0.9999999953566322,0.9999999997789101,0.9999999999897231,0.999999999999618,0.9999999999999957,1.0,1.0,1.0,1.0,1.0,1.0,1.0,1.0,0.9999999999999999,0.9999999999999911,0.9999999999995395,0.9999999999990801,0.9999999999990709,0.9999999999990707,0.9999999999990707,0.9999999999990709,0.9999999999990707,0.9999999999990707,0.9999999999990707
15.991596638655462,1.2158454754913535e-11,1.2158454754913535e-11,1.2158454754913533e-11,1.2158454754913535e-11,1.2158454754913535e-11,1.2158454754913537e-11,1.2158454754913533e-11,1.2158454754913537e-11,1.2158454754913535e-11,1.2158454754913535e-11,1.2158454754907934e-11,1.215845473760667e-11,1.2158422192268156e-11,0.5009242144177449,1.198627353670746e-10,5.378767371643274e-10,2.3805093918639275e-09,1.0538588674247206e-08,4.6671835832754016e-08,2.067803678751136e-07,9.16478867674197e-07,4.061976358194753e-06,1.798263833768866e-05,7.927764986922597e-05,0.0003455284547430889,0.0014655289480097373,0.005867511065280695,0.021135036384867273,0.064799889702802,0.16143793375780174,0.31304406651407746,0.4581170396463625,0.5334052683115138,0.5624530737453303,0.5896759013023394,0.6241180415669204,0.6487776389351908,0.6390346807103036,0.5904382645908834,0.530317706151528,0.4848614579845329,0.46260191793088745,0.45982035471879956,0.4642525647451214,0.4631616719498654,0.45373477761850267,0.4480885293547297,0.46592890617481825,0.504859610487461,0.5309007382742079,0.5214102019070445,0.4851149744702146,0.4446581779171532,0.4202280188991119,0.4227046306950744,0.4471584449775768,0.4720823188672053,0.47963826992997616,0.47556489387926854,0.4835889109606289,0.5166121840060935,0.5582802101879233,0.5859258210131377,0.5888460238439089,0.5603437769332316,0.503117977333104,0.445309989530472,0.41855104528262616,0.43798888737516634,0.5028819689062641,0.5830227941601497,0.6427380621605299,0.676017806683249,0.6905237912922644,0.6971004451553146,0.7097341456528363,0.7369606204813741,0.7629859825384089,0.7074657804099349,0.4806646173720243,0.2901071810321659,0.28000630259915116,0.35761821026048496,0.4492830319336871,0.5253697516947983,0.59005945531641,0.6614704225828202,0.7587170219128223,0.8787407051281867,0.9621348777649297,0.9913508130588151,0.998269129300735,0.9996889817754837,0.9999563189253147,0.9999960952622458,0.9999997654882834,0.999999988160837,0.999999999433882,0.9999999999746813,0.999999999999359,0.9999999999999963,0.9999999999999998,0.9999999999999998,1.0,1.0,1.0,1.0,1.0,1.0,1.0,0.9999999999999998,0.999999999999981,0.9999999999999385,0.9999999999999372,0.9999999999999372,0.9999999999999372,0.9999999999999373,0.9999999999999373,0.9999999999999373,0.9999999999999372
16.142857142857142,6.188351341168319e-13,6.188351341168319e-13,6.18835134116832e-13,6.188351341168319e-13,6.188351341168319e-13,6.188351341168319e-13,6.188351341168319e-13,6.188351341168318e-13,6.188351341168318e-13,6.188351341168318e-13,6.188351341166693e-13,6.188351355604985e-13,6.188701040575939e-13,1.178379515469475e-12,1.1996766844738593e-10,5.381994059431291e-10,2.3823880255236126e-09,1.054953271448396e-08,4.673578945562243e-08,2.071577014908521e-07,9.187525944007432e-07,4.07621886495622e-06,1.8077413734402817e-05,7.995839439161379e-05,0.0003507714682473615,0.0015069746468538224,0.00617573307919281,0.023029281861735612,0.07302491456808678,0.18301833216219088,0.3419229542354679,0.47108546747484265,0.5191363182775852,0.5256071186346555,0.5409540043789319,0.5768636859156866,0.6139299719621066,0.6186100308701017,0.5780135785252141,0.5198916679197816,0.47466149807148955,0.45494091306361684,0.45907459882460017,0.47131911470938154,0.47295827664657586,0.45987109726137293,0.4469658337816721,0.4571359617522035,0.4919967508564694,0.5201598003187289,0.5164826764835704,0.48586463424457094,0.44755117753814594,0.41952306943394885,0.4137042215304588,0.42910220947091027,0.4480563847325162,0.4547430437631343,0.4562374336185279,0.47506570435791545,0.5163973840442578,0.5570729347951501,0.5734040698968561,0.5562870401346962,0.5084168491497731,0.44973392887417823,0.41108243961505825,0.40758314651198424,0.43882857690472554,0.49665324151710766,0.5593689604608377,0.6067756192905452,0.6352900306555724,0.6487577333094866,0.6565556904365131,0.6742023402319203,0.7119986425950612,0.7533007276460941,0.7180330507800371,0.5013784977516025,0.26630330644878153,0.2026483568625344,0.24708861574481483,0.32499762851641,0.4021528389354821,0.4751639592449955,0.558136874991756,0.6740899699987902,0.8278088847472742,0.9441157475585789,0.9870224972979403,0.9973662124438076,0.9995068490891998,0.9999221012011791,0.9999916326854128,0.9999994313168452,0.9999999700187296,0.9999999985624209,0.9999999999429684,0.999999999999239,0.999999999999997,1.0,1.0,1.0,1.0,1.0,1.0,1.0,1.0,1.0,0.9999999999999999,0.9999999999999994,0.9999999999999959,0.9999999999999958,0.9999999999999957,0.9999999999999958,0.9999999999999958,0.9999999999999957,0.9999999999999958,0.9999999999999958
16.294117647058822,3.149717056422963e-14,3.149717056422964e-14,3.1497170564229635e-14,3.149717056422963e-14,3.1497170564229635e-14,3.1497170564229635e-14,3.149717056422963e-14,3.1497170564229635e-14,3.1497170564229635e-14,3.149717056422964e-14,3.1497170564406e-14,3.149717344462843e-14,3.154129527201563e-14,6.825692597021122e-13,1.202369590569575e-10,5.386428528236055e-10,2.3849982119818263e-09,1.0564913960956234e-08,4.6826649429455786e-08,2.076976582550292e-07,9.220006928541056e-07,4.096192442106738e-06,1.820470495055959e-05,8.081159624014834e-05,0.0003568267412778598,0.0015517091897914233,0.006500058528059262,0.02508591947819779,0.08262759927050164,0.2100558996698621,0.3809034589995566,0.49713155970926926,0.5198763121194736,0.5018547850428596,0.4985543972056093,0.5272824530655036,0.5708305197041194,0.5886947809419844,0.5576802558522652,0.5039096221303196,0.46134903585378284,0.44626448046657313,0.4583952150478364,0.4782439986982002,0.48193888963512344,0.4657342358213916,0.44798804463194564,0.4532968694200302,0.48555242241956964,0.5159709092077197,0.5166605693287246,0.488461898042695,0.4486740839976531,0.4146931585351783,0.39972974330175126,0.40614786812307857,0.41961033628469535,0.4256084697457188,0.43130772454681426,0.4572239674839803,0.5037300103088457,0.5446917218491457,0.554598263113967,0.5237501643130394,0.4635523214949974,0.40781672549985293,0.3857032796770599,0.3997041356813607,0.44002856814382163,0.49374933521958003,0.5445016062224904,0.5826275243822009,0.6066115312858215,0.6175428600694849,0.6242341348486679,0.6452287394370106,0.6934290607634838,0.7496175300898636,0.7322706788493176,0.5283563156726258,0.26148356103180015,0.15069649964801485,0.16072256929872514,0.21817996767648234,0.2883888434588836,0.3622893740799637,0.44935902838407593,0.5761878553268771,0.7611511585224557,0.9182265804571408,0.9805906114116064,0.9960164862698365,0.9992345517268448,0.9998686468697241,0.9999832663689947,0.9999986683791389,0.9999999249789194,0.999999996437758,0.999999999896437,0.9999999999993022,0.9999999999999976,1.0,1.0,1.0,1.0,1.0,1.0,1.0,1.0,1.0,1.0,0.9999999999999999,0.9999999999999998,0.9999999999999997,0.9999999999999997,0.9999999999999997,0.9999999999999998,0.9999999999999998,0.9999999999999997,0.9999999999999998
16.445378151260503,1.60312771342172e-15,1.6031277134217198e-15,1.6031277134217202e-15,1.60312771342172e-15,1.60312771342172e-15,1.60312771342172e-15,1.60312771342172e-15,1.6031277134217198e-15,1.6031277134217202e-15,1.6031277134217346e-15,1.6031277136441259e-15,1.6031310741426302e-15,1.6537632320870888e-15,7.43586107792399e-13,1.205142247967877e-10,5.392356465255699e-10,2.3885046714723973e-09,1.0585675353247466e-08,4.694978597237032e-08,2.0843073902797684e-07,9.263970073281979e-07,4.122904382001645e-06,1.8370570511790166e-05,8.187582756231745e-05,0.00036395020244787903,0.0016013191759167269,0.006847308327398249,0.027310768933727934,0.09355805119330735,0.24227795252270237,0.4284166608982862,0.5337979945515496,0.534925860192526,0.49458117410108127,0.4701819465759006,0.4846277321183489,0.5264434169342502,0.5525160397151812,0.5300985570227166,0.48184660771097193,0.4442612520611977,0.43621964318162476,0.4570139002335132,0.4828039560406358,0.4869246013217736,0.46877645111479105,0.45023489573867403,0.4550613007112975,0.4865686650205679,0.5183721719260058,0.521047580819393,0.491704300702412,0.4466494631792009,0.40389246022541825,0.3781364991444295,0.37488173492994104,0.38332827775478767,0.3900421953738847,0.4006366251276371,0.43213264562289067,0.48178560163659573,0.5230460115746768,0.5295032590518419,0.4912832829247815,0.42630960824462183,0.37435300672969407,0.36129477489663264,0.38529023263841183,0.4329546005907443,0.4875595330562064,0.5339624257886492,0.5677599788194946,0.5888186124061985,0.596752049025953,0.6007922418872788,0.6236676870611585,0.6815698025692285,0.7508870199219805,0.7461542392986095,0.55015636217701,0.26125567886609563,0.11626772084070133,0.09828478950265752,0.13425016220892946,0.19187719584066165,0.25992692660117894,0.3435020994437705,0.4708853520759687,0.6781878495076601,0.8817273651572929,0.9710690113160286,0.9939978761528427,0.9988276309385301,0.9997875124062462,0.999968839799936,0.9999970321372122,0.999999816267278,0.999999991774896,0.9999999998657902,0.9999999999994317,0.9999999999999982,1.0,1.0,1.0,1.0,1.0,1.0,1.0,1.0,1.0,1.0,1.0,1.0,1.0,1.0,1.0,1.0,1.0,1.0,1.0
16.596638655462186,8.159521693744745e-17,8.159521693744746e-17,8.159521693744745e-17,8.159521693744745e-17,8.159521693744747e-17,8.159521693744746e-17,8.159521693744746e-17,8.159521693744746e-17,8.159521693744745e-17,8.15952169374644e-17,8.159521719263377e-17,8.159905912185889e-17,1.3944514267931574e-16,0.5009242144177449,1.2080184454117988e-10,5.400178099313374e-10,2.393141759868209e-09,1.0613186539307736e-08,4.7113193054410225e-08,2.0940361461846385e-07,9.322150314072945e-07,4.157973559063042e-06,1.85847856053999e-05,8.321194476574872e-05,0.00037253179839169374,0.0016582601825208315,0.007230670876919282,0.0297490528370736,0.10587561240791872,0.2793470122196744,0.4823502724590123,0.577830170554087,0.5615559160700586,0.5034699958444616,0.4599533263786662,0.45744566275044674,0.49021765049703475,0.5163757079532519,0.4982685796915613,0.4552699671021123,0.4248057134947138,0.4260327694888217,0.45481599559086716,0.4830812958873277,0.48561239360430347,0.467788377111696,0.45383582723233734,0.463561172496632,0.4966226057447385,0.5283549375465205,0.5296921597706997,0.4951514914869616,0.44116508135530585,0.387339924312811,0.3494671489782809,0.3355054596996887,0.33875746712770205,0.3474101624317574,0.36425242289435017,0.40126024170681035,0.45316425523004555,0.49468346950050185,0.500588170523297,0.46207091391343635,0.3989975545882245,0.3487494040274537,0.3351146098895995,0.36032354178848386,0.4131262833136684,0.47359843045390937,0.5232788575769985,0.5579527717791742,0.5783441453605559,0.5841913583016097,0.5856987827315392,0.6094969230592308,0.675531232269661,0.7549154496145223,0.7546247737391649,0.553872964997924,0.24990522084515984,0.0901362454088796,0.05628552415413936,0.07418112508487905,0.11625800979740511,0.173406002670731,0.24765720275748304,0.3657951745697196,0.5809666849638596,0.8315687792309845,0.9570486268789831,0.9909783602429277,0.9982187641615766,0.9996658241121755,0.9999455855343182,0.9999937910892261,0.9999995675634668,0.9999999840756705,0.999999999870326,0.9999999999995556,0.9999999999999984,1.0,1.0,1.0,1.0,1.0,1.0,1.0,1.0,1.0,1.0,1.0,1.0,1.0,1.0,1.0,1.0,1.0,1.0,1.0
16.747899159663866,4.15299377089854e-18,4.15299377089854e-18,4.152993770898539e-18,4.152993770898539e-18,4.152993770898539e-18,4.15299377089854e-18,4.152993770898539e-18,4.152993770898539e-18,4.1529937708985406e-18,4.152993770917903e-18,4.152994062395092e-18,4.157382484868888e-18,7.024208663202763e-17,0.5009242144177449,1.2111120237124925e-10,5.410433001465164e-10,2.3992278064836442e-09,1.0649324343952466e-08,4.7327933396621325e-08,2.106815425763014e-07,9.398407625926177e-07,4.203697381156079e-06,1.8861185003740966e-05,8.490480275672643e-05,0.0003831027478502648,0.0017258586215962012,0.007669396269585597,0.03248635141064364,0.11977656975024158,0.3208574766477981,0.5400972341825652,0.6255346631766525,0.5956978941820364,0.5247969127266228,0.46641098563223043,0.448494983618384,0.4685132891557408,0.48699970582751617,0.4678535805512827,0.429732175766272,0.4088861980533425,0.42086418001869996,0.45476812928605154,0.4801926689211349,0.4787390820298958,0.46374998050643473,0.45982980325499984,0.4797511803644234,0.5168337744848582,0.5469232507671069,0.5426813198391159,0.49809712358661196,0.4321382973272516,0.36689152310617273,0.3174751078387204,0.2925064582776541,0.28973514695995817,0.30024271542791037,0.3236889533550732,0.36603075662664686,0.41969175507148315,0.4620975945547452,0.471741499711862,0.44099173857769597,0.385093981091629,0.33339943065684513,0.30984084310541316,0.32637224270169923,0.379645271307993,0.4483365083452771,0.5064170845778336,0.5455004588033628,0.5674741258863818,0.5742042526937124,0.576505384323653,0.6017323688230637,0.6731194210546733,0.7583058487109782,0.7515443777899302,0.5276363948515366,0.21787634040756007,0.06664624812064011,0.030445661319299183,0.03629147462222945,0.06263879059572015,0.105408381434968,0.16637185176769756,0.26814239752653796,0.47445768609921896,0.7648859283362874,0.936548081943695,0.9864608269182484,0.9973061428600392,0.9994838231204799,0.9999096980919101,0.999987913545456,0.9999990558314029,0.9999999773652686,0.9999999998921247,0.999999999999657,0.9999999999999989,1.0,1.0,1.0,1.0,1.0,1.0,1.0,1.0,1.0,1.0,1.0,1.0,1.0,1.0,1.0,1.0,1.0,1.0,1.0
16.899159663865547,2.113770519542577e-19,2.1137705195425764e-19,2.113770519542577e-19,2.113770519542577e-19,2.1137705195425771e-19,2.1137705195425771e-19,2.1137705195425767e-19,2.1137705195425767e-19,2.1137705195425913e-19,2.113770519763721e-19,2.1137738489489143e-19,2.1639066966910112e-19,7.573028076701823e-17,0.5009242144177449,0.5009242144177449,5.423836133897268e-10,2.407186110321966e-09,1.0696594468455563e-08,4.760884049016659e-08,2.1235239693504258e-07,9.497957404918386e-07,4.263183318632129e-06,1.9218416471090397e-05,8.70675905285282e-05,0.00039635991011974524,0.0018084287809201486,0.008189124909188354,0.03564993286455354,0.13561053071943763,0.3663412295490554,0.5988126294910932,0.6733250728984304,0.6329587605562115,0.5531218764132221,0.4839278631467051,0.45372151460886734,0.46048772418514755,0.467233799013781,0.44482852045503496,0.41377668673382184,0.4062480430285904,0.4294278506049484,0.46371675575349736,0.48003026299404644,0.47127966473515753,0.46004786303747097,0.46980681619583387,0.5035079821754398,0.5460547598844889,0.5725270961684005,0.55749327047511,0.4973075637004501,0.41805610019674777,0.3445655439695019,0.28770553963328743,0.25400173274414223,0.2451476293580952,0.2561981561060227,0.28446453337490557,0.3302286688049701,0.3842902476796186,0.4283937121573076,0.44689260147686605,0.43159547999093756,0.38691139091707416,0.3316859603340144,0.29136996975693785,0.2894826645105493,0.334920080314756,0.4082436892203333,0.4736631272919159,0.5174051626991726,0.5438610633050729,0.557680770723906,0.5685946194133256,0.5989857291083021,0.6718944709860527,0.7570542870127364,0.7308517926637985,0.46729557135276495,0.16979115713310003,0.0457349660093055,0.016023030279931984,0.015934568048123137,0.02961830892482648,0.057001284988570856,0.10206665303891267,0.18324303935551337,0.3656925136570732,0.6797890131280264,0.9068262023429925,0.9796963993616898,0.995935169173379,0.9992113058926608,0.9998555059799106,0.9999781099620942,0.999998202026486,0.9999999765320357,0.9999999999150727,0.9999999999997363,0.9999999999999992,1.0,1.0,1.0,1.0,1.0,1.0,1.0,1.0,1.0,1.0,1.0,1.0,1.0,1.0,1.0,1.0,1.0,1.0,1.0
17.050420168067227,1.0758557069072708e-20,1.0758557069072706e-20,1.0758557069072708e-20,1.0758557069072708e-20,1.0758557069072708e-20,1.0758557069072709e-20,1.0758557069072708e-20,1.0758557069072706e-20,1.0758557069074385e-20,1.0758557094330581e-20,1.0758937407165468e-20,1.6487366864259434e-20,8.63316571588402e-17,0.5009242144177449,0.5009242144177449,5.441326937175048e-10,2.4175738189264135e-09,1.0758301081692572e-08,4.79755126652237e-08,2.1453248543533975e-07,9.62771058998901e-07,4.340547925727008e-06,1.968110930853029e-05,8.984872422246933e-05,0.0004132061787262251,0.0019114948839482342,0.008822857052125412,0.03941131431445208,0.1538777022272001,0.41524249999456775,0.6557612046613538,0.718197334952219,0.6694238261714204,0.5829565349097275,0.5054427367146614,0.46517001347905673,0.45920451879790347,0.45428994624246033,0.43184470050227,0.4141504084592703,0.424815985265534,0.458673498458928,0.48876877318353046,0.49128613716206154,0.471624726103622,0.46226689394823484,0.48568638787042523,0.5329448998376184,0.5793151176957035,0.5983576900427048,0.5660516011357158,0.48512732876821196,0.3948656335459372,0.3209229739524101,0.2651534309867038,0.22946783786904829,0.2178307341948611,0.22869458435713488,0.25818862886714977,0.3029041571383955,0.3537231884303125,0.39846004373647886,0.4284464038158841,0.433021333184326,0.4027663352267574,0.3450154597947023,0.2856268262476065,0.2579133036335048,0.28426766623159494,0.3507962173047618,0.4154478146307301,0.4634223560638282,0.5002123907302681,0.5299111623664714,0.5590216713077094,0.6012974301839226,0.6729796000014587,0.7501456772629753,0.6917231798493727,0.3838558429281118,0.12022952427317214,0.029436893964890257,0.0084911571809376,0.006561721033204272,0.012444143265267866,0.02707059946717371,0.055832371802732865,0.11446649044244332,0.262262332204254,0.5763198612779962,0.8641371838032965,0.9695393189952946,0.9938683471626596,0.9988020662143264,0.9997742811224676,0.9999628362934752,0.9999972339162164,0.9999999797938384,0.9999999999343084,0.9999999999997976,0.9999999999999997,0.9999999999999999,1.0,1.0,1.0,0.9999999999999999,1.0,0.9999999999999999,0.9999999999999998,0.9999999999999996,0.9999999999999994,0.9999999999999989,0.9999999999999984,0.9999999999999997,1.0,1.0,1.0,1.0,1.0,1.0
17.201680672268907,5.475754741940232e-22,5.475754741940232e-22,5.475754741940232e-22,5.475754741940232e-22,5.475754741940231e-22,5.475754741940232e-22,5.475754741940231e-22,5.475754741940233e-22,5.475754741959393e-22,5.475755030465493e-22,5.480100484734934e-22,7.095478212158788e-21,9.870693411383492e-17,0.5009242144177449,0.5009242144177449,5.46413467527425e-10,2.4311205611520527e-09,1.0838775041157362e-08,4.845366027103818e-08,2.1737449748693997e-07,9.796742553066056e-07,4.44119373326958e-06,2.0281513607249725e-05,9.344158609417294e-05,0.0004348082533731342,0.0020421230022956214,0.00961260616585209,0.04399089020050567,0.17520514508999077,0.46685710252141555,0.7086415241087111,0.7579845800807775,0.7020095507894709,0.6095426738590638,0.5240897001255685,0.47380452366576614,0.45505980550771863,0.44151750182418364,0.42666255131610237,0.43110487757534555,0.4643797231316009,0.5076363029313725,0.5313913127622523,0.5200117093673353,0.48839880961808135,0.47722467593936,0.5094709387177998,0.564417577173585,0.608134804653647,0.6126839129072431,0.5557853270195822,0.4521959549442477,0.3583307820912878,0.29546105144918794,0.2527659635256033,0.2261384195762884,0.2189187082722303,0.2307190413324839,0.25780018579359004,0.29589351922849394,0.33774634668185277,0.3782173449654594,0.416045282155741,0.4387656719168455,0.42489928294534207,0.3699293755912849,0.29579041016906776,0.23970288074492943,0.23532022191269694,0.2801354464628782,0.336778195360096,0.39134744775575137,0.4446384905865334,0.4968658523110331,0.5502179437926945,0.6101161778273797,0.682536475470371,0.746171150256771,0.648945375160493,0.30200626785941637,0.08084350422669123,0.018303081349455675,0.004622404361896474,0.0026769821451660316,0.004805278265916553,0.011414458526998834,0.026851860085837724,0.06380396999025485,0.1713551652414354,0.4575000520553634,0.8033924348692711,0.9541766046419473,0.9907311564525432,0.998184458470861,0.999652494979998,0.9999402582355914,0.9999966799021852,0.9999999838633593,0.9999999999494296,0.9999999999998443,0.9999999999999996,0.9999999999999998,0.9999999999999998,0.9999999999999996,0.9999999999999989,0.9999999999999982,0.999999999999997,0.9999999999999949,0.9999999999999912,0.9999999999999849,0.9999999999999738,0.9999999999999549,0.9999999999999272,0.9999999999999829,0.9999999999999997,1.0,1.0,1.0,1.0,1.0
17.352941176470587,2.786299006691712e-23,2.786299006691713e-23,2.786299006691712e-23,2.786299006691712e-23,2.786299006691712e-23,2.786299006691712e-23,2.786299006691712e-23,2.786299006691727e-23,2.786299006910535e-23,2.786302302480229e-23,2.835955830049067e-23,7.513070933076307e-21,1.12900507749848e-16,0.5009242144177449,0.5009242144177449,5.493864496664773e-10,2.4487794498634645e-09,1.0943676042292983e-08,4.9076895127441546e-08,2.2107810049413637e-07,1.001692068710708e-06,4.572181254894905e-06,2.1061709238571756e-05,9.809767447850501e-05,0.00046267491208275063,0.002209378094164889,0.010611798108782594,0.049664912311026654,0.2003008916268217,0.5202630813297593,0.755793126677053,0.7913487179373696,0.7283537535108697,0.6286214490248272,0.5330389860133091,0.4702616132545772,0.4383098896501228,0.42147107013610763,0.4234674701644458,0.4577810375359857,0.5158434760056797,0.5669839355076808,0.5851492078451224,0.5646708287663555,0.5253488696643981,0.5101481939528063,0.5425126232795632,0.5938189922421887,0.6241715170433285,0.6051663438326793,0.5187468635002898,0.3970234047371468,0.3104133557977268,0.2699957370861513,0.25237761105385653,0.24631571989957865,0.2505094132758786,0.26408699743006336,0.285839158463609,0.3132899394548269,0.34138244652875466,0.37059676506749223,0.40667640895237217,0.43897579106395135,0.44031650725705535,0.3969312697782136,0.3212749653956367,0.24244524767712727,0.19818193516761484,0.21128044827673248,0.25832771978570995,0.3197338696216002,0.39019803178781215,0.4663758544435778,0.5453419762548765,0.6249396308649473,0.7028704967085619,0.7577691798312105,0.6337101867527707,0.24750587558222178,0.055250117280103574,0.01140956361751968,0.002605488545266075,0.0011335418381604682,0.0017711758951556508,0.004401632724207146,0.011447882338214529,0.031220419402361064,0.09932439990789492,0.3306918866639932,0.7176373010968866,0.9304827209620383,0.9858818460425419,0.9972391135113395,0.9994679590181791,0.9999083657007384,0.9999967424095455,0.999999987371608,0.9999999999604376,0.9999999999998691,0.9999999999999946,0.9999999999999915,0.9999999999999851,0.9999999999999744,0.999999999999956,0.9999999999999243,0.9999999999998694,0.9999999999997752,0.9999999999996128,0.999999999999333,0.999999999998851,0.9999999999980217,0.9999999999966893,0.999999999998535,0.9999999999999671,0.9999999999999994,1.0,1.0,1.0,1.0
17.504201680672267,1.4119027353116958e-24,1.411902735311696e-24,1.411902735311696e-24,1.411902735311696e-24,1.4119027353116956e-24,1.4119027353116956e-24,1.4119027353116958e-24,1.4119027353118613e-24,1.4119027378008381e-24,1.4119402370427533e-24,1.9771678132930586e-24,8.526907506221752e-21,0.5009242144177449,0.5009242144177449,0.5009242144177449,5.532610182899881e-10,2.4717939948770387e-09,1.1080389594592306e-08,4.98890854731762e-08,2.2590391032931873e-07,1.0303733403137528e-06,4.742721234371967e-06,2.207653247244808e-05,0.00010414403426141145,0.0004987608176080719,0.0024249330698268437,0.011888517236597493,0.05677452654084237,0.22988384605226334,0.5742876984623223,0.7962381228448271,0.81753130275548,0.7462733873573487,0.6353581974951632,0.524339152225349,0.44529220503350353,0.40191255397176967,0.38940263716545137,0.4158714391742148,0.4837392419016494,0.5662354542698281,0.6241641906740757,0.6389022057813029,0.615642868011982,0.576588207925659,0.5594712346863645,0.583667359721304,0.6187381818137316,0.624891970331604,0.5758542880354489,0.4618051888958548,0.3325234684075141,0.2627678197278523,0.2518073042043592,0.26704338062833827,0.2880684526851634,0.30538081428509917,0.31859107757392735,0.3319724941134553,0.3466947403792347,0.35942626131795447,0.37259941703148475,0.3963283596365201,0.42583075272180454,0.43734592819935486,0.4151632184964328,0.36040444155133045,0.27669389095663044,0.18648362564688825,0.16050702797598218,0.1954671051229592,0.25950907903909576,0.3432305187546612,0.4411092338677836,0.5443565109713339,0.6429328535997882,0.7288757838621142,0.7835942598349936,0.6630676136126766,0.2352647609608468,0.04231974251095043,0.007522204914426034,0.0015377309839866252,0.0005136679578294934,0.000641977475599327,0.0015999561426649027,0.004433364612924296,0.013417732327337256,0.049682632437390295,0.20772894694273916,0.594804837438927,0.8905888385577606,0.9775843520493883,0.9956343706765346,0.9991592946669208,0.9998656521883128,0.9999971326132778,0.9999999887027555,0.99999999995116,0.9999999999995343,0.9999999999997771,0.999999999999622,0.999999999999349,0.9999999999988789,0.9999999999980689,0.9999999999966741,0.9999999999942714,0.9999999999901331,0.9999999999830055,0.9999999999707284,0.9999999999495828,0.9999999999131726,0.9999999998523613,0.9999999998896039,0.999999999996759,0.9999999999999448,0.999999999999999,1.0,1.0,1.0
17.655462184873947,6.683680697755433e-26,6.683680697755434e-26,6.683680697755432e-26,6.683680697755433e-26,6.683680697755433e-26,6.683680697755433e-26,6.683680697755435e-26,6.683680697772994e-26,6.683680962337085e-26,6.687668533163933e-26,6.682507272862862e-25,9.077344865988002e-21,0.5009242144177449,0.5009242144177449,0.5009242144177449,0.5009242144177449,2.501785926716103e-09,1.1258548940808069e-08,5.094745846447377e-08,2.3219194176729545e-07,1.067738812607264e-06,4.96482878696821e-06,2.339747966345225e-05,0.00011200660443609636,0.0005456062817447235,0.002703895094351593,0.013529948439964058,0.06573744428864911,0.26459526438139697,0.6275616607170796,0.8295686605813205,0.8359041370184879,0.75279438500472,0.622874762913599,0.48901156691991116,0.39342614979293283,0.3460775336929947,0.3461488564673156,0.39983743007591244,0.49953542567353126,0.6040369682851221,0.6680077835597285,0.6808709317236183,0.6585248399034448,0.6259486189430874,0.612136415472882,0.6263953544238391,0.6393491452626341,0.6167890190733859,0.5382863527139812,0.40510890982448694,0.27947550149435185,0.23217191525772568,0.25283692429028654,0.3020517388580912,0.34823196899720193,0.37378220505260645,0.38181264419852307,0.38337317069397797,0.38378784112104625,0.38150173751803196,0.37757175322782577,0.38220192137726844,0.39927813636413095,0.41716963094545423,0.4254994540106236,0.4162963542304587,0.3552618177873536,0.2156344856972736,0.13567362144396874,0.1515836560151275,0.21293730580469844,0.30483613074211596,0.4205054019219931,0.5453761487896045,0.6610060257435328,0.754803265759258,0.812304847007758,0.7143378690053757,0.2614776391189307,0.03933916256102746,0.005630990434734011,0.0009741616363323612,0.0002520741604328114,0.0002314743126186163,0.0005522910310239722,0.001568571092073883,0.004971682257328486,0.019865286283710187,0.09702855810251093,0.38526529111926683,0.779812656649701,0.9499842399015631,0.9899749952512431,0.9981868912972823,0.9998487368061854,0.9999969503244788,0.9999999601834475,0.9999999994759797,0.9999999999873777,0.9999999999902978,0.9999999999834244,0.9999999999714405,0.9999999999508048,0.9999999999152649,0.9999999998540513,0.999999999748618,0.9999999995670199,0.9999999992542355,0.9999999987154963,0.9999999977875736,0.9999999961895346,0.9999999934743574,0.9999999928965181,0.9999999996822531,0.9999999999945417,0.9999999999999076,0.9999999999999984,1.0,1.0
17.80672268907563,1.5516912420808427e-27,1.5516912420808427e-27,1.5516912420808425e-27,1.5516912420808425e-27,1.5516912420808427e-27,1.5516912420808425e-27,1.5516912420808488e-27,1.5516912421723905e-27,1.5516926218416088e-27,1.5724982569293747e-27,3.1556749394449017e-25,4.7439660414312225e-21,0.5009242144177449,0.5009242144177449,0.5009242144177449,0.5009242144177449,2.540876592960336e-09,1.1490767172936788e-08,5.232703220158035e-08,2.4038856646328005e-07,1.1164460817763461e-06,5.254340328147603e-06,2.5119036545619786e-05,0.00012225008395092807,0.0006065917961749131,0.0030664420698133955,0.015652406123721197,0.0770906806446289,0.30503240390360836,0.6788731292774292,0.8558812523472193,0.8456019170495978,0.7435192979213576,0.5832655611394135,0.42343875110661594,0.3206167890588275,0.2804809903296012,0.29724103735854535,0.37384575145596993,0.4977420451417485,0.6191553497474424,0.6878306287370808,0.698873397045059,0.6773485384864685,0.6522105094348243,0.6459461736858684,0.65750550985281,0.6562908531497006,0.6129773837086848,0.514769359693526,0.37349151834209243,0.2582002788737719,0.23525708309748017,0.28642012322046145,0.36345049220853654,0.4242333850579703,0.4485778395843016,0.44581552947287345,0.4323482812399072,0.4167507083271757,0.39975100062922986,0.379990964107051,0.36500900611354264,0.3699517161750394,0.399632743377224,0.4473149681810654,0.4944787874341785,0.47492724646301576,0.2951315558667057,0.14072025406072936,0.12632287345064314,0.18006214313658958,0.2753479120879154,0.40400343566936386,0.5468014438670261,0.6770370380325075,0.7773550314045081,0.8342895613242765,0.7385947256085549,0.27916096255318174,0.03907915442530066,0.004683697546246478,0.0006593132269199391,0.00012965121741541398,7.858237378873563e-05,0.00016537767120983988,0.000443629162411338,0.0012726063771135488,0.004448435490887167,0.019962736294128224,0.09617433548603255,0.3663545566027952,0.7641738951629232,0.9544584691937582,0.9963692728735704,0.9998776638862635,0.9999954031083371,0.9999997886632077,0.9999999921537027,0.9999999996229004,0.9999999995917858,0.9999999992786823,0.9999999987489645,0.9999999978420112,0.9999999962819087,0.9999999935955355,0.9999999889688017,0.9999999809998213,0.9999999672740966,0.9999999436329404,0.9999999029134746,0.9999998327824874,0.9999997127169825,0.9999996070036913,0.9999999691921495,0.9999999994600663,0.9999999999908716,0.9999999999998457,0.9999999999999974,1.0
17.95798319327731,7.68802526614588e-30,7.688025266145878e-30,7.688025266145878e-30,7.688025266145878e-30,7.68802526614588e-30,7.688025266145878e-30,7.688025266146555e-30,7.688025276333978e-30,7.688178893994748e-30,1.0006341811698425e-29,3.502725899934036e-26,5.296988300632008e-22,0.5009242144177449,0.5009242144177449,0.5009242144177449,0.5009242144177449,2.5919780597947827e-09,1.1794586623147375e-08,5.4133851726347596e-08,2.511376302730163e-07,1.1804254416189327e-06,5.6354108454329005e-06,2.739092300724683e-05,0.00013581242962473744,0.0006876690409926299,0.003550762247385284,0.01849704999948035,0.09210943915796019,0.35409860101616086,0.7304118052078943,0.8779369790448371,0.849523484241163,0.7235260001971411,0.5307245719603756,0.3536039865095761,0.2523042355039766,0.22092937966499285,0.24837348565265716,0.3351383301804454,0.4678149386665076,0.5960415294630196,0.6676677193035617,0.6785550305024025,0.6586092827054103,0.6399555371341201,0.6425354718443108,0.6622896859522759,0.6673413277933368,0.6263977188400911,0.5297239758270543,0.3939790879944874,0.2902667869006669,0.2882376315349084,0.36337475623400095,0.45413164405412737,0.5129499346723311,0.5251582560373859,0.5067234670805734,0.47619103666592505,0.4435782325728644,0.4122106443016342,0.3796071914402675,0.35161519101750144,0.35654231929216856,0.4105273336359833,0.4988552731282196,0.589131886099964,0.6067897036197661,0.4192083494428268,0.18276068331494577,0.12339263491625341,0.16465999341107876,0.25889819617733306,0.39453815028376277,0.549693384585856,0.690949162742867,0.7952242545527265,0.8391033436413388,0.6686867721666434,0.20428881771379054,0.02731816455728708,0.003204888821972754,0.00040980513804170265,6.342003499697985e-05,2.0629864942154244e-05,3.0038370619068105e-05,6.880523635958914e-05,0.00020017245968005656,0.0009503681130838879,0.006181410632317782,0.0427309514048523,0.24682850679875815,0.7100938688178905,0.9544028427973003,0.9968423234252755,0.999862895193137,0.9999929884225394,0.9999995805568027,0.9999999739710532,0.9999999961665762,0.9999999891492872,0.9999999722776393,0.9999999467150893,0.999999905907553,0.9999998370637319,0.9999997190383331,0.999999515954846,0.9999991662387032,0.999998563915838,0.9999975264873554,0.9999957396310222,0.9999926620492151,0.9999873754599734,0.9999804996143402,0.9999970837354308,0.999999946602264,0.999999999096831,0.9999999999847362,0.9999999999997421,0.9999999999999957
18.10924369747899,2.3874356883587018e-32,2.3874356883587018e-32,2.3874356883587016e-32,2.3874356883587016e-32,2.3874356883587018e-32,2.387435688358702e-32,2.387435688363417e-32,2.3874357594548277e-32,2.3885084773308287e-32,1.8590894289825014e-31,2.450602149666441e-27,3.712660535180347e-23,0.5009242144177449,0.5009242144177449,0.5009242144177449,0.5009242144177449,0.5009242144177449,1.2214568626768182e-08,5.666878932773098e-08,2.6649909230387296e-07,1.273976193462305e-06,6.208655025202472e-06,3.093072202103505e-05,0.00015788224730215939,0.0008268828109145391,0.004438910995598136,0.02412630234724269,0.12368768068844559,0.45144939374391957,0.8158877006303099,0.9198322111120368,0.8908869265259279,0.7870951952376375,0.6085562634055303,0.4044944895083499,0.256930646712249,0.19419558262133835,0.204763963282822,0.2764791274949141,0.3920522437713913,0.5115805241829336,0.5890925727064636,0.6120489119498557,0.6034828284606157,0.593758796256553,0.6035687811563558,0.6364404301853425,0.6678716499437108,0.6607568637476268,0.5983084977684636,0.49084075756266937,0.39917134349411987,0.4037301196040571,0.48451686220041684,0.5676563515492262,0.6068556029490819,0.5973982532349053,0.5601740285839856,0.513046774415507,0.465512658946159,0.42321604831915777,0.3849823708282362,0.35726218680898825,0.37737949391569786,0.4606846063805724,0.5767186836119206,0.6842022326132714,0.7222538142264028,0.5648448043851356,0.27398442088792685,0.15977743600625519,0.1850109919344288,0.2739071234774613,0.40738545237966095,0.5640395745314839,0.7083758450426264,0.8095819640599494,0.8062761717935788,0.4741515621061787,0.10006504595025492,0.01356253243401148,0.0018410543157315483,0.00027168226001104853,4.2638723741428164e-05,7.4068422163323366e-06,4.793077855490307e-06,2.3041192602390513e-05,0.0001736573930482011,0.0013569442398462788,0.010379563825000432,0.07400409396440083,0.37485586331345344,0.8139139573304068,0.9697485937298763,0.9969730972723845,0.9998122401093412,0.9999887148131664,0.999999284496398,0.9999999526370945,0.9999999889401681,0.9999999382451339,0.9999996097190762,0.9999984422963788,0.9999962767189295,0.9999930123817852,0.9999877314171689,0.9999787816031724,0.9999634220089356,0.9999369880738456,0.9998914690031556,0.9998130794535934,0.9996780927737109,0.9994459537179944,0.9990923988827872,0.9997371804801056,0.9999947222028822,0.9999999106392113,0.9999999984897617,0.9999999999744769,0.9999999999995687
18.26050420168067,7.143930060680454e-35,7.143930060680454e-35,7.143930060680455e-35,7.143930060680455e-35,7.143930060680455e-35,7.143930060680476e-35,7.143930060997538e-35,7.143934845319729e-35,7.216201365354644e-35,1.1003003153608342e-32,1.656586715093334e-28,2.516840504159821e-24,3.83716497848563e-20,0.5009242144177449,0.5009242144177449,0.5009242144177449,0.5009242144177449,1.3236276139056794e-08,6.352815555961969e-08,3.1320244419076055e-07,1.5964276005570345e-06,8.465597186330724e-06,4.694128998641072e-05,0.00027297358510938605,0.001664542421764298,0.010566166604759158,0.06683830574228541,0.33409094873844764,0.7829237619500994,0.9574054113361218,0.9810557234695443,0.9715256278667705,0.9383587944690025,0.8571708031704425,0.6927206426337299,0.4597787556670589,0.26519725303707353,0.18467034034922966,0.20047575313538454,0.2748394253440382,0.37682883895543545,0.4700421785719811,0.5238405481562876,0.5392645855275815,0.5402413760055668,0.5523940403439488,0.593895518840794,0.6572049981215503,0.7030668196654993,0.7008162788496639,0.6483564191598978,0.5800742771729345,0.572167131322229,0.6302912407018727,0.6832940978406428,0.6887104764895072,0.6502583447861681,0.593324506318806,0.5347246433098966,0.48157872672190066,0.4403019125838722,0.41176278501839036,0.3995776962650052,0.43793474392967535,0.5391368795304877,0.6627916652717902,0.7666492622212054,0.8105931382535047,0.7030094015867705,0.42544651169122055,0.27872273243046797,0.29326729952599473,0.3726960610034198,0.48807544976030237,0.6235120873131649,0.7513205353120921,0.8300615844627065,0.7250571734030052,0.2984618205144791,0.0576399077240808,0.009615229519747519,0.0016904404336914427,0.0003090322308307314,5.434043160583857e-05,8.554222845707487e-06,5.349126047596932e-06,4.124377331134734e-05,0.00034220416715830535,0.0026841469112026035,0.02022430906407028,0.13456758457795087,0.5308964972501947,0.8825124935946819,0.9770546837394521,0.9965059407860802,0.9997135172059022,0.9999812222614989,0.9999987822183709,0.9999999178506555,0.9999999736925141,0.9999998290364647,0.9999986385901912,0.9999897848602902,0.9999389304728047,0.9997789972692592,0.99950345212157,0.9990860125533787,0.9984034178204875,0.9972445451602672,0.9952602689451021,0.9918630002932797,0.9860663587539243,0.9762448830777499,0.9606305382599553,0.9787922653639688,0.9994792879692876,0.999991158708209,0.9999998505733408,0.9999999974746562,0.9999999999573208
18.41176470588235,2.132929548514699e-37,2.132929548514699e-37,2.1329295485146996e-37,2.132929548514699e-37,2.132929548514699e-37,2.1329295485148408e-37,2.132929550650213e-37,2.132961866759934e-37,2.623325114701528e-37,7.473103041972693e-34,1.1450421320874242e-29,1.7709808090921872e-25,2.776708178612734e-21,0.5009242144177449,0.5009242144177449,0.5009242144177449,0.5009242144177449,0.5009242144177449,1.4243897269537366e-07,8.974604412462263e-07,5.930063440762358e-06,4.0624707774222676e-05,0.0002852194677915923,0.002028430521761552,0.014341450969389437,0.09391218938892626,0.42065626149593466,0.8302314150147212,0.9664991100897641,0.9902805930175301,0.9930846362050866,0.9912625398160958,0.9844468766645162,0.9634088189886166,0.900807871374182,0.7390710822839338,0.4582324536537711,0.22111041335956594,0.14607060099869557,0.17928962634884793,0.2684868784185861,0.3764268563930876,0.45922368216159454,0.4965785215844374,0.5046393662541938,0.5142745187643485,0.5570804207119638,0.6422537315500837,0.7316881557728867,0.7819636477435115,0.784644162919695,0.7556910997463604,0.739935454150059,0.7605490519844499,0.769109884262942,0.7300447177751936,0.6565240901896103,0.5825697705793991,0.5240141449370661,0.48195329410356574,0.4590077703807554,0.454468645809175,0.46483632662835683,0.5137478216567571,0.618385382187876,0.7378442515304426,0.8302653713619014,0.8729412528803673,0.8140705999640191,0.6250925413256353,0.5199147501319742,0.5402155140733716,0.6018176660923598,0.6790694566043904,0.7658142994215699,0.8482050853143249,0.8762280807427896,0.6826134904364654,0.2660591663921517,0.06041422395095583,0.012135528544556767,0.0024274679366269323,0.0004745976312435681,8.41572776313775e-05,1.2900551795735606e-05,1.0535500728325208e-05,8.39843536555002e-05,0.0006831468693315178,0.005285048164454838,0.0387300788137027,0.2286308875631834,0.6687972374420592,0.918473041371362,0.9789162396341532,0.995419192143025,0.9995408764873791,0.9999683087076287,0.9999979209425734,0.9999998571104728,0.999999936719941,0.9999995582835863,0.9999964214708005,0.9999710835756306,0.9997705309535809,0.9983183735012425,0.9906786931733798,0.9700141746203652,0.9381433270205333,0.8931650520815111,0.8275568474199444,0.7354138510080088,0.6172835931541883,0.48358231861189377,0.3544727088775959,0.3910200701703688,0.9512233415942727,0.9991260228057082,0.9999852155419656,0.9999997501327613,0.9999999957769176
18.563025210084035,6.367355281203418e-40,6.367355281203419e-40,6.367355281203419e-40,6.367355281203419e-40,6.36735528120342e-40,6.3673552812133595e-40,6.367355435422478e-40,6.369787064220353e-40,4.566275663488104e-39,6.575898061724315e-35,1.1532385339182863e-30,2.1423466933314743e-26,4.240789115689747e-22,0.5009242144177449,0.5009242144177449,0.5009242144177449,0.5009242144177449,0.5009242144177449,0.5009242144177449,9.640538232955869e-06,6.256596564190694e-05,0.0003844612812043913,0.002213388891170497,0.011861406034894648,0.0579301493786908,0.2321969948442856,0.591039292392815,0.8696716657520626,0.9647353142174441,0.9867835694570644,0.9908631783940413,0.9909412851142138,0.9892428317306462,0.982789372402458,0.9578420488788122,0.8676075974270331,0.6232424657313935,0.29678298974487355,0.13801079495120555,0.13945905148572404,0.21914150023652837,0.3310241509318054,0.4275931359378285,0.4781712702373626,0.4913331837666845,0.4991100821214549,0.5397175603892941,0.6303964059277927,0.7349439723294297,0.8061255153891242,0.8362427441693403,0.839481415184213,0.8363254895726379,0.8331510969123962,0.7967355213550906,0.7101659443595034,0.6062750608228101,0.5275283533721399,0.4819286822108003,0.46016390735935137,0.4577740532528561,0.4711599373421713,0.49638468143663467,0.5518138253039726,0.6607147814526799,0.7838217513021726,0.8715422026811499,0.9129082159962654,0.8913061090249557,0.8126553640157418,0.7845868216375258,0.8051625165890297,0.8370219390852118,0.8720813608066346,0.9097815656670937,0.9422319936060735,0.9282701505219982,0.7369118134508992,0.3364019282272109,0.08908534313342707,0.019301245901492813,0.003975840227140349,0.0007758003659037314,0.00013283557159106112,1.9705879588425904e-05,2.1140914360858195e-05,0.00016942097463784972,0.001352659286172757,0.010283894744331173,0.07165700411760079,0.3505073361249341,0.7633576505251745,0.933013438418581,0.977175323021775,0.9936269156487952,0.9992514869082924,0.9999462316969006,0.9999964451653832,0.9999997495407549,0.9999998448207497,0.9999988633227398,0.9999907782040214,0.9999251402849691,0.9993932426382012,0.9951250874128967,0.9628162329093345,0.7839020889853113,0.4122979120211341,0.18985349327659976,0.1029444796195196,0.06015404170164401,0.03552817696665889,0.020901933516292354,0.012291782953566968,0.010383055275540608,0.5009242144177449,0.5009242144177449,0.5009242144177449,0.99997527671366,0.9999995820522886
18.714285714285715,1.9008083311375886e-42,1.9008083311375886e-42,1.900808331137589e-42,1.900808331137589e-42,1.900808331137597e-42,1.9008083312867954e-42,1.900811233882209e-42,1.960076022149489e-42,1.267882918693482e-39,2.812873710157915e-35,6.4566867812117e-31,1.5208195229862642e-26,3.6542436895062e-22,0.5009242144177449,0.5009242144177449,0.5009242144177449,0.5009242144177449,0.5009242144177449,0.5009242144177449,1.890813322234775e-05,8.611444059645776e-05,0.00038815931907516907,0.001739124122647476,0.007744687840280965,0.0338257625929053,0.13608191034605455,0.4154106544156205,0.7605362404376539,0.9292793548022904,0.9753296116596216,0.9848450090224041,0.9860034131571597,0.9851094256632705,0.9815219060259661,0.9663054864690358,0.9039162575902145,0.7036977420414858,0.36530105306146,0.1549853815844753,0.13015438961063322,0.19910878254464548,0.307743744793202,0.4092560424265474,0.46990569129542015,0.49186590162708776,0.5040620672452938,0.5426178658424985,0.6221710025981552,0.7117282767168365,0.774213874250073,0.8060361851713385,0.8213293620368985,0.8338196476261895,0.829195094974787,0.7659954500262824,0.6516906804877675,0.5396025051333565,0.4690854365662411,0.43727930074582494,0.4282083141479654,0.4337638293291088,0.450222980527161,0.47591146655466254,0.5265366739646427,0.6351555411736541,0.7787900488246029,0.8821146479710593,0.9282743087207158,0.9302754300197645,0.9200017944684258,0.9263004983769618,0.937897049695515,0.9489327948419736,0.959757328183703,0.9710170927072124,0.9784374523435484,0.9573716455588221,0.8160869225712051,0.45338203397266835,0.14045789635647352,0.03209070724553277,0.006653463846746495,0.0012725325724789213,0.00020743207682353282,3.002321853568168e-05,4.2383869176915145e-05,0.0003385307453656754,0.0026504023690268642,0.019577229667960758,0.12446266693794274,0.472810630554068,0.8125376698090477,0.9342442246590574,0.9727418208344456,0.9909837423801335,0.9987774949761531,0.9999086460115681,0.9999939177989978,0.9999995561895174,0.9999996137921621,0.9999970752656288,0.9999762637305583,0.9998072832037103,0.9984372875539016,0.9874541183393603,0.9066250384055097,0.5466213675623711,0.13365628313495231,0.021880229011374944,0.004690084708924808,0.0017138345170554599,0.0008704886611662471,0.0004901494943503744,0.00028328815256022625,0.00019726906192977194,0.0020642432582715906,0.5009242144177449,0.5009242144177449,0.5009242144177449,0.5009242144177449
18.865546218487395,5.674366401818408e-45,5.674366401818409e-45,5.674366401818408e-45,5.674366401818409e-45,5.674366401827179e-45,5.674366586916745e-45,5.678336384966532e-45,9.22574810838573e-44,1.920812900759355e-39,4.334490788399977e-35,9.945328936857983e-31,2.3183419803013465e-26,5.484255313936581e-22,0.5009242144177449,0.5009242144177449,0.5009242144177449,0.5009242144177449,0.5009242144177449,2.1887182133473337e-06,9.557730801130892e-06,4.1914542751156713e-05,0.0001845337433038426,0.0008152314047244318,0.0036082616318603767,0.01588711841542667,0.0674324562671734,0.24534064009825465,0.5924453254648109,0.8600846877876065,0.9529440361078799,0.9742897213642884,0.9775807663824426,0.9767407878451517,0.9733207546477252,0.9603714923459237,0.9081040828034014,0.7350222372803452,0.41257316687837675,0.1785355853671011,0.13088110605792447,0.18586435746271127,0.2868473330320654,0.3899877665396989,0.4616082006886334,0.4983149212845948,0.522040365817757,0.5582331763946652,0.6120651150262416,0.6640480284500107,0.6980976173714408,0.7161612252085986,0.7295984677201943,0.7526766735358603,0.7656225770140903,0.7091569910215448,0.5977138906813092,0.4924413569781611,0.42918962585927617,0.40257044637510114,0.3954108430525325,0.398700191252501,0.40972656009740693,0.4276559125761855,0.4622110050943414,0.5466041654053188,0.6979113511332818,0.8353711010417493,0.8964983379503743,0.9179006668503202,0.9438270418490764,0.9641437355520313,0.9743284920468598,0.9785015045264964,0.9800718647213896,0.9816228408413443,0.9827775561302473,0.969159088186596,0.8783749127043446,0.5832569275929568,0.2174150644609579,0.053272788321489066,0.011109586164630297,0.0020673359790727205,0.0003181649527174221,4.5722246276268686e-05,8.450051351242882e-05,0.0006677500467849477,0.00509216297654901,0.0356681122234664,0.1947718616431109,0.5614981996306364,0.8271387396070913,0.9268347583320354,0.965929426222208,0.9872872174172694,0.9980148144213349,0.9998448469598206,0.9999895902814008,0.9999992016280471,0.9999990285911035,0.9999924738826147,0.9999389100375169,0.9995041284761659,0.995987397442392,0.9683209766950086,0.790112785710118,0.31684462374276834,0.054145996680736934,0.007075814728562697,0.0009213060494867089,0.00013943656604668795,3.2208524386293205e-05,1.2696301363970274e-05,6.6376205956128165e-06,4.096417252939445e-06,2.2115148653065562e-05,0.001179932478701842,0.5009242144177449,0.5009242144177449,0.5009242144177449
19.016806722689076,1.693933716815887e-47,1.693933716815887e-47,1.6939337168158867e-47,1.6939337168159907e-47,1.6939337189467373e-47,1.693977592445836e-47,2.605604422293532e-47,1.914711408469885e-43,4.0698732162936684e-39,8.770514997537151e-35,1.9184246301902128e-30,4.263250169134539e-26,9.629960559214291e-22,2.2110269663614763e-17,0.5009242144177449,0.5009242144177449,0.5009242144177449,0.5009242144177449,1.0830263124232456e-06,4.645656858291075e-06,2.0093063727301582e-05,8.753426993316978e-05,0.00038373728910109787,0.0016906865777552235,0.0074587189038121185,0.03244683250193079,0.13068751101972617,0.4019246852606071,0.7425323211981848,0.9106908502942453,0.9559873214370138,0.9642718117981701,0.9637014985717262,0.9595319277474721,0.9461813835307988,0.8969155502041122,0.7397477898436186,0.4423786601849609,0.20580498483229676,0.13921914796639878,0.17676628578225792,0.2662650789028645,0.3686858090786932,0.45187279743852593,0.506846008165901,0.5445406212686559,0.5745878295638581,0.5938560150380178,0.5986143675266821,0.5948423250759853,0.5909818812861006,0.5968902854694571,0.6308831614309843,0.6754759225509621,0.6504428867262586,0.5582631091910376,0.4617571851275264,0.40033902624134904,0.3724588119007157,0.36167136488969104,0.3585449426485566,0.361213311451396,0.3690493535153331,0.38527038297907806,0.42990553555546046,0.5385908312563147,0.6820633811061187,0.7731319716080726,0.8483342482139478,0.9172895408467959,0.9562223748820904,0.9720796905861867,0.9750521555237616,0.9721282027333003,0.9699961226666998,0.9722423922221681,0.9688589895752422,0.9173075463590163,0.7021056025839697,0.32108195852338123,0.0870432895687195,0.018364298698547624,0.003303216513370079,0.0004763668943995267,6.970029976657407e-05,0.00016613785235387228,0.001286950257096998,0.009402134820518254,0.059857059124366896,0.264372936595256,0.6019519627541333,0.8187032792567762,0.9130587070443724,0.9566727844631462,0.9822754752230922,0.9968088280600312,0.9997368731337505,0.9999821804728714,0.9999985342143077,0.9999975385590013,0.999980632190618,0.9998427827563786,0.9987247263231915,0.9897371700942352,0.922335036410594,0.5938978555781719,0.1526098800998971,0.021699065478913537,0.0027256605455159852,0.00033746639669554867,4.2159113282338006e-05,5.534448517483087e-06,8.804734582577611e-07,2.2398324279204204e-07,9.803929468532426e-08,2.52150413558314e-07,1.1953429830079184e-05,0.5009242144177449,0.5009242144177449,0.5009242144177449
19.168067226890756,5.05679617659003e-50,5.0567961765900295e-50,5.056796176590044e-50,5.056796176877238e-50,5.056801953024885e-50,5.173439291098345e-50,2.3721454808834957e-47,4.8330678647925635e-43,9.941636139320293e-39,2.0633014158805485e-34,4.327436870164181e-30,9.186996510741971e-26,1.977310693141459e-21,4.3205138111171186e-17,0.5009242144177449,0.5009242144177449,0.5009242144177449,1.4153425188303366e-07,5.80588025579126e-07,2.416571600740749e-06,1.0192470431022567e-05,4.350191793396526e-05,0.00018762880596670336,0.0008166275685661263,0.0035776660670470283,0.01565094458699187,0.06617490338390292,0.24003657472329462,0.5774544091195701,0.8357734772423244,0.9243766517509265,0.943486809053269,0.944366193156321,0.9391368287425044,0.923921380409404,0.874068069653225,0.7277516018816191,0.46254539565759045,0.2412830001126815,0.16121845997983222,0.17930865588989484,0.2544322908251388,0.35336326386806666,0.44571298085982153,0.5163060494053063,0.56267686318099,0.5808033442900457,0.5662299006595225,0.5287254391233587,0.4895272901629901,0.46392487602915783,0.4631330037090311,0.5079624428485335,0.5810537023700187,0.5892284213822511,0.5194478186112718,0.43193478294642457,0.3707565297062023,0.3398949721047088,0.32436139042497375,0.3143701827856941,0.3084060724989455,0.30586023969232257,0.30530905378315426,0.3128242018102443,0.3523146986849983,0.447587447668169,0.5875376915984952,0.7441133806099838,0.8619024803454052,0.9258060929472397,0.9512021987169422,0.9534639955310259,0.9448797718517626,0.9395541374475318,0.9461590234373953,0.9548040379496006,0.93366380298833,0.7937967820956591,0.44453783618028403,0.13824217074394995,0.029772067566828632,0.005128716117457057,0.0006872366636697596,0.00010574446233834264,0.0003166936373909802,0.0023692869478437978,0.016077764023265006,0.08806295858203562,0.30855379868988325,0.6014118625576433,0.7951127466681626,0.8937682476870796,0.9446549666731703,0.9756208921154502,0.9949378115239154,0.9995547852832205,0.9999694917058157,0.999997236485131,0.9999937312670079,0.9999501573931943,0.9995954568698687,0.9967242921270929,0.9740055089281211,0.8218781966230249,0.362325997829167,0.06539434290849741,0.008542784883455192,0.0010599649268885646,0.0001306720048930015,1.6106653449347646e-05,1.9912596406457394e-06,2.49743442739774e-07,3.3386582446012576e-08,5.673615933875382e-09,3.61825430776477e-09,1.2115078624595371e-07,0.5009242144177449,0.5009242144177449,0.5009242144177449
19.319327731092436,1.5095742717325852e-52,1.5095742717325856e-52,1.509574271736697e-52,1.5095743536436545e-52,1.511208507838307e-52,3.417822941902221e-51,6.546663473296363e-47,1.3160137522035483e-42,2.655845905644599e-38,5.386019156668424e-34,1.0988996700361883e-29,2.2587024417899222e-25,4.684183911064406e-21,9.817618825749986e-17,0.5009242144177449,0.5009242144177449,0.5009242144177449,9.027081060490821e-08,3.5308782646234457e-07,1.405869325130085e-06,5.69671949781544e-06,2.3475520102229667e-05,9.827766557834563e-05,0.0004173948876231327,0.0017947559475989289,0.007775272621712614,0.03334854409501268,0.1323187504704587,0.39776103871831675,0.7179953582992612,0.87137919898035,0.911392815159697,0.9165336504695126,0.9107704159335936,0.8931547241575727,0.8413597561772144,0.7057862236129068,0.48059745921558683,0.28920768295235944,0.20288120715936225,0.20195362132166036,0.2616983643115589,0.3546799472950262,0.4504732434262158,0.5270460015959639,0.5711171936171139,0.5736920036138913,0.5340237604531124,0.4685371482715005,0.4060076484074017,0.36735266669247385,0.36461443756714274,0.41383485964077793,0.4950388629115099,0.5210673998218074,0.46935735058069,0.3917756579904117,0.3327289414122313,0.3003266717579826,0.2814598189222821,0.26616255846838266,0.25268716614665443,0.2402496489011338,0.22550754752809818,0.20943226112842292,0.21243520922889506,0.28335978528061984,0.44295674925347034,0.6335924403416047,0.7872648926720364,0.8781243524524159,0.9146514344133115,0.9138175075908219,0.8948026643065943,0.8833316260257711,0.8957204006976734,0.9196160385258942,0.9256250121438335,0.8497565610635899,0.569823655738888,0.20938868512058093,0.04635494112994859,0.00751866212749441,0.0009266664393228492,0.00015619972723189633,0.0005658927947459399,0.0039972143092269355,0.024181166012899127,0.10983168506743603,0.3181865179798562,0.5741270018093823,0.7608553265355794,0.8690448089016874,0.9293817428133895,0.9669210910370576,0.992096033500381,0.9992490974756391,0.9999477582872885,0.9999946162221836,0.9999839798725969,0.99987173370113,0.9989594557010651,0.9916122687046816,0.9357251974876316,0.6419289869705118,0.18084079270102554,0.0264660710518671,0.0033365479533955444,0.0004120795299287489,5.076363686801102e-05,6.251776490593759e-06,7.700443325440256e-07,9.492836962237978e-08,1.1749391036482075e-08,1.4818195422758077e-09,2.2309797486415279e-10,1.2507237615760638e-09,7.101737551732113e-08,0.5009242144177449,0.5009242144177449
19.470588235294116,4.506439259732055e-55,4.506439259732657e-55,4.50643927168523e-55,4.5066766715985334e-55,9.225212021357916e-55,9.387964574476477e-51,1.8697294080080092e-46,3.729545458932838e-42,7.453540122919067e-38,1.4932293651678447e-33,3.0007696205854356e-29,6.053883707589398e-25,1.2273335466760626e-20,2.503440463398357e-16,0.5009242144177449,0.5009242144177449,0.5009242144177449,6.703657784791804e-08,2.4981830900244353e-07,9.463218161832409e-07,3.6489834232888325e-06,1.43367220905834e-05,5.742054467859071e-05,0.0002343988718672983,0.0009742947042545641,0.004111599726068981,0.017440832065937006,0.07154560152836878,0.2485534257680804,0.5647614716968578,0.7888876723702605,0.8632348154225004,0.8777565486200606,0.8734237098231129,0.8544214582900482,0.8019813642603184,0.6807795698606001,0.5012619603793887,0.3486152991679673,0.2644919391362792,0.2477188025836977,0.29268610383125593,0.37794998365336924,0.4701022709601765,0.5403350173287513,0.5716150118804875,0.5586697036313004,0.5046241354550792,0.4264983632627939,0.3554018528409807,0.3149896044113793,0.31484352234241286,0.36048034023592057,0.42874351740510497,0.45186595311024186,0.4084177280741928,0.33969148819505274,0.2849249561322508,0.2531672527784765,0.23318740141268274,0.21501618444899834,0.19610807735077634,0.17563798529338717,0.15220483284432307,0.13259502786732402,0.14478648920031228,0.2230651773695156,0.36186700485111717,0.5358158235440068,0.702324205726951,0.8155126339228586,0.8620038569764586,0.8537770741242613,0.8176833466208959,0.7941364198737475,0.809793559964758,0.8510078827641269,0.8852046822362387,0.8638914217879577,0.6708506772988768,0.29297488275229766,0.06598432451925539,0.009764240659871496,0.0011003971619427668,0.0002158998732328682,0.0008981356753910774,0.005847312171429331,0.030718238244407295,0.11736995639520129,0.30196659550796917,0.531697973240491,0.7183745737996258,0.8386056973498325,0.9102316129978533,0.9556898414900727,0.9878795583462066,0.9987389033956082,0.999910518082723,0.9999891059990316,0.999958964831331,0.9996699506817583,0.9973262417770096,0.9786930344093889,0.8497671586163431,0.410564611185556,0.07899800607768435,0.010452078090689404,0.0012990071916412465,0.0001601462581474285,1.972368971072811e-05,2.4288827179553113e-06,2.991030487833558e-07,3.683382294899726e-08,4.536641850359558e-09,5.591513842918785e-10,6.93592782320166e-11,2.0842403677732822e-11,6.891048843545467e-10,0.5009242144177449,0.5009242144177449
19.621848739495796,1.3452796051128047e-57,1.34527960528905e-57,1.3452831002225404e-57,1.4146047844287027e-57,1.376849414043545e-54,2.7303254884141227e-50,5.422521389177691e-46,1.0776818097890717e-41,2.1437288410273067e-37,4.269251840486421e-33,8.514921660853756e-29,1.7015346688959847e-24,3.408523906081579e-20,0.5009242144177449,0.5009242144177449,0.5009242144177449,0.5009242144177449,5.647734479047985e-08,2.0280339860963506e-07,7.367125385472029e-07,2.7130791707735596e-06,1.0150826530855476e-05,3.866269488484147e-05,0.00015016384938284905,0.0005953362519110729,0.002408052547100467,0.0098862060609366,0.0402767808833476,0.1496779092114192,0.4081733042895747,0.6765447079792654,0.7953517060055292,0.8262435018697358,0.8271307669221365,0.8099082594700836,0.7610342998690116,0.6594164653743972,0.5257251065875731,0.4131105671835914,0.33896081729759403,0.3117179382652968,0.34312226941912133,0.4190536927395501,0.5018840710721996,0.5573773674415085,0.5708681516631606,0.5446081806463138,0.48423194528058044,0.40465490495869993,0.3361707541016063,0.3017817374388175,0.30622540452069175,0.34439972188365336,0.39039450122767927,0.3961950167173206,0.35012714828563873,0.2861995710181076,0.2352013290022404,0.20418212944771644,0.18390344260515576,0.16478086924019608,0.14313713565584923,0.11888754896237579,0.09634573449207878,0.09098879376403002,0.12855670230155888,0.214047515927324,0.32454701723343216,0.46335153293447756,0.6201559554582851,0.7439766086774888,0.7956408159750165,0.7752097460115502,0.7169997826229757,0.675169128117987,0.6853446943962953,0.7379809682890298,0.7992248837195448,0.8264425035419245,0.7192783334466936,0.36010570022405475,0.07823848082034061,0.010183897412926546,0.0010799934822698879,0.00027800447686859137,0.0012074529711716638,0.007155397048670403,0.03312959565342408,0.11235080744861661,0.27252511735490104,0.4815330821427287,0.6691866827312642,0.8020767384221363,0.886503316851709,0.9413517237004038,0.9817781322845189,0.9978937855431953,0.9998466622697355,0.9999770394766966,0.9998947294746717,0.9991509908874635,0.993147159116805,0.9469396753954222,0.6872723302523497,0.2129876179666122,0.03225118605213204,0.0040870942356134405,0.0005051078250032871,6.222811171132457e-05,7.663374242658384e-06,9.436932324767517e-07,1.1620667791384328e-07,1.430856172052084e-08,1.7611952641747756e-09,2.1644574447603912e-10,2.6424898045864187e-11,3.253474555860332e-12,6.327126632715585e-12,2.1747862739326766e-10,0.5009242144177449
19.773109243697476,4.015980492881983e-60,4.0159810098278007e-60,4.0262271171171564e-60,2.0713202749750426e-58,4.026912611504941e-54,7.9851357005606795e-50,1.5837999411430322e-45,3.142372288133005e-41,6.237284082386751e-37,1.2387041149463446e-32,2.4617466230988404e-28,4.896807424950754e-24,9.751993584933204e-20,0.5009242144177449,0.5009242144177449,0.5009242144177449,1.4799184613181151e-08,5.166398827920673e-08,1.813297226846493e-07,6.407714192367098e-07,2.283717059385469e-06,8.225698342067675e-06,3.001255433052835e-05,0.00011120408240182065,0.00041945448922627796,0.0016133355500310305,0.006319018532670249,0.02488232387802149,0.09331372416621306,0.2829364794589225,0.5502025289283319,0.7096635811904584,0.7627786991291343,0.7738576066469052,0.7635256921149468,0.724392866286657,0.6464529986624178,0.5530312483822306,0.47512245861886326,0.4152939626379229,0.3834679123050602,0.4027914805564086,0.4680541534747278,0.5391252871949043,0.5783195476980558,0.5751789447622376,0.5387478629882506,0.47661823065806375,0.4016171396778746,0.3414297760253757,0.3159020919381275,0.3247407026200604,0.3555277593378609,0.38079453006990416,0.3661822731401761,0.3114560405767972,0.24794664046578413,0.19787948345701215,0.16488667707801524,0.14245295492614224,0.12273628416737725,0.10128567004897153,0.07933820034225454,0.06666554763942893,0.08103974382960526,0.1382531022287637,0.22521746854881683,0.3148642060389354,0.4213262624928292,0.5553001209775312,0.6750247424886728,0.7239307670556101,0.6877129647536327,0.6074413715547572,0.5458474197739362,0.5398423580627542,0.5867670424183276,0.6611265576270811,0.7257632226320985,0.6903070868161838,0.3659513097831399,0.07039780115334104,0.008130545740749388,0.0009447805449146081,0.0004010723619705108,0.0014227355918419867,0.007483338581539692,0.031763057274224044,0.1007773185248022,0.23859606516742285,0.4281531249698369,0.6145796387414268,0.7592033966768802,0.8574772508326398,0.9232458884297527,0.9731757485107599,0.9965073287941164,0.9997370395508248,0.9999496137573803,0.9997296884570162,0.9978178000384393,0.9825504589412286,0.8739591824656173,0.4605868706411946,0.09514367110032587,0.012782719870226259,0.0015919478142043084,0.0001963114495653501,2.417854485118058e-05,2.977470550028012e-06,3.666480970132783e-07,4.5145913485776196e-08,5.557085673421922e-09,6.830632951625716e-10,8.344347053165882e-11,9.927817955400403e-12,1.0654973624409002e-12,1.2314539439944258e-13,9.065040726056994e-13,0.5009242144177449
19.92436974789916,1.1988659726008457e-62,1.1990177378017852e-62,4.206427587150693e-62,5.9602737196648745e-58,1.1812167567799926e-53,2.341205895662186e-49,4.6408636741655097e-45,9.200722862009775e-41,1.82443443818086e-36,3.6186190982121414e-32,7.179573025794206e-28,1.425077419117567e-23,2.830209775306115e-19,0.5009242144177449,0.5009242144177449,0.5009242144177449,1.4306090421638818e-08,4.9462530937885595e-08,1.7148672146645226e-07,5.966890465446592e-07,2.0859236491841415e-06,7.33634563838913e-06,2.600413423046379e-05,9.308942771673803e-05,0.000337365912046964,0.0012406452480943687,0.0046322369203249435,0.017433555817939192,0.06376539109693542,0.20074467650576894,0.43623135241381816,0.6174109027060244,0.6928858862351646,0.7181846503844771,0.7203378830073658,0.6970530833606116,0.6440218479789275,0.5820584128890169,0.5300826288940113,0.4843510712475062,0.4521120921986362,0.461082617547766,0.5153187934114696,0.5753775635817134,0.6018383811052536,0.5873028183939308,0.5447520847097184,0.48346911597488273,0.41529539690319267,0.3647044746191741,0.34740822474687505,0.35929336825742747,0.3842093610696514,0.3944822058273563,0.3636902752842013,0.30007961792013566,0.23475177129131228,0.18333032691440726,0.14584649553957515,0.11888235163897548,0.09845503774449553,0.08028087861911845,0.06539047905966727,0.06462059511459231,0.09340221794475694,0.16005178001963066,0.24445165531956345,0.3211793649415879,0.4059150119716233,0.5162391945942812,0.6215893834315902,0.6599146169348513,0.6064372311678976,0.508439475657224,0.4316176427167844,0.40597780141759826,0.43078078108253515,0.4928127484523308,0.5681448267201966,0.5777810869247273,0.29856437978425093,0.049139846257472454,0.005631271955716297,0.0011398940126123175,0.000874847765481695,0.0017932275828110578,0.007231742069383336,0.02852478866471034,0.08727277048020889,0.20479302226019033,0.37448265322190266,0.5559782515101124,0.7100312935782748,0.822502325137768,0.9006457619276474,0.9613609917519087,0.9942604389272344,0.999548484990077,0.999885269233742,0.9993056034276143,0.9944028199555471,0.9562890407429957,0.7292952363433095,0.2491111589433458,0.03924986886633545,0.005005628460643408,0.000619126191891588,7.628248580237664e-05,9.394252964090894e-06,1.1568253024030466e-06,1.424432990206595e-07,1.75344581574455e-08,2.1557628691411224e-09,2.6359942808410463e-10,3.1487781920977787e-11,3.426731246529624e-12,2.7939883077598273e-13,1.4024849679278221e-14,3.25404070986247e-15,3.9427483693904817e-14
20.07563025210084,3.5789233521415e-65,4.024660387289616e-65,8.835982530055224e-62,1.7501184151680548e-57,3.4679214945698387e-53,6.872083056148699e-49,1.3618525005310494e-44,2.698988929399792e-40,5.349466015300922e-36,1.060400169820962e-31,2.1022994440137517e-27,4.1687424289440774e-23,8.268523428925156e-19,0.5009242144177449,0.5009242144177449,0.5009242144177449,1.4080252872853872e-08,4.8451968929882854e-08,1.6695720725435697e-07,5.763489475966454e-07,1.994392727299496e-06,6.923474583873218e-06,2.413677151903708e-05,8.46181359092801e-05,0.00029881342920090636,0.0010647403935060418,0.0038305720779496675,0.0138422599445324,0.04887697648996575,0.15337832047826178,0.35236446334324145,0.5349947106564533,0.6263105585598991,0.6666321624473226,0.6852572024503167,0.6819642201860276,0.6522545847333804,0.612460931904668,0.5772306981662841,0.5419607861051681,0.5105139045801155,0.510480249056747,0.55412096948469,0.6055183070363405,0.6248186737223411,0.6058860159063315,0.5624421023673493,0.5045351367028101,0.44381117089355265,0.40175451517716565,0.3903745565666306,0.4034818798991706,0.42385219919775674,0.4244920721525227,0.38319096892581755,0.3130166235036053,0.2455079830099229,0.19239722492999356,0.15097084464889482,0.12059441948614591,0.10225165372848204,0.09082056274867324,0.08283520066480952,0.08824941362772365,0.12190998477103977,0.18838106455779752,0.2659511752238311,0.33393376290463334,0.40681132613398296,0.5002055017641186,0.5896216180123541,0.6141602734901241,0.5441247580687031,0.43293231898341783,0.3472817750568446,0.30772392904833856,0.3094265603996701,0.34438664181181317,0.4007835598144154,0.42138716035913826,0.20701986903635566,0.03138116380506257,0.005013071452097505,0.00266245655708451,0.002669969037267289,0.003285352812245839,0.007461129906137186,0.025127095554573656,0.07423203623209973,0.1732815922475477,0.32257487364614407,0.49506602094866187,0.6550529538810905,0.7811126956161131,0.8728026282770043,0.9455474664017482,0.9906744825147233,0.9992231712202907,0.9997304429391354,0.9982165743970279,0.9857201180220196,0.8947385846073691,0.511415979824771,0.11418010818812789,0.015624850364153859,0.0019508205952643604,0.00024064162023287145,2.963950742535566e-05,3.6499357007605736e-06,4.494328041769769e-07,5.532664658300707e-08,6.803413214934275e-09,8.325981331250404e-10,9.981142761799211e-11,1.1010089037766007e-11,9.302129137510448e-13,4.816929143653167e-14,1.6743000803566935e-15,5.728572926083973e-17,1.0564264472221329e-16
20.22689075630252,1.0749962102571375e-67,1.320129909085543e-65,2.5944602492134944e-61,5.140563825387463e-57,1.0185462529688532e-52,2.0181743619232108e-48,3.9989590605329203e-44,7.924078008109356e-40,1.57024781881305e-35,3.111793760768319e-31,6.16713973196034e-27,1.222353158045073e-22,2.4230489184738298e-18,0.5009242144177449,0.5009242144177449,0.5009242144177449,1.3976429845683468e-08,4.798621330978263e-08,1.6486386718676913e-07,5.669205023209461e-07,1.951825704260625e-06,6.730778315593418e-06,2.3261801096161442e-05,8.063162320276013e-05,0.00028058377763701104,0.0009811099597674241,0.0034468706403632324,0.012104815736278923,0.041482736414865023,0.12795570958401883,0.29928981272261534,0.4731149125611539,0.5718474258551407,0.6247499927392791,0.6610795528683161,0.6794129578978942,0.6700418388316165,0.6444902578232364,0.6180651771347814,0.5881216924360255,0.5558732369535125,0.5467813531459618,0.579814372890087,0.6245217641912836,0.6417690788853627,0.6252921933078822,0.5869534155902508,0.536094874110244,0.48397620733566965,0.449268896231864,0.44142459927166344,0.45407658010887675,0.4708156376246679,0.4657749368411243,0.41860824015691456,0.3443854263084469,0.2752454513478176,0.22171641464391173,0.18023313760761686,0.15312272290664203,0.14452894249500303,0.14176840684013275,0.13410764052599874,0.13580769930518927,0.16395579409010658,0.22055956414072367,0.2857580621620989,0.3454278500501736,0.4120104005077034,0.4957612541523827,0.5738448163698021,0.5877376893037681,0.5045828257742371,0.3832428454369373,0.2938595059112021,0.24982573591632123,0.2403285546352753,0.255727417809953,0.2871938813209036,0.2976297474360986,0.1460312388226169,0.02524646548629171,0.00904189134745367,0.008472829668680421,0.009015320809371683,0.009008068053584338,0.010625999567090271,0.023309840604394137,0.06291012808713861,0.14505114509295883,0.27392940517914044,0.4337318319638884,0.5952940263602381,0.7331672951141466,0.8390204922102991,0.9249059071798924,0.9850585634619912,0.9986592511806681,0.9993507809635552,0.9954261411184321,0.9640551691655547,0.7675820985582626,0.2891109006775593,0.04769246006516418,0.006129323119993628,0.0007588620950143725,9.351057560781893e-05,1.151596035594878e-05,1.418033695538313e-06,1.7457150156529383e-07,2.147038031787352e-08,2.6294818376309467e-09,3.1621656077367293e-10,3.530844611690954e-11,3.0849926802940804e-12,1.669725577050524e-13,5.941847675807351e-15,1.775781556415787e-16,5.103796038006059e-18,4.349938710627924e-19
20.3781512605042,2.2605477634562788e-69,3.846930057150528e-65,7.621866142266592e-61,1.5101291285990274e-56,2.9920554860030094e-52,5.928281877523638e-48,1.1746076144540814e-43,2.327357058031311e-39,4.61149140681106e-35,9.137566263614545e-31,1.810647141251835e-26,3.5880275436395227e-22,7.11053620374148e-18,0.5009242144177449,0.5009242144177449,0.5009242144177449,1.3928503622343069e-08,4.777061042491446e-08,1.638918810616819e-07,5.625280828868502e-07,1.931922825981116e-06,6.640320087931472e-06,2.2849253921698664e-05,7.874286862424053e-05,0.0002719003491442981,0.0009410327079924272,0.003261678044753382,0.011257932364568056,0.03780901470775779,0.11468008776033607,0.26828701978956904,0.43144256959574334,0.531473462296818,0.5932645243815573,0.6463580705015975,0.686426511498298,0.6949990765463944,0.6781856863926701,0.6544183746368768,0.6244364053968364,0.5877736450715598,0.5675814392664603,0.5885051255061743,0.6267815721227217,0.6449894936453606,0.635665716144628,0.6073679557289517,0.5679725581759894,0.5277177788333514,0.5015949905043716,0.49692149371094185,0.5087826535230378,0.5232353273853984,0.5160248721886206,0.4671628107517598,0.3916860559334346,0.3225593104601178,0.27164515385806454,0.23693769726036354,0.2235223667216657,0.23066423790587498,0.22982756779901578,0.21207692975510636,0.20174147511328072,0.21580054744702915,0.2536516101093808,0.30086913120248304,0.35046921467401526,0.4119726910541222,0.48998016870450134,0.5621144686164566,0.5723931855100172,0.4830540698937334,0.3552048541624613,0.26674292457752424,0.22771281136289526,0.2212822402991549,0.23329517509813288,0.2523579995822757,0.2520125988918177,0.13724572396596835,0.0371538075050634,0.025842936344765675,0.0281772459445286,0.030467960285320717,0.029191070914671862,0.02439611565440009,0.027101923777401647,0.05486281400057598,0.12072745609173208,0.2296365602415979,0.3739084063170869,0.5323051442600913,0.678989186083352,0.7987656332542193,0.8986127983498464,0.976462808517696,0.9976748151699605,0.9984074737262616,0.9883188091424349,0.9124408666149999,0.5620122437676576,0.1364511275243126,0.01908668765025089,0.002390399363191726,0.00029497871245712665,3.6333531414001826e-05,4.4741117944134e-06,5.508199044771392e-07,6.77549740404261e-08,8.303387268029078e-09,1.001339244766633e-09,1.130360892832392e-10,1.0192290916392298e-11,5.769225797875815e-13,2.1068932833948994e-14,6.351532629288955e-16,1.8473634799018782e-17,7.592324608534321e-19,1.836513027358018e-19
20.529411764705884,5.705273844560118e-69,1.1301861674805452e-64,2.2392197095188689e-60,4.436540137051234e-56,8.790091701745354e-52,1.7415826010920858e-47,3.450618540914279e-43,6.836797514685564e-39,1.3546037918563982e-34,2.6839651234940836e-30,5.317996751334125e-26,1.0537268045728405e-21,0.5009242144177449,0.5009242144177449,0.5009242144177449,0.5009242144177449,1.3906281245724e-08,4.7670330010217284e-08,1.6343826890816906e-07,5.604706541473069e-07,1.9225626545040298e-06,6.597590110019873e-06,2.265342960694206e-05,7.784151192447798e-05,0.00026773159301794064,0.0009216605142544947,0.0031714078589123156,0.01084008612199839,0.03595428377684261,0.10760657581341897,0.24972729828250725,0.4021065674757158,0.49900588644722516,0.5658559513881525,0.6337487214125095,0.695751034422713,0.722416678234793,0.7120312517144515,0.6865885249345981,0.6513730961917542,0.605452850573199,0.5708736098765607,0.5776013782258937,0.6083638597005341,0.6277035200930448,0.6261510173942323,0.6090696363499241,0.583996870555668,0.5604961528071594,0.5481840892049451,0.5504658567526551,0.5641894624729541,0.5795009401511082,0.5748281753440857,0.529858415962267,0.4581150917886349,0.39369750926045216,0.35191497341635386,0.3328582918760208,0.3374962347604658,0.34729040991763344,0.32982012820480217,0.2951743924971541,0.2715042949584789,0.2688268596595786,0.28357242673395444,0.3096427490229936,0.3470273846198277,0.4017691504366649,0.47394320307621807,0.5425960626430212,0.5559883579520581,0.47045755815039814,0.34333527938185887,0.2624697129011099,0.23715060422786188,0.24329753357580453,0.26034135904614997,0.27360058041989355,0.26499458372463525,0.1766300880232711,0.08513169356583322,0.07990765554842572,0.08997489221027286,0.09781629345300519,0.09439176935180325,0.07301529598131258,0.04957014826685185,0.05472719724365475,0.10151315530472826,0.19056004246041622,0.31738700681959375,0.4680417687094632,0.6194659905281186,0.7518049330483908,0.8659231319762628,0.9636596168627499,0.9959389347195006,0.9960456635337402,0.9704922973608846,0.8019393806152282,0.3326902837820784,0.057841779001420145,0.007503367815913503,0.0009301052894292282,0.0001146282639676941,1.4116392605644653e-05,1.7379739140291273e-06,2.138122188636569e-07,2.6217824193355626e-08,3.1695211825381693e-09,3.6130709522270985e-10,3.355001303155543e-11,1.98659723340177e-12,7.461387104560698e-14,2.2746015907529342e-15,6.958219868107968e-17,5.04119329182153e-18,2.2255149280533916e-18,1.4710609884616859e-18
20.680672268907564,1.6759111357594458e-68,3.320439081772549e-64,6.578705826584456e-60,1.3034244692295681e-55,2.582449667318343e-51,5.116566699157124e-47,1.0137396582899757e-42,2.0085173147347867e-38,3.9794815844058856e-34,7.88460183187872e-30,1.5621982442658892e-25,3.0952565997241086e-21,0.5009242144177449,0.5009242144177449,0.5009242144177449,0.5009242144177449,1.3895927343427934e-08,4.7623447811720424e-08,1.632254133431368e-07,5.595013077574327e-07,1.918133155908691e-06,6.577271106235451e-06,2.2559814855976235e-05,7.740805998436226e-05,0.00026571321346320577,0.000912200662337744,0.0031267570257745227,0.01062826122169478,0.03496018580741883,0.10331373561245828,0.2357588891527705,0.3741582771632526,0.4621510787051011,0.5292612065331165,0.6091525837387527,0.694420020074003,0.7433675195527051,0.7408018795942042,0.7107832867770267,0.6651665563845703,0.6051995545825005,0.5550645265028179,0.5489374348437711,0.5719326557139947,0.5900384730523592,0.5924929163908765,0.5831636097097099,0.571372809852084,0.5675912306586532,0.5758360339440164,0.5926096002831189,0.6143962932834529,0.6363480971567074,0.641340855863746,0.6091875386980001,0.551220851355318,0.5024815842451821,0.4809306030453691,0.481410866038478,0.484723812624996,0.4621984736688657,0.4116736061454069,0.3602368038143195,0.32727620623924053,0.3118707623489949,0.3063792329375428,0.3123829984618801,0.33624539729420744,0.3811917973225801,0.44443978670560835,0.5079910471327732,0.5275356895960394,0.4568677423249865,0.3430428459650797,0.27968000854738884,0.2739590187640886,0.29234328638794743,0.308852802865032,0.31041431614343634,0.29124037413909876,0.239401243946949,0.20303361030627826,0.22412491707852206,0.2518074115290437,0.27164096792564135,0.26687275591821724,0.2147119585283053,0.12930576158555543,0.07804850814779478,0.09156694961120804,0.15788735785191582,0.2657296561198828,0.40465511895474054,0.5560669571910126,0.6983521832673609,0.8262737275555055,0.945183522536694,0.9928362866947834,0.9901239805677234,0.9274563554005726,0.6113804324707425,0.1622724274452285,0.02329740880666547,0.002928734112384766,0.0003615783807543297,4.453804408327386e-05,5.483700758446955e-06,6.747064425261369e-07,8.27750404128755e-08,1.0028658988377246e-08,1.1532466065919877e-09,1.1004834594534581e-10,6.816370698724103e-12,2.639151141368428e-13,8.188599561078915e-15,2.932375305519306e-16,4.7984035444296316e-17,2.821823865569083e-17,1.895507844263093e-17,1.2806735806717477e-17
20.831932773109244,4.923336124747202e-68,9.754465304897259e-64,1.9326250736383638e-59,3.8290581392194974e-55,7.586414830918348e-51,1.5030781945370549e-46,2.97801608582111e-42,5.900286958507707e-38,1.1690149416851088e-33,2.3161575412249535e-29,4.588995172939714e-25,9.092201833513924e-21,0.5009242144177449,0.5009242144177449,0.5009242144177449,0.5009242144177449,1.3891078135973999e-08,4.760140888968117e-08,1.6312494669056644e-07,5.590417676401246e-07,1.9160231874357077e-06,6.567541503375128e-06,2.251472691842082e-05,7.71978737093569e-05,0.000264725624644976,0.0009075019468022342,0.0031038581313215024,0.010510973553659497,0.034307421410149204,0.09957420047484612,0.21953515036368773,0.3354190311822676,0.40582048120788594,0.4665246520486334,0.5536267954707838,0.6634705089428011,0.7427515221523647,0.7525873233839783,0.7153372526988253,0.6542244031370272,0.5790882737634017,0.5209201877682806,0.5109350973564654,0.5280497043828276,0.5411458873880047,0.5415908281768737,0.5341232597313297,0.5307967178431169,0.5441705487512724,0.5753006829612447,0.613192753437432,0.6503244191005887,0.6861058976667579,0.709657795806133,0.7021786923398664,0.6726396866558934,0.6538751226239797,0.6583951951184451,0.6641470228084998,0.6320233828907307,0.5535205166678889,0.4661734757069192,0.3993607831688465,0.3599449029972722,0.3379009140066497,0.32048965659639544,0.3115521040163108,0.3218194426299173,0.35367269663850676,0.4033376200058942,0.4568263107442658,0.48046276937563115,0.4336703870726332,0.35015896316602596,0.3153789850941747,0.3278494530948945,0.34729292950467694,0.3508989414185479,0.3344052679923057,0.30439849306931777,0.2953560287186414,0.39857245531725927,0.487412850265152,0.5332482259680097,0.561332032976532,0.5594324128420373,0.49218900246046327,0.3345360431486734,0.16855462894984216,0.10517925179138278,0.13496681067436042,0.22051731879507913,0.3442810600779445,0.49074932949453115,0.6391852646246016,0.7794154243935716,0.9194599278907126,0.9871968453075436,0.9754041410499954,0.8324920476312617,0.3793724299941978,0.06999347264040813,0.009182603013449055,0.0011399405330998434,0.00014051079388399155,1.7302105496753655e-05,2.1290651766169733e-06,2.6131725810166287e-07,3.1721050246623085e-08,3.676333988658097e-09,3.5976496084010053e-10,2.3302095780941582e-11,9.327717741714971e-13,3.005588792489604e-14,1.6175565651069136e-15,5.576634786565249e-16,3.6213336927492556e-16,2.443665952448843e-16,1.6513475368742528e-16,1.1159207449041876e-16
20.983193277310924,1.4411708708752484e-67,2.855348835036945e-63,5.6572183941212774e-59,1.1208482388825086e-54,2.2207046959077385e-50,4.3998206852153204e-46,8.71724730478901e-42,1.7271261222582315e-37,3.4219143257978284e-33,6.77976646988709e-29,1.343262952827678e-24,0.5009242144177449,0.5009242144177449,0.5009242144177449,0.5009242144177449,0.5009242144177449,1.3888794443350117e-08,4.759098797102905e-08,1.6307723471108376e-07,5.588225012346896e-07,1.9150112701840983e-06,6.562848682143838e-06,2.2492831016420747e-05,7.709479616954127e-05,0.0002642322661550179,0.0009050505063785423,0.0030905580428697878,0.010425293085385973,0.03363462357296427,0.09437538221233668,0.19430650462850646,0.2760299742290314,0.3210480344840409,0.3687788373461499,0.45463237822342084,0.5843970571031777,0.700317549804686,0.727106357104848,0.6786679097946313,0.5997332488315593,0.5192545458978344,0.47347648311803053,0.4735826526852919,0.48752413384821164,0.4925717832161147,0.48615385962300955,0.4753213846496585,0.4741800450882691,0.49712915196718593,0.5454913582066423,0.6037992923432585,0.6587308068465809,0.7128243052782166,0.7628271832568612,0.7905958149341957,0.7987942132299527,0.8100326603670946,0.8259926615828538,0.81873539209236,0.749764744951699,0.6245563423466894,0.5030635044222518,0.4188778361949916,0.3718227089786049,0.34734902671090245,0.3280664826616716,0.31199644311265656,0.30964717753395526,0.32527014620026545,0.3564050384726476,0.39351586798074367,0.41517390075631333,0.39606244157614195,0.35955435597567137,0.3603977429266165,0.38114074114416335,0.38799424964746915,0.37196321347765965,0.33859396220524546,0.3019220226998389,0.33446179141152405,0.5966553112703806,0.7514691872898878,0.7942229953485196,0.8141568390864099,0.8154072451678839,0.7748384316351421,0.6401512127586644,0.39044053920237287,0.18295640380880782,0.1331367870786005,0.18461311406571035,0.2890304049670326,0.4257802745435062,0.5756915765398144,0.7255583932682971,0.8850350400195264,0.976757185225474,0.9398557638494085,0.6589427246345156,0.19192708332337954,0.028410785910599774,0.0035878604855249714,0.000443198366411764,5.4589803763906196e-05,6.7182292280219805e-06,8.249101355383602e-07,1.0030541473758344e-07,1.170606335308799e-08,1.172411719994982e-09,7.936354376481132e-11,3.3009088496723057e-12,1.1777783027347864e-13,1.3102234923288995e-14,6.97080600955473e-15,4.6631719388185665e-15,3.1507846850685467e-15,2.1293150234530952e-15,1.4389000655775313e-15,9.722550558108674e-16
21.134453781512605,3.7152798092905476e-67,7.360970800709138e-63,1.4584068551994506e-58,2.8894976428398946e-54,5.724875573310048e-50,1.1342527446606867e-45,2.2472621180913639e-41,4.452436795017406e-37,8.821490725177925e-33,1.7477787312331242e-28,3.4628306522181855e-24,0.5009242144177449,0.5009242144177449,0.5009242144177449,0.5009242144177449,0.5009242144177449,1.3887712696522004e-08,4.7586030544011996e-08,1.6305443263850583e-07,5.587171901118258e-07,1.9145225511990043e-06,6.560566360420007e-06,2.2482062534105802e-05,7.704287519859907e-05,0.00026396828794659084,0.0009035289467629751,0.0030795065997367994,0.010321223177669505,0.03254932908855096,0.08539024258230161,0.15568029044719806,0.19842793056182248,0.21942115093263456,0.2520618445931493,0.3255332484001291,0.45738027224758027,0.6013159613629535,0.6429258340799658,0.5804632672675704,0.4923480794362636,0.43014129428684456,0.41988375735921424,0.439709506895299,0.4529908774309396,0.45040504164375783,0.4363810912235097,0.4198644955805431,0.4157364162414332,0.4391159840761859,0.4923862587494495,0.5586592856914971,0.6214351619749264,0.6904495030250295,0.7730968398635306,0.8447909045086658,0.8891010004288187,0.9150122033454794,0.9268428088636167,0.910140206422682,0.8330926144557445,0.6883307012024484,0.5377005233311237,0.4313411754226509,0.3723524326432395,0.3471119459401149,0.3355110885855572,0.32171182971837575,0.30849579624187384,0.30464356785807767,0.31245471142707687,0.32745700184814724,0.33999662123381275,0.345783134830395,0.36515506933966063,0.4007300861640812,0.41803524729619823,0.40610968757883603,0.3724528083343852,0.3279314699372112,0.2901112786001033,0.364202617570792,0.7302426590839298,0.8987615627203617,0.9280608545265552,0.9373512704278487,0.9387414449337197,0.9241575808775851,0.8637927739516001,0.6878845559202565,0.3875333314591348,0.18618424250425564,0.16656825609971518,0.24175771989640096,0.3636600875017104,0.5098638259882802,0.6655284869827038,0.8408843914597647,0.9570850791230745,0.8599201215515412,0.4288842587023659,0.08448360687815254,0.011233412232351664,0.0013970167295891266,0.00017222140750505614,2.119874288745875e-05,2.603863285706873e-06,3.1709403346850706e-07,3.723586945849414e-08,3.809403179579298e-09,2.6935924434432576e-10,1.1785145245351577e-11,5.550608129162799e-13,1.4106687864757147e-13,8.90796561376137e-14,6.010397058318424e-14,4.062669709044187e-14,2.7456202521792452e-14,1.855342039753113e-14,1.2535757649302096e-14,8.467167925306843e-15
21.285714285714285,1.9262648882964936e-67,3.816449466753186e-63,7.5614144042079935e-59,1.498119943540059e-54,2.968179484800715e-50,5.8807642552449026e-46,1.1651381721970431e-41,2.3084536455166408e-37,4.5736715643217796e-33,9.06168394729773e-29,1.7953660494109368e-24,0.5009242144177449,0.5009242144177449,0.5009242144177449,0.5009242144177449,0.5009242144177449,0.5009242144177449,4.7583657729150926e-08,1.630434664180023e-07,5.586662670423639e-07,1.914284493159568e-06,6.559439592623624e-06,2.2476571407013478e-05,7.701404859969086e-05,0.000263789149958021,0.000902064522509561,0.0030639095150071126,0.010133573951719316,0.030483940396150145,0.0706083578591194,0.10787685860512264,0.12200859494593812,0.1292119566032595,0.1495713298447057,0.20319568324090798,0.31346248064804644,0.45658291594486655,0.5007739162077046,0.4315660128714132,0.3564718532161951,0.33301327037772704,0.3647890546416977,0.40434104392020254,0.41951523671076996,0.41398896827110865,0.39681674554435015,0.376807107778959,0.36797938943848046,0.3845377087233597,0.4273988539297893,0.47773960575945196,0.5238518050777962,0.5962293008024472,0.7180407822856394,0.8473468004930506,0.9290218729584941,0.9626603782979295,0.9704503172997013,0.9544385799103565,0.8899794401122326,0.7521584443356537,0.583944547014471,0.4524103335695097,0.37584213821630014,0.3492252626250882,0.3531061489894409,0.35179847048876095,0.33061950804325296,0.30369234598095296,0.282896407174833,0.27084840656261233,0.2682076494201076,0.2907774382380438,0.36227802745678517,0.4254194315777192,0.43318825741744565,0.4044891150731768,0.35906265150446287,0.3091175882076256,0.27498918832080016,0.39405496009308155,0.8077838532408492,0.9573211642974331,0.9767661056304915,0.9807384995926903,0.9814917849025193,0.9772764289733167,0.957595247761672,0.8854236936105663,0.6757904409580967,0.3564562116505448,0.19349237447384598,0.21019822661336057,0.3086649868073696,0.4453460215635004,0.601674069018595,0.7868512640650147,0.9181142327241699,0.7037009557758278,0.22524447261878783,0.034574468884575243,0.0043931750298114745,0.0005431390896579509,6.688597082968725e-05,8.218670684055784e-06,1.0021917213125137e-06,1.1833530925667982e-07,1.2344010462645369e-08,9.120334617878134e-10,4.357878190737528e-11,3.709599087783535e-12,1.7175440404994327e-12,1.1454998753743946e-12,7.748823836136215e-13,5.238506966136856e-13,3.540291383732263e-13,2.392278632929388e-13,1.6162398385010402e-13,1.0914498655232135e-13,7.361581235467265e-14
21.436974789915965,1.7488517167574558e-68,3.4649459786720796e-64,6.864990741841363e-60,1.3601395018882509e-55,2.694802645781877e-51,5.339129984046131e-47,1.0578255365178174e-42,2.0958376197756736e-38,4.1524198555733885e-34,8.227065298482601e-30,1.6300041424142126e-25,0.5009242144177449,0.5009242144177449,0.5009242144177449,0.5009242144177449,0.5009242144177449,0.5009242144177449,4.758251521879715e-08,1.6303815791279105e-07,5.586414173886491e-07,1.914166318101482e-06,6.558854371287001e-06,2.2473356515359863e-05,7.699211706682994e-05,0.0002635875568355049,0.0008997132091171026,0.003033476087220866,0.009750961704761557,0.02671509937274234,0.05087013358704171,0.06392381544851426,0.06574814563368839,0.0680643303803633,0.08021562932591574,0.11462137401665011,0.192163807821836,0.30609056107118854,0.33986583714445423,0.2805507168183498,0.23531510455984578,0.2490110859577365,0.3098273053125669,0.3618484625670454,0.3809885413795882,0.37942315930108755,0.3676530594308194,0.3522006440969164,0.3435891821376417,0.35154087384277977,0.37002117616274166,0.3774979443309432,0.3827503135658877,0.44534783019059615,0.6033389929969728,0.8035060575982326,0.9329223192604674,0.9780403889276548,0.9863641535348622,0.9750336264990964,0.9279898788932424,0.8137094385949415,0.6481244296045793,0.4971469439963373,0.39904994836910934,0.3680880604467511,0.39137404170374596,0.4117690592551249,0.3883745310797657,0.3363754796659827,0.2809438147559604,0.2359665512170084,0.21222950698239273,0.24018042392999292,0.34934246558933846,0.4314121916078677,0.42991281544762755,0.3898555020340194,0.3382611528205584,0.2871369767739335,0.260868628830391,0.42999433948668736,0.855801376845999,0.9787226227963721,0.9923241530648609,0.9942236007409855,0.9945710931212842,0.9934407124834209,0.9876961041901102,0.9645401066405517,0.8775741940114182,0.6353258200990368,0.3336061698107196,0.23461454544911015,0.29164436536296545,0.4104401776041077,0.5563512857891523,0.7283524902061324,0.7986839864695001,0.4362341727476303,0.09651244541453192,0.013508282491078109,0.0017037125516731852,0.00021074552592391241,2.5930223065444907e-05,3.1665253648416185e-06,3.757545630936623e-07,3.990604772949763e-08,3.093651797582467e-09,1.805318112895362e-10,3.539790097471711e-11,2.1759922617094484e-11,1.4755706801177207e-11,9.990700094648259e-12,6.754650785502268e-12,4.5649342554751e-12,3.0845488733840045e-12,2.083721178616706e-12,1.406730695066559e-12,9.480539676987185e-13,6.359488945658397e-13
21.588235294117645,1.3555702338619766e-69,2.6857494250276846e-65,5.321192405402703e-61,1.0542714320856452e-56,2.0887954880643282e-52,4.1384661894946023e-48,8.199415858876283e-44,1.624525119284142e-39,3.21862195390054e-35,6.376957691774612e-31,1.2634473261775821e-26,0.5009242144177449,0.5009242144177449,0.5009242144177449,0.5009242144177449,0.5009242144177449,0.5009242144177449,4.7581961710738536e-08,1.6303556205214568e-07,5.586289830276353e-07,1.9141032449788833e-06,6.558485489585584e-06,2.2470549528563093e-05,7.696332854776563e-05,0.00026322838000045326,0.0008948699307221937,0.0029686606804495237,0.008990940160930692,0.02090272608140367,0.03124408891216408,0.03345393996921777,0.03257455613046158,0.0337017356332732,0.04098800886192273,0.06201947176220352,0.1122452446509259,0.19111948224720884,0.21159535786866746,0.17051741325345607,0.15179311763655934,0.18574728187885545,0.25637245157908684,0.3114304594871596,0.33524198321092374,0.34377512591639625,0.347724342060179,0.35143547242880624,0.3585301031069948,0.3658474661238426,0.35142735537253106,0.29804492653705505,0.2544134235159786,0.29463163709927237,0.4633198716198933,0.7284023708737049,0.9163104204283996,0.9791254209113135,0.9910684831609974,0.9844662355547054,0.9518832282046609,0.8654032403365499,0.722560040956942,0.5689894330087315,0.45227827033360923,0.413007096702079,0.4535002901182062,0.4998760824104907,0.48366371687075943,0.41160181870794044,0.31820908330323583,0.23257727904541378,0.17922641208042278,0.19837000514757466,0.3250516935225603,0.42018761938123206,0.4139915143176835,0.36837897813363696,0.3151754808286216,0.26649216749266713,0.25307248434693425,0.4764393693213428,0.8896359908756759,0.9872801417193511,0.9971820324236206,0.9982603683545934,0.9984236170583741,0.9981317945096143,0.9965182759683565,0.9897385113629674,0.9619339387158155,0.8614443371938046,0.6515658763108447,0.5293779491071872,0.5661711733760636,0.6509887083728768,0.7338538826696844,0.7335568928226474,0.32740976449707726,0.08944346781352085,0.023615059207323274,0.004381490613041126,0.0006258544555819193,8.045702245801103e-05,9.957478915958114e-06,1.1908618485365081e-06,1.2877755595726888e-07,1.0667880143764912e-08,9.816752367459558e-10,4.100564408140667e-10,2.7885035349262996e-10,1.90159633339986e-10,1.2881304525979395e-10,8.709558259058448e-11,5.886074745446296e-11,3.9770442173305833e-11,2.686229610960083e-11,1.8127402770764093e-11,1.2203112535497211e-11,8.161019844120169e-12,5.362910096847045e-12
21.739495798319325,1.0459807175599231e-70,2.0723692527644606e-66,4.1059211366042936e-62,8.134934662922091e-58,1.6117494767851368e-53,3.193309483319647e-49,6.326805582069862e-45,1.2535104967430526e-40,2.4835417845079428e-36,4.920565094090189e-32,9.748964999875855e-28,1.931532715167898e-23,0.5009242144177449,0.5009242144177449,0.5009242144177449,0.5009242144177449,0.5009242144177449,0.5009242144177449,1.630342621742935e-07,5.586221472302661e-07,1.9140597245157787e-06,6.558111353533647e-06,2.2466319355436482e-05,7.690785513448829e-05,0.0002624615329201526,0.0008842833947342003,0.0028325893930980736,0.007647746834095554,0.014031011976590613,0.01675264021075748,0.016258657728684508,0.015593779676717932,0.016710519874568116,0.02214597050352941,0.03806193402164977,0.07809376296782243,0.1413172733007468,0.15302393327450514,0.11899610434608958,0.10806163509278804,0.1428322784769902,0.20718662753379483,0.2574522676919898,0.28539713357418856,0.30804096772339623,0.3379621911224508,0.38032636918818336,0.4276311861083123,0.45002782246010187,0.40051166948760536,0.27875470398717406,0.18312923458209523,0.1882990517366075,0.3344798157131703,0.6345189728154992,0.8836063573341206,0.9706005189468512,0.9888710843718778,0.9863630370534574,0.9632748934370189,0.8997495836734182,0.7885471213832792,0.6519194745214563,0.5291890721968395,0.4807838684177843,0.5311407893591669,0.5996415340779253,0.5989821140460783,0.5208542898430771,0.39498774332401293,0.26196093769988754,0.16729580039517222,0.16028649672913764,0.2795064177919376,0.38924367048535624,0.3900126104192431,0.3466281981498235,0.2981083092532875,0.2593671607086559,0.27003954403904645,0.5436286199684259,0.9165371906036478,0.9915035706719024,0.9987665750570379,0.9994598453145901,0.9995430453660263,0.9994707790130155,0.9990324193077542,0.9971719567528936,0.9896394790135324,0.9649341771018581,0.9304616788400776,0.9289968321297745,0.9447234562251237,0.9589632302200901,0.9598340823000502,0.7721804310018173,0.13638689705767634,0.009456229151070392,0.0016642716767677843,0.0005305161672882443,0.0001412804524428594,2.5749882239093125e-05,3.564653458069176e-06,4.101076144709192e-07,3.9120564824090845e-08,7.817446488217361e-09,5.09228999392821e-09,3.5843468204076286e-09,2.4508299615238153e-09,1.6608114192261917e-09,1.1230166329113472e-09,7.589462594024902e-10,5.127592026295346e-10,3.4626124349215486e-10,2.3353052265087973e-10,1.5696111735282516e-10,1.0452518440426865e-10,6.792986423057237e-11,4.1553971442779396e-11
21.890756302521005,8.07000036343438e-72,1.5988842114742976e-67,3.1678198432625764e-63,6.276303515078487e-59,1.2435046171701376e-54,2.4637172821500275e-50,4.881286986553111e-46,9.671143333068398e-42,1.9161138322167103e-37,3.7963374023329615e-33,7.521566817157874e-29,1.4902250373530084e-24,0.5009242144177449,0.5009242144177449,0.5009242144177449,0.5009242144177449,0.5009242144177449,0.5009242144177449,1.6303394846193122e-07,5.58618963710873e-07,1.914018358759052e-06,6.557527351357456e-06,2.2457937061821894e-05,7.678786181906636e-05,0.00026076637472871627,0.0008613597285889098,0.00256747057395852,0.0057237457209790964,0.008080960233649619,0.008278785178242432,0.007817839216638953,0.008059796950471423,0.010609646280931166,0.019583507444431592,0.046509029749831565,0.11404669843910473,0.20570695262160418,0.20948003151719047,0.1497691141506108,0.1127601154910905,0.12407558302465425,0.16800109378362377,0.2078813717916917,0.23903268980202183,0.2785654982273965,0.3438894859567858,0.44133338979943376,0.5424435849396284,0.5843344792664168,0.5062491598353309,0.32436882038801007,0.17232094095073974,0.1331181359886462,0.2349895822761266,0.5249120986806678,0.8211784356332564,0.9408629750538874,0.9719410017884953,0.9748464526433691,0.9563941173935081,0.9067736889497852,0.824508066067286,0.7171248012763638,0.6064209803849298,0.5551724439367244,0.6082781480542158,0.6896356911896716,0.7050971473377271,0.6324202239927412,0.4823720843846243,0.2969523592067832,0.15444119813334523,0.1122394274251332,0.1936393300838665,0.32315207371086707,0.3634689471806876,0.34414783199690413,0.32139445897503627,0.3209963919241835,0.3853651206010301,0.6614674790461839,0.941416981866523,0.9942646759897484,0.9993439688479937,0.9997911763397002,0.9998242106119404,0.9997916765342061,0.9996618755583039,0.9991959647637837,0.997642645132079,0.9946440768088202,0.9934724436474535,0.9943879593235482,0.9953890293902815,0.9955210543008384,0.9833105646691245,0.753777717710756,0.11328669989833354,0.005328734755095255,0.00026142622181563963,2.887464952421932e-05,8.786594742613904e-06,3.082471567605202e-06,7.891336404096683e-07,1.5265868189043216e-07,8.08277957801062e-08,6.445683992156694e-08,4.609997317476326e-08,3.158612507515596e-08,2.1412846621047685e-08,1.4480113538617684e-08,9.785609246834234e-09,6.610652118355232e-09,4.462766943062829e-09,3.0073726642076465e-09,2.0168284366191474e-09,1.3351137861408752e-09,8.545667552035238e-10,5.046107217674114e-10,2.5353309390179204e-10
22.04201680672269,6.22618654351579e-73,1.233575146958759e-68,2.444044475213454e-64,4.842310280944927e-60,9.59392119389239e-56,1.900814393427673e-51,3.7660260844769485e-47,7.461514759621099e-43,1.4783279118637244e-38,2.9289684133762136e-34,5.8030831848915704e-30,1.149749384601727e-25,2.277969896992248e-21,0.5009242144177449,0.5009242144177449,0.5009242144177449,0.5009242144177449,0.5009242144177449,1.6304672333314528e-07,5.586775857561458e-07,1.9142459168063588e-06,6.557773141146804e-06,2.24466612813418e-05,7.65557707901068e-05,0.0002572072183036419,0.0008147460842392905,0.0021253531358820517,0.0036790486013899074,0.004235485867460717,0.004214783076477598,0.004718518069952661,0.007431323796009109,0.016992943334387153,0.04697226206133634,0.12875082998062756,0.2837982533832953,0.41081801276123114,0.39469097635613826,0.2950871874980369,0.19827303988733502,0.1505377734179235,0.15381027150081109,0.17653849520199028,0.20941186231733827,0.26833318664777484,0.37413215509620995,0.5218209966591909,0.6526495460618509,0.6969431565097569,0.6106217288611339,0.40492278819630484,0.2067782024129241,0.12142704959816096,0.17022318132246828,0.3938321494578759,0.6826703845504319,0.8422225646489035,0.9047604705553378,0.9223610360934115,0.9065999174628726,0.8626314469336107,0.8026234441771541,0.7285130992902613,0.6465448974535207,0.6066413470105572,0.6625139244136274,0.7499951821586742,0.774126132542514,0.6977425936047308,0.5079034703595151,0.26853668834559596,0.11181178702527153,0.0673493169804496,0.10998699505808515,0.23328549730801698,0.3632930108375335,0.4355703772909995,0.49536572621114117,0.5746987224498971,0.6816793228127692,0.8373390435518365,0.9674946424568578,0.9965598680585128,0.9994960909325951,0.9996905413347262,0.9996292413372118,0.9995242012056705,0.9993872815718223,0.999198205982824,0.9989090124074743,0.9985655362432576,0.9982791200313761,0.9979627619233505,0.9975090736565864,0.9963214115204299,0.981161264169913,0.7259746376134,0.09955087558712784,0.004541726497835655,0.00018921027031389685,8.345543559168806e-06,5.90095542964698e-07,1.4122849473703962e-07,1.3897235566930346e-07,5.245126688289424e-07,7.695287188263131e-07,5.902951083000853e-07,4.0694197369237005e-07,2.7606587668789523e-07,1.867030873770188e-07,1.2616905278080683e-07,8.522043597239044e-08,5.750679526589574e-08,3.87078391241886e-08,2.5877469696235716e-08,1.6989501317054105e-08,1.0652035380091296e-08,6.011683771905694e-09,2.8004928174011125e-09,1.0234124070849728e-09
22.19327731092437,4.8036597787468634e-74,9.517358448411024e-70,1.8856493123675476e-65,3.7359914996247054e-61,7.402040867776627e-57,1.4665538156406594e-52,2.905667105350973e-48,5.756991793046031e-44,1.1406386585587151e-39,2.2599793088696145e-35,4.4778178780993425e-31,8.872303537669584e-27,1.757995748002809e-22,0.5009242144177449,0.5009242144177449,0.5009242144177449,0.5009242144177449,0.5009242144177449,0.5009242144177449,5.605968337530631e-07,1.923534139662786e-06,6.601435438878773e-06,2.2633144048782303e-05,7.707702381003068e-05,0.0002545506225942152,0.0007487387690543764,0.001613668786034327,0.002269341132699577,0.002642098296832323,0.0036673988305960625,0.007424838724220497,0.019901646407133888,0.05833684035739257,0.16021336182268264,0.34739510295755016,0.5240516956783856,0.5847091814723853,0.5496633258897486,0.4607279325983413,0.3449956233526372,0.242602971675689,0.19363322221046755,0.19053820658685724,0.2205155084034863,0.29584817280555187,0.42792984941740386,0.5851790344847093,0.701337454556234,0.7333240063794846,0.656868708348288,0.46906349927709634,0.26031072245307135,0.14634128967966983,0.1504996657035342,0.26835960502211076,0.4538678680773779,0.6168134661704806,0.7251953717730402,0.7760603935152147,0.770787782819705,0.7327391989674127,0.6913870002182747,0.6488620620208633,0.6035921069916648,0.5891783743834724,0.6548752813332258,0.7499070842668885,0.7721892344840943,0.6585763830467684,0.4060822053775236,0.1717060824713463,0.07051624038758789,0.05956708173038017,0.10364304974690716,0.22236170370372718,0.442521191427233,0.65695518547403,0.7833818682031253,0.8593078190541609,0.9118755607479149,0.954706519438342,0.9880071085378305,0.9980482590621576,0.9990259811978505,0.998868804125864,0.9985846340115782,0.9982827842078662,0.9980196107740039,0.9978850446175958,0.9979192795986327,0.9977889347139274,0.9972754509946299,0.9965091651248907,0.9954944539605705,0.9935455087934064,0.9755205131424141,0.6949948514011764,0.08749603114724214,0.003941192329388527,0.00016311299772985246,6.740563710750358e-06,2.874026999766363e-07,3.977982929489391e-08,2.6350890292361907e-07,2.2586772082377426e-06,6.1197084822969216e-06,5.164303385164986e-06,3.555706272203846e-06,2.4071129580491427e-06,1.6266682987575903e-06,1.0984958043064455e-06,7.40821126769126e-07,4.978331327989792e-07,3.313609134180526e-07,2.150766851695729e-07,1.3117293757719254e-07,6.998959468149782e-08,3.002518241841628e-08,1.0153981517061097e-08,2.9006575152066913e-09
22.34453781512605,3.706536470641505e-75,7.344006017671698e-71,1.4551473571764828e-66,2.8833283928294974e-62,5.713472243957776e-58,1.1322261232070742e-53,2.2439073960002133e-49,4.447665372364678e-45,8.817360347107868e-41,1.7484714260284433e-36,3.468492258466913e-32,6.884219785492274e-28,1.3674125701842515e-23,0.5009242144177449,0.5009242144177449,0.5009242144177449,0.5009242144177449,0.5009242144177449,0.5009242144177449,6.170792163277311e-07,2.2005129870145844e-06,7.956056050123357e-06,2.919494122665729e-05,0.00010780023761942428,0.00038261628975619436,0.001131631606828695,0.0023077392590587944,0.0035491373295001107,0.005652684248497864,0.011385147974190848,0.02866005820517965,0.07910395328156807,0.20340238783325615,0.40560685698805554,0.5742959628316716,0.6374938386948539,0.6307600945032149,0.5888251307646983,0.5205247596550103,0.427952756299731,0.3342232933303911,0.27825156289352737,0.26408902640008314,0.2872535605812644,0.35970777864895265,0.47732512895101203,0.6003418491379323,0.6845509161047404,0.7045298395528631,0.6391388904025833,0.4810412096445466,0.29668970653388826,0.1896443991583697,0.17691239381958634,0.2188982343897041,0.2935819999767019,0.3964783807318959,0.5039225225445403,0.573899575972894,0.5800787646955126,0.5484860610228735,0.520508965991367,0.5014556257523293,0.48604444907479605,0.49249732067338786,0.5576596620722173,0.650735250876643,0.6597991034351215,0.498193541086127,0.2481543177977424,0.09935513198239174,0.06393386230627532,0.08819247699717343,0.15816366671703877,0.29774533799028824,0.5411069277950638,0.7848466543032613,0.9051771367279879,0.95254717730421,0.9745193152092467,0.9873763698928256,0.9955624889024561,0.9977713436670783,0.9974374574190004,0.9967833427546271,0.9961101831257073,0.9955154421658172,0.9951407011606124,0.9952107239970711,0.9956914886595544,0.9956144113422506,0.9946410540325376,0.9931438276746868,0.9911770595551236,0.987926211170206,0.9661866215649971,0.6607076544534405,0.07675740623084086,0.0034217018524028177,0.0001415209562904951,5.835275081214722e-06,2.466526878087702e-07,7.39114883985199e-08,6.851407496490724e-07,6.888881331759975e-06,3.658787070665928e-05,4.355719986162094e-05,3.093271269212749e-05,2.0966502192347046e-05,1.4157277701827273e-05,9.539677216477808e-06,6.3959779294468354e-06,4.231186409476009e-06,2.7036001521619772e-06,1.5902508247998773e-06,7.935291290851067e-07,3.126630477450022e-07,9.874504991460705e-08,2.716926050600991e-08,7.006163978175694e-09
22.495798319327733,2.8688255470325167e-76,5.692032343043185e-72,1.1300483970672327e-67,2.245467717017989e-63,4.467430137588081e-59,8.90383905524919e-55,1.7790345488374077e-50,3.567158908735147e-46,7.187870317231967e-42,1.4582715262734992e-37,2.9861784216733117e-33,6.191571553083607e-29,1.304805593436645e-24,0.5009242144177449,0.5009242144177449,0.5009242144177449,0.5009242144177449,0.5009242144177449,0.5009242144177449,0.5009242144177449,1.0300921659072281e-05,4.7604959446180226e-05,0.0002213000514427395,0.0010007481670043063,0.003963475655671621,0.01109526817398082,0.02000323355899783,0.028760747348324005,0.041586761159275815,0.06914609265521693,0.13570039697899636,0.2760062278476942,0.46870809934425506,0.6064019405842342,0.6522591600352042,0.645632410536867,0.6156610951060046,0.5705487334164923,0.5085480545843789,0.4316063017692045,0.36455720457790847,0.33621112715268414,0.33820778272932156,0.36116290743209334,0.4149707116769655,0.49700307204036503,0.5824849302688764,0.6437132701006794,0.656676633953589,0.5977352617480778,0.46239067785423876,0.31141964626151986,0.2304500318119923,0.22136808880670902,0.23363310499799508,0.2563798504780215,0.31131474386614605,0.39166542615804195,0.45402210955377476,0.459764277317699,0.42881622092743066,0.4069086375674719,0.40280313336695295,0.40760491122434184,0.42476430312597246,0.47151184252753026,0.5314197978334083,0.5143827255636207,0.3496894259893882,0.16263595229710695,0.0843666624379037,0.09125023519678423,0.14885823888280228,0.2506198244204442,0.40178896847045714,0.6053075977641383,0.8019247411948585,0.912824551869231,0.9600141184952147,0.9807582246883225,0.9911357021009161,0.9958530014099054,0.9956456059527073,0.9940669386781978,0.9925309680881509,0.9911456931914402,0.9900641105526301,0.9895779535245812,0.9901374622379496,0.9914333315747081,0.9913238146034423,0.9894204894896316,0.986514995338585,0.9827275582576331,0.9770748714057276,0.9502487455835859,0.6222013769599612,0.06720254090697744,0.0029704336637232233,0.00012281152907605663,5.064333204361125e-06,2.2397962139513973e-07,1.7311292569886197e-07,1.7691976106534043e-06,1.8661831404559086e-05,0.00015239706153078738,0.0003387121841295331,0.00026723755510439916,0.00018226686773154137,0.0001227581561518324,8.204537924230856e-05,5.381665856446178e-05,3.3664277933914715e-05,1.8906509179610396e-05,8.74029992131871e-06,3.1694211113489654e-06,9.448849846180907e-07,2.5261906156612244e-07,6.436899211546998e-08,1.6093637227524142e-08
22.647058823529413,2.4196694285769788e-77,4.9770330592154673e-73,1.0380248177391675e-68,2.20401536038898e-64,4.7850976841574686e-60,1.0667854767937907e-55,2.4505447215368085e-51,5.811477656926437e-47,1.4228076499944183e-42,3.589199231549403e-38,9.297120752676677e-34,2.4623915139560546e-29,6.639335131131026e-25,0.5009242144177449,0.5009242144177449,0.5009242144177449,0.5009242144177449,0.5009242144177449,0.5009242144177449,0.5009242144177449,0.5009242144177449,0.0011986538462763776,0.0056826182709620076,0.024418825474966082,0.07826685743471008,0.15469495801048297,0.21404793916647447,0.2601840026625359,0.30991392709937304,0.37705542263242436,0.47002316842843056,0.57095779300748,0.6374922819998382,0.656483853330158,0.6451175986135071,0.6182499755563353,0.5812760755809842,0.5335573817135473,0.4727876622828925,0.40604591207542456,0.36076778361176287,0.3548383762254638,0.3717481511494642,0.39799236716083175,0.43905036452279483,0.49763858151306883,0.5616726977142166,0.6108149679561854,0.6205327643816796,0.5665752785775531,0.44869301093546116,0.3259042817544918,0.2686981877477966,0.2678161369496732,0.27080595483090353,0.27166969844351196,0.3010978111466902,0.3623701530351026,0.4179503420736895,0.4283170541500783,0.407204542402917,0.3964603219554549,0.4056417711600227,0.4244492252892437,0.4492851142153234,0.4866719467009643,0.5217042770222853,0.4858148872598237,0.32994826806226096,0.16846529866977944,0.11421253206620523,0.14946924799665404,0.2405201343954984,0.3651794442183958,0.5011884892418724,0.6398961734743472,0.7790347423311256,0.8847360461479988,0.9433922533287379,0.9727412238091505,0.9877040560543022,0.9934569188091638,0.9913497359416166,0.9874228166574563,0.9840066630238185,0.9811933036544052,0.9792269639903709,0.9786611388571793,0.9803407630709216,0.9832055802202679,0.9829056213277497,0.9791934340313948,0.9736210437722315,0.9664186021887374,0.9563960084104854,0.9224171381263231,0.5779699625554727,0.05870527866791566,0.002578388124790527,0.0001065757011909104,4.397186170815933e-06,2.2043208947052509e-07,4.309039092631344e-07,4.557467600291615e-06,4.876806163303121e-05,0.00047912849581571986,0.002156438340123277,0.002258106075124352,0.001572708471082314,0.0010491808328611624,0.0006804537112161067,0.0004138412784500536,0.0002195424414692669,9.343353535003557e-05,3.137937609207001e-05,8.928284900954824e-06,2.336168535047208e-06,5.901444387719051e-07,1.4706582295004662e-07,3.6463838982160315e-08
22.798319327731093,6.518460839115165e-78,1.704134088304637e-73,4.5474638663821406e-69,1.2333405626308589e-64,3.3868415976158727e-60,9.387246569861805e-56,2.6196062955069183e-51,7.346307805247365e-47,2.067426255826157e-42,5.832789022489825e-38,1.648502648184224e-33,4.664911954699825e-29,1.3212264393707346e-24,0.5009242144177449,0.5009242144177449,0.5009242144177449,0.5009242144177449,0.5009242144177449,0.5009242144177449,0.5009242144177449,0.5009242144177449,0.5009242144177449,0.13679602813311628,0.38064869828575243,0.6149963509871821,0.721980502958742,0.7634280279164244,0.7805588618153942,0.782660469533739,0.7695695466812237,0.7417504562197271,0.7058672069252274,0.6718658316217916,0.6425747039209814,0.6135173388453818,0.5800994030378078,0.5394848846180783,0.4893842092837757,0.4301765377846828,0.37455496351559125,0.34786793451768355,0.3558400519446362,0.3796619046768797,0.4081613789621429,0.4452282791734884,0.4946446049249662,0.549482572919941,0.5931672478060555,0.6022210666994365,0.553920617334031,0.4511722181930971,0.34955312780203707,0.30869052092992283,0.31464649546668294,0.31527211124659,0.30479577612925907,0.31757276142819496,0.36538567052296156,0.4187590475232181,0.4412348632525042,0.4402986876256338,0.44763431639302975,0.46965153066642545,0.49639767854718225,0.5238658992671245,0.5570503949993686,0.581464823212274,0.5394021574491817,0.3903762305472384,0.22819181997493343,0.17592078591981786,0.2342420023199133,0.3518764849750351,0.47777012520316386,0.5773683844989451,0.6535008161913849,0.7404841616939315,0.8390871033615694,0.9137019735521035,0.9576610203487537,0.9813184418029856,0.9894978460382295,0.9840640344132365,0.974988942530148,0.9673156066216014,0.9614997898540548,0.9578807367189931,0.9573998315584341,0.9615152753148594,0.9673206821832666,0.9664788009782967,0.9593913825100834,0.9489651334176837,0.9356443533833371,0.9180508230298681,0.8741727442206696,0.52584567389414,0.051139360683539255,0.0022377628437080434,9.248600752208396e-05,3.8220616549377555e-06,2.583866982734846e-07,1.0963392208823972e-06,1.1732705756694553e-05,0.00012607721111058118,0.0013184238612661905,0.009771918365130201,0.017654171852940544,0.01312916397958979,0.00847624600378811,0.00498559108165404,0.0024768419450154956,0.0009694851218665268,0.0003045511479035302,8.355414763070401e-05,2.1519146878086488e-05,5.402368363786501e-06,1.3431535434677844e-06,3.327380150020429e-07,8.231972052385685e-08
22.949579831932773,1.0991035119338236e-77,3.108033073499666e-73,8.798386246962414e-69,2.4925880007672343e-64,7.06527812055103e-60,2.0034103374560553e-55,5.682295180993847e-51,1.611969589467378e-46,4.573463993959119e-42,1.2976944242135298e-37,3.682364853709465e-33,1.0449618396409118e-28,2.9654314733991813e-24,8.415612806997091e-20,0.5009242144177449,0.5009242144177449,0.5009242144177449,0.5009242144177449,0.5009242144177449,0.5009242144177449,0.5009242144177449,0.5009242144177449,0.8011604410232196,0.9219331744383544,0.9515290753569782,0.9547597697504097,0.9477087131265777,0.9319103852292586,0.9050697303366045,0.8641701497243645,0.8082116511902301,0.7420889132344345,0.6774991182239009,0.6244041987516227,0.5815797751612272,0.5407586639631967,0.4951683652305794,0.44218959983575884,0.3860243296801891,0.3434578380117324,0.33305109118799764,0.3496195001159413,0.37586889349494745,0.40585430473875905,0.44408264150792964,0.49289210345727175,0.5457705097120554,0.5879143942899587,0.5979655228492871,0.5560772554133002,0.46688331408473954,0.3806811173450944,0.3497981627434666,0.3604814860971332,0.3621701395643239,0.34638904178079327,0.3473100950563173,0.3842484606469191,0.43733315819932833,0.4743230113110984,0.49572560322779907,0.521116392543736,0.5527865125734187,0.5825713159565009,0.6088459921692926,0.6372316552903465,0.6535376315360601,0.6082044667329594,0.4679163358893962,0.30776203490512183,0.2554720571544552,0.3308340328260987,0.45896854361953454,0.5663106879445767,0.6262168127317408,0.6546649174970467,0.6972497015497057,0.7813662018274438,0.8716250255908805,0.9359818836897802,0.9728747102225813,0.9844177187664878,0.9734738782931788,0.9540439363921501,0.9368050570218509,0.9244325270215139,0.9175182904049978,0.9173811193146229,0.9261908978665203,0.9370320906478867,0.9349269972417721,0.9219687214635748,0.9033553859587209,0.8800094814241047,0.850604269343191,0.7943459464336569,0.46334708825156234,0.04437744374265879,0.0019417416339284352,8.02591855475265e-05,3.3327812632208003e-06,3.9692136242866813e-07,2.810701806885855e-06,3.0199006894971434e-05,0.0003248650206293083,0.0034575426466100863,0.03187170264960816,0.10718032786734659,0.09408576576216646,0.05604686669659638,0.026545948241974964,0.009717978237953673,0.0029027250832822813,0.0007758849899400592,0.0001976257519999558,4.940000811030924e-05,1.2262043520528512e-05,3.0358341011515526e-06,7.509018128293341e-07,1.8566857836059407e-07
23.100840336134453,2.4495745898904494e-77,6.951086565140027e-73,1.972563963608707e-68,5.597845719507572e-64,1.5886153019022639e-59,4.508396895929233e-55,1.2794680784668235e-50,3.631110987427175e-46,1.0305084510280758e-41,2.9245903103971227e-37,8.30002979055736e-33,2.355566005057327e-28,6.685162898598987e-24,1.897274352006181e-19,0.5009242144177449,0.5009242144177449,0.5009242144177449,0.5009242144177449,0.5009242144177449,0.5009242144177449,0.5009242144177449,0.5009242144177449,0.9693154185714279,0.9808432309748863,0.9822068912121638,0.9777720575441702,0.967762060608651,0.9506159478830873,0.923691548388035,0.8839896976011473,0.829723409743105,0.7628733611777547,0.6908846586597138,0.6235658365179821,0.5653154053511468,0.5119081391020555,0.4566268656590518,0.3978938803957448,0.34441413216381006,0.3145747187576855,0.3170812430482689,0.3383693068254179,0.36459091949861405,0.39585950082912824,0.43847158263702907,0.4922464674839529,0.5480592792338362,0.5910582072054681,0.6025966980202128,0.5668567228690478,0.4893590209687441,0.41408490720501684,0.3883132172804986,0.40187791920479543,0.40754183163559227,0.39260418779009504,0.3872869586302901,0.4162396738509105,0.4696273059378069,0.5194032179638833,0.5584617343601734,0.5958206214786812,0.6317051897166414,0.6611880656743659,0.685233713262234,0.7086586271437766,0.7167317630516906,0.6673994854021139,0.5356142705689035,0.3841806753823747,0.33483175755794625,0.41734516623256995,0.5406759911741618,0.6242325455885347,0.6542296457902148,0.651517590523503,0.6588129201050201,0.7199311835493442,0.8195191063533344,0.908595997838599,0.9633353420186184,0.9789010935940441,0.9607267457401255,0.9241968412748571,0.8875935516309554,0.8610694782696633,0.8470259036111437,0.8468327309120954,0.8628934720897639,0.8809775113555205,0.8764334191906017,0.8545622905888997,0.8240465906852652,0.7868807806801046,0.7424968105301571,0.6745024254158164,0.3890564744358074,0.03828975617547316,0.0016843559694760008,6.965019737547717e-05,2.933430694318166e-06,7.889268361160465e-07,7.224535331020474e-06,7.772363369542906e-05,0.0008360354964557834,0.0089057843616882,0.08494383442495622,0.36726039080212664,0.3935840971166532,0.2248243056455735,0.08838529620097031,0.02674455273866181,0.007126537296440033,0.0018086409605853815,0.00045121443981705216,0.0001119023640229736,2.7694865212590273e-05,6.849259680739858e-06,1.6934629526503492e-06,4.1866579172825765e-07
23.252100840336134,5.520895436488381e-77,1.5668373732565343e-72,4.446710798041389e-68,1.261985146485548e-63,3.5815406264039065e-59,1.016449305532453e-54,2.8847070759712236e-50,8.18686910304988e-46,2.3234541333999607e-41,6.5940239356965295e-37,1.871402319936199e-32,5.311096252932605e-28,1.507307260712035e-23,4.2777997873435527e-19,0.5009242144177449,0.5009242144177449,0.5009242144177449,0.5009242144177449,0.5009242144177449,0.5009242144177449,0.5009242144177449,0.5009242144177449,0.940147211807339,0.9656850314588513,0.9759073108889066,0.9765130205088576,0.9696144058929244,0.954936948124311,0.9306314567961502,0.8941248299339973,0.8435595890089774,0.7799185947767745,0.708489878025191,0.6370150953343036,0.5701216185196659,0.5053909545702674,0.43738401459837445,0.3677942555326364,0.3121580676748421,0.2900700066528715,0.3001657767416347,0.3226253329496237,0.3471601427755573,0.37974345501307166,0.42896746840456307,0.49169787776754537,0.5538993148181713,0.5987005118367128,0.6106920290654753,0.5795262714310692,0.5115764980288894,0.4440161796457839,0.41982808769544866,0.4346492198601536,0.4469661915060671,0.4398093493742827,0.4361176578657991,0.4619658956245577,0.5156846512966872,0.5727208018803892,0.6197789131777897,0.6598894898471406,0.6942210347892991,0.7215389065018494,0.7440736573504215,0.7634871547666799,0.7633017478206106,0.7084181981360077,0.5829849590483295,0.443333868243925,0.39842989669507617,0.4788748053356928,0.5914899170802237,0.657700415467299,0.6705224639070726,0.6503280982805187,0.6331308085195045,0.6678174520234248,0.7657852698635379,0.8789477966301728,0.9539762386809852,0.9736427744532472,0.9480122676559057,0.8898647979984731,0.8218330175015455,0.7684034280580233,0.7391618399347912,0.7354624474138831,0.7583577212591055,0.7835782088210507,0.7755269424694758,0.7434616857581087,0.7001665520635562,0.649551133123953,0.5928057491442044,0.5204479250239942,0.3052459652092107,0.03274364942732145,0.0014603585053215443,6.044851058623551e-05,2.651847497081327e-06,1.8286241656022932e-06,1.8585886198026656e-05,0.00020002069109061624,0.0021491990195343373,0.022645570722185898,0.19729427031937155,0.6663309718381022,0.7317188819647091,0.4837143653907049,0.20443110435245215,0.061998339349236105,0.016314395170936354,0.004105702160923508,0.0010201820326274258,0.00025258162935337506,6.24699245718889e-05,1.5445551426234358e-05,3.818503317801927e-06,9.439937845733971e-07
23.403361344537814,1.2447895841359682e-76,3.5327437638332855e-72,1.0026015059649007e-67,2.845408235059272e-63,8.075340279014735e-59,2.2918020187017853e-54,6.504192534378959e-50,1.845906581395892e-45,5.238731158108644e-41,1.4867659768430204e-36,4.21948360359789e-32,1.1975021917885427e-27,3.398551786845394e-23,9.645226752784903e-19,0.5009242144177449,0.5009242144177449,0.5009242144177449,0.5009242144177449,0.5009242144177449,0.5009242144177449,0.5009242144177449,0.5009242144177449,0.8301821858389359,0.9058237933653158,0.9456612141002969,0.9624549414346787,0.9643581419455324,0.9548858095770058,0.9343122686362826,0.9011580106129577,0.8539567331779101,0.7934855403403179,0.7243860088378038,0.6538114571692594,0.5863674323676464,0.519314604608402,0.44489690883556043,0.36389943864136565,0.29876338328746366,0.27481809914675187,0.28517957082803874,0.30531841157376305,0.3271570312376101,0.3611114926710857,0.41763187966002474,0.4909089702522721,0.5607487100647809,0.606483113677422,0.6165666733456248,0.5876987919050294,0.5275326551565128,0.4660862025241844,0.4413624690567093,0.4557973651318068,0.47657504790865,0.4841899816388099,0.4921364527711073,0.5223887155280528,0.5759264999901984,0.6306410850262051,0.6730015698908607,0.7066956831557896,0.735262005747084,0.7597644164936004,0.7817720379354284,0.7980354587713643,0.7890964456870814,0.7261371227242815,0.6039366597807013,0.47702487438782964,0.4381237733008245,0.5129132018673492,0.6169663790313954,0.6755770183203599,0.6819520849557569,0.6547678793835915,0.6245911138548755,0.6373371314193742,0.7233353262122978,0.8520537318858676,0.9454272148763441,0.9688631845282171,0.9369617062948189,0.8580521535260477,0.7522009806795869,0.6590648157114044,0.6028756429950328,0.586540284640347,0.6074367383490975,0.6335768126994686,0.622906862627944,0.585514139341932,0.5362099326211011,0.4809455710482436,0.4228599064455852,0.3587278835493564,0.2199143092179563,0.027607375415124653,0.0012651044293135684,5.247702766308133e-05,2.5747105762494274e-06,4.531265744527297e-06,4.7827487714529205e-05,0.0005146493549479441,0.005513120014712054,0.05630767062828153,0.3894211057706748,0.8492879756990995,0.8889448197198007,0.7041009429870738,0.3776979572807296,0.13167973580892314,0.03627082967828081,0.009231345357677879,0.002299267410255839,0.0005695003506112398,0.00014085738768534543,3.482617490066416e-05,8.609743040955645e-06,2.128449973352541e-06
23.554621848739494,2.806649010545089e-76,7.965340740086259e-72,2.260583823636785e-67,6.415594059493736e-63,1.8207618472479132e-58,5.167368386946601e-54,1.4665123451494232e-49,4.1619998169938134e-45,1.1811864318756407e-40,3.352238776177158e-36,9.513747471775312e-32,2.7000300853930156e-27,7.662775897734124e-23,0.5009242144177449,0.5009242144177449,0.5009242144177449,0.5009242144177449,0.5009242144177449,0.5009242144177449,0.5009242144177449,0.5009242144177449,0.4173413087627264,0.5938317551144863,0.7474305915420937,0.8537061886436296,0.9141245939475405,0.9411322911366659,0.9454672226152323,0.9327568947636483,0.9046390446339139,0.8611743494944648,0.8036668576597736,0.7368392922312407,0.6681603236091596,0.6032885349242819,0.5405652946011386,0.4703436364565953,0.3869219341961368,0.3109648058480298,0.276111695307895,0.2792060368694932,0.2941435597695296,0.3131975599036838,0.3481227675975726,0.409646664424713,0.49079299214570904,0.5661244153902592,0.6102636379161315,0.6157699975067661,0.5872813126218808,0.5341493997772945,0.4789945587851486,0.45319251700681307,0.4655673012101241,0.49500922426650046,0.5230460270102995,0.5533840441080624,0.5973660931601426,0.6493841721529884,0.6890627607521178,0.7136546836605585,0.7341275852345709,0.7549710290321067,0.7766596807988694,0.7982760168987082,0.8109131027407599,0.7912587619281192,0.7164239115291917,0.594151534792289,0.48081592565867787,0.45128566457855884,0.5226268262586902,0.6234788178017582,0.6830907468723255,0.6911724323391798,0.664969595502128,0.6319085168664627,0.6316468607036104,0.7003389503625609,0.8302425489237966,0.9365694538497459,0.9641226646901285,0.9278844487139282,0.8330264885962004,0.6934828955525238,0.5575985393714777,0.46608242804001954,0.42555548888859807,0.42843495731599285,0.4444009790320677,0.43518783746005435,0.4038253210332918,0.3616800916261901,0.31526189423130774,0.26861786700006834,0.22191749331793106,0.144455971893109,0.022764396300147212,0.0010944374461289244,4.559670393313873e-05,2.938153273887648e-06,1.1510380672631431e-05,0.00012308221215229676,0.0013235261380952082,0.014067674217507374,0.13314397795984692,0.6219072456704671,0.9363448085092653,0.9518703077948385,0.8472838192106037,0.5808065102391041,0.2556689746900031,0.07834137804085912,0.020588106093085774,0.005170440522342034,0.0012832512469227275,0.00031754718248063846,7.852065730723791e-05,1.9412416642217156e-05,4.7990501381023806e-06
23.705882352941174,6.328203842343472e-76,1.7959602331802435e-71,5.096980526367808e-67,1.446535965985539e-62,4.105305721555051e-58,1.165096194934201e-53,3.306572751546768e-49,9.38413862158736e-45,2.66324306193166e-40,7.558355146328736e-36,2.1450822948424164e-31,6.08780767424362e-27,1.7277400962438344e-22,0.5009242144177449,0.5009242144177449,0.5009242144177449,0.5009242144177449,0.5009242144177449,0.5009242144177449,0.5009242144177449,0.5009242144177449,0.17475934156003753,0.3022952055134438,0.4691964766132175,0.641420837210193,0.7793320420732917,0.8663238066055652,0.9081846207098572,0.9166919203920175,0.900290656638224,0.8635058797164619,0.8099796308211777,0.7455737546791875,0.6786961685365503,0.6165400351467113,0.559646483281567,0.4993129682350273,0.42459474078419174,0.34606045427728344,0.29889031298602153,0.2905327349783243,0.2989743140101518,0.31577286192397036,0.35016001481630316,0.4112055237551248,0.4930683855870592,0.5684793707422279,0.6078544930475889,0.6069860355056772,0.5780265764184119,0.5322675664423805,0.4850516062250675,0.45935825641370676,0.4686124417933315,0.5053637472053399,0.5566588727542482,0.6177135408278711,0.6829465081043209,0.7312276257151941,0.7442261427672107,0.7405237732395403,0.7436534628658138,0.7563869690968147,0.7753478071819193,0.7955727330753994,0.8023565306489905,0.7684230439630008,0.6774958180544263,0.5529103951021264,0.4543155487951346,0.438043175646124,0.5105139150713611,0.6128747260200927,0.6793288633215291,0.6950466662959363,0.6755777531341096,0.6462589503735939,0.6402510111252789,0.6908955878323306,0.8089979083934646,0.9238265881032162,0.9582733064232164,0.9202193809518093,0.8148570793040462,0.6516655527372681,0.4812795921499113,0.355830571631903,0.28618925146639884,0.26192710939206976,0.2624844182288656,0.2583414903885829,0.24110325760858575,0.21491268385836942,0.18486264043121528,0.15477200793997187,0.12603816971786289,0.08714105984019709,0.01814583110593365,0.0009445786061305448,3.9724850841473104e-05,4.361231016881047e-06,2.9492766068880093e-05,0.00031672053601977445,0.003399393299496675,0.0354230342192886,0.28332451401265735,0.8089440780223627,0.973951521067727,0.9787920266326493,0.926598619822209,0.7581102869728881,0.4367423818695867,0.16088734077267558,0.045258287518427545,0.011583410216979149,0.002888780472569319,0.0007156999573316994,0.00017702505433529384,4.376851775112112e-05,1.0820446935323445e-05
23.857142857142854,1.4268319389205223e-75,4.049385079840466e-71,1.1492257187180267e-66,3.26153165900855e-62,9.256309483369145e-58,2.6269641501737257e-53,7.45539133332703e-49,2.115859257889374e-44,6.004863850581798e-40,1.7041964388110416e-35,4.836557042949166e-31,1.372629327686797e-26,3.8955676538876732e-22,0.5009242144177449,0.5009242144177449,0.5009242144177449,0.5009242144177449,0.5009242144177449,0.5009242144177449,0.5009242144177449,0.5009242144177449,0.05888131301041563,0.11354450399435238,0.20753499657490096,0.34804309722263255,0.5191232349306684,0.6807207707718199,0.7971112320936731,0.858727467411322,0.8739676691001407,0.8543636868592888,0.8096906914065367,0.7496513737528988,0.6850860292218381,0.6253390751856174,0.5735350636768829,0.5235787515133528,0.4632967716073109,0.3929057974287612,0.34004539402929324,0.32131130220379245,0.3236051511842965,0.33825047936793873,0.3697911298801202,0.42445095148613526,0.49870825914512423,0.567645762724965,0.5996911231485141,0.5921335391136946,0.5630353027685496,0.5256692290075036,0.4887566324947451,0.4659372060914162,0.4727133937323503,0.5151407842038287,0.5889761992614696,0.6821720269701058,0.7684095303015036,0.810658987703434,0.7935225261568776,0.7558608180546362,0.738721441383661,0.7432458052998152,0.7594374261064062,0.7767341917958345,0.7746464283795873,0.7228976895728993,0.613495338963522,0.48641791494981734,0.4030381969382204,0.4018539431500069,0.47859161585344084,0.5833783135847944,0.6575848819077811,0.6837385504130358,0.6743044770525692,0.6514306776426588,0.6426884241881714,0.6768269681151439,0.7770956980770936,0.9005484061363848,0.949129421074237,0.9130674285442216,0.8016466056881052,0.6242124319731769,0.43098973451044553,0.2796331678290633,0.1855975412139308,0.1409623741791779,0.1317473410186635,0.131751726336477,0.1265150517184319,0.11480398193619423,0.09937059577509859,0.08307654999767843,0.06749178326848324,0.049112216140575496,0.01377883241152033,0.0008120212189886914,3.4887790279077604e-05,8.446979347942271e-06,7.578996983741885e-05,0.0008147601411214259,0.00870275365031945,0.08635710755749576,0.5043362979740866,0.9159117249584574,0.9894860639261205,0.9906440233179112,0.9661434121956393,0.8761228735595809,0.6362068211434158,0.3018501047619315,0.09656491192944304,0.025743558303359504,0.006489899471523825,0.0016122574855017351,0.00039905335303382956,9.868030172163875e-05,2.4396734974560516e-05
24.008403361344538,3.2171046224898574e-75,9.130224173390068e-71,2.591180693558394e-66,7.35383635360765e-62,2.0870373900804443e-57,5.92306514613355e-53,1.6809810142702286e-48,4.770667413834974e-44,1.3539278801883549e-39,3.842483597483365e-35,1.090507576190906e-30,3.094893103028798e-26,8.78340969993208e-22,0.5009242144177449,0.5009242144177449,0.5009242144177449,0.5009242144177449,0.5009242144177449,0.5009242144177449,0.5009242144177449,0.008939735969155788,0.018145758044344824,0.03646284660079866,0.07185596251294908,0.13654580503173805,0.2435636033334584,0.3940754815375209,0.562183253344332,0.7035932103341491,0.7881223085020423,0.8135291596740913,0.7933933170704974,0.7451883987453514,0.6859497215321455,0.6292788378519306,0.5816644027293748,0.5402893018435991,0.4946001847726083,0.43866870827456556,0.388907433180546,0.3644173705159613,0.36174961031151254,0.37363870507710134,0.40047548880885553,0.44540686873523067,0.5065156028838518,0.5638861732633154,0.587465893182765,0.5745049986358258,0.5465973896071759,0.5187614821712768,0.4942562709691185,0.4778487508387517,0.48487357441448536,0.5324978598369235,0.6249931218691455,0.7425520580388959,0.8399549676450417,0.8750181585562448,0.8355791750449837,0.7644529098231263,0.7236120600330276,0.7191476568209564,0.7327037780122347,0.7462792563607757,0.7338186626684603,0.6639044322125445,0.537480617740107,0.4088257988153586,0.33891169339536237,0.3517979641225072,0.43348362577769317,0.5368988555845063,0.612583731175886,0.6461458610968946,0.6463066842831933,0.629587116891125,0.6186600685886682,0.6391007093444063,0.7214483684143485,0.856603177569826,0.9325968312174704,0.9052503188616082,0.7914213114484197,0.605973156061844,0.39862297687706694,0.2293264122275771,0.12031254152163587,0.06952379299341419,0.05845132022815831,0.05968296863278241,0.05996822748901471,0.056506647456919475,0.05012264179274612,0.04246811983955545,0.03477468231982218,0.026354593096220763,0.00981714545010281,0.000693449014875784,3.136093267251824e-05,1.9329285260123985e-05,0.00019494413429935322,0.00209432880685845,0.02209639119912084,0.19567147517634118,0.7236638969500164,0.9655331935428274,0.9957755915408976,0.9958778624152367,0.9847085805858133,0.9410032423438267,0.7977100033945548,0.49363808014409244,0.1941990645503898,0.056228463126141534,0.014514724657902905,0.003627850061770664,0.0008993029384638359,0.00022246878963785117,5.500609161712013e-05
24.159663865546218,7.253665881453663e-75,2.058608698290651e-70,5.842383511475297e-66,1.6580832202636282e-61,4.7056821963456695e-57,1.3354845673039514e-52,3.7901393184887013e-48,1.0756513062553243e-43,3.0527265470625683e-39,8.663719860155225e-35,2.458787955923789e-30,6.978114031770637e-26,1.9804121482625918e-21,0.5009242144177449,0.5009242144177449,0.5009242144177449,0.5009242144177449,0.5009242144177449,0.5009242144177449,0.5009242144177449,0.0026572850701408186,0.005429284350860413,0.011055040233289916,0.02236220221954121,0.04466326803039932,0.0870765675207144,0.16243613533277043,0.28120822665982614,0.43574175653971176,0.5889805207911926,0.6950578605416428,0.7345806433447171,0.7198216745422016,0.6762023346747258,0.626360263257498,0.5830013873080568,0.5477357551812402,0.513400845168288,0.4727234260636501,0.4327203517736351,0.4084841770555501,0.4028209134829755,0.41146661184570704,0.43271136624244777,0.4671001802420495,0.513042088610945,0.5562854991737227,0.5719340417805782,0.5564778129133382,0.5319637761758775,0.5145052971846454,0.5034095926520996,0.4964130824322859,0.5074201802439688,0.5609060538907241,0.666240638292533,0.7948808730627963,0.890817983818977,0.9189141564324688,0.869967326263929,0.7719820574256451,0.7035416770885395,0.6885396034722127,0.7004519756768003,0.711549274356673,0.6908002242812291,0.607319028081837,0.4682548257937798,0.3375066667143589,0.27695338010213294,0.30209217786699877,0.38932840777227,0.4866572141144248,0.5534709759166421,0.584652441182941,0.5877153176117998,0.5732024627980714,0.5592662346481869,0.5689433294866735,0.6345473369364961,0.7800978688128096,0.9012267808180561,0.8949070605815853,0.7826392080088254,0.5925365122054403,0.3753049662975485,0.19309668621261133,0.07893157213514113,0.03300016307505885,0.023979591335145437,0.02485231401337322,0.02631029541829347,0.026088962171495724,0.024071326202034154,0.020940587112014422,0.01744219276983496,0.013667109545123858,0.006492071713117912,0.0005857274559587964,3.0031911129792156e-05,4.7652755889669776e-05,0.0005015024352161025,0.00537264206526969,0.05496015231763296,0.38504403545402105,0.8708018408179352,0.9863079559211081,0.9983029294702711,0.9981850385047871,0.9931624111525782,0.9729474977715207,0.8989024550680143,0.6873122616385413,0.352076297843075,0.11842452137636938,0.03214127879130537,0.008142717294175702,0.0020253898378270107,0.0005014645674412903,0.00012401470380526877
24.310924369747898,1.635497594975216e-74,4.6415834851739655e-70,1.3172931242204018e-65,3.738511214447543e-61,1.060998958219726e-56,3.011142018800838e-52,8.54569801590186e-48,2.4252911413035767e-43,6.883039808453372e-39,1.9534252174817836e-34,5.54387570418226e-30,1.5733686828427704e-25,0.5009242144177449,0.5009242144177449,0.5009242144177449,0.5009242144177449,0.5009242144177449,0.5009242144177449,0.5009242144177449,0.5009242144177449,0.0007863638003830009,0.001609855481689226,0.00329119247371389,0.006711940703995215,0.013626199294325894,0.027429818650021226,0.05434292337804042,0.10450163987207464,0.19045056569505903,0.3174240139410288,0.4650208955755915,0.5855717978808277,0.6424733074720257,0.6409641341566894,0.6101421251199225,0.5741788372429021,0.5428497219716719,0.5149811808443628,0.486723240913852,0.46054921201533067,0.44355739909191183,0.4384159152433986,0.44413793794394435,0.45940147955493044,0.48318964567990763,0.5136447500692063,0.5419993942795737,0.5514522592416041,0.537937051886024,0.5200344914542828,0.5134774059099264,0.5152383039980994,0.5188878869245065,0.5368851049090031,0.5970314054696471,0.7093908251570392,0.8373776947353228,0.9237843075999183,0.9458511462410379,0.897151078809805,0.7831803579266229,0.6854994110058596,0.6586696784590653,0.6711221029512172,0.6827132622479664,0.6582199380533614,0.5679580400811899,0.4203577204364302,0.2848968406141144,0.22932723498721422,0.26647990113149217,0.36105710574055955,0.4502694526517711,0.5013537707667016,0.5196813693394825,0.5144048240603631,0.4935012192178669,0.4727426511693609,0.4725128771649354,0.5209084814070843,0.6643336463565644,0.8429581893727329,0.8786032049636004,0.7739832184772726,0.5806893428960408,0.3540633582489579,0.16192782659179047,0.05186683568332776,0.01574830028714611,0.009450973127635556,0.00976290645374997,0.010867067893332128,0.01141090923248925,0.011073350548280628,0.010006408322926775,0.008555562892876822,0.006911953478166643,0.003975930291434224,0.0004860803796905804,3.333115259263933e-05,0.00012080773457297806,0.0012896582775902413,0.013712084198880765,0.1301944526479813,0.6170828516599972,0.9454952562238793,0.9946296620534473,0.9993169297226253,0.9992008312418797,0.9969565719771875,0.9878186725990062,0.952489091056705,0.8321037385639187,0.550601397848451,0.2324712554310902,0.06966027032420846,0.018173858363965772,0.004555108482018888,0.0011299505699973883,0.00027957476657227966
24.462184873949578,3.687586976514359e-74,1.0465464988234936e-69,2.9701254164993753e-65,8.429291088971964e-61,2.392254181548754e-56,6.789278217194482e-52,1.9268145254776689e-47,5.468349393521491e-43,1.55193191871276e-38,4.4044246988824485e-34,1.2499881923251286e-29,3.5475046437180547e-25,0.5009242144177449,0.5009242144177449,0.5009242144177449,0.5009242144177449,0.5009242144177449,0.5009242144177449,0.5009242144177449,0.00011339810087180742,0.00023240181451770955,0.0004760639263601988,0.0009744628754340819,0.0019922539815275067,0.004065094600461615,0.008267138732527357,0.01671570609406503,0.033447272578350395,0.06564469345209664,0.12425103710545866,0.22007590947033437,0.34878742051757033,0.4737612572598663,0.5482708645204765,0.5642813716140932,0.5471729256595291,0.5202667222343185,0.4944461437026932,0.47469685103749737,0.4645314064229244,0.46264102359585,0.4636668293560237,0.4677448872673994,0.47657878812210785,0.48921942167393634,0.5039078969917645,0.517261323601606,0.522338012763426,0.5159008753930098,0.509004099295744,0.5138052601567744,0.52620895060607,0.5392892577396334,0.5654242467901107,0.6328149650813208,0.7487692192515222,0.8702695803222523,0.9448920690378012,0.9620894218627054,0.9183963916557449,0.8004428461688535,0.6778780290760777,0.6398982380335434,0.6550576795135332,0.668983308066482,0.6436905360051318,0.5510509527916826,0.3969794970096396,0.2541633255016658,0.20132152803611833,0.2518478063603635,0.354504665172953,0.43487469751822727,0.4691070739728107,0.47030883099063414,0.44887373536032055,0.4130492369519834,0.37960290089936627,0.3676124332182652,0.39740971776962886,0.5186432004841648,0.7434936102358181,0.8498508988670194,0.7639284454467805,0.5678598959123877,0.32962705856636565,0.13119033934113647,0.03356412854304385,0.007775708384282863,0.003693030121362547,0.003686328311609692,0.004275746598158287,0.004753369336814812,0.004883760546591807,0.004630466876342586,0.0041026014590561845,0.0034224287331325893,0.0022700466278505133,0.00039263744495093703,4.759495890224158e-05,0.0003092271236730865,0.003312476010483248,0.034546443379639656,0.2781087151918097,0.805739769271397,0.9780924194176207,0.9979040561357921,0.9997242618651444,0.9996479462954825,0.9986481552297722,0.9945605762658435,0.9783560137869773,0.9178612644354466,0.7342173585391486,0.4057931199222213,0.14443970205119902,0.04006337003246767,0.010212122049949765,0.0025441136893526793,0.0006301414023218825
24.613445378151262,8.314471237197764e-74,2.359667941028559e-69,6.696797267451353e-65,1.9005680137400998e-60,5.393860224310522e-56,1.530791259821863e-51,4.344424794037731e-47,1.2329589977991994e-42,3.4991701101859136e-38,9.930739737605846e-34,2.8183722623305947e-29,7.998627600878616e-25,0.5009242144177449,0.5009242144177449,0.5009242144177449,0.5009242144177449,0.5009242144177449,0.5009242144177449,0.5009242144177449,3.349751674665831e-05,6.865788445264346e-05,0.00014067079349949917,0.00028805762109486964,0.0005894004358152948,0.001204600971584492,0.0024578234708785953,0.00500249000919359,0.010143440334917356,0.020442544108996468,0.040756774729037513,0.07956397360292106,0.14866920243701306,0.25441079564442565,0.375328636830031,0.46130510750372067,0.48717794883363463,0.4729810369084044,0.4488082164319259,0.4350448055158813,0.44111006634180755,0.4614115262034284,0.47606340295531,0.4806003635492134,0.48224090934614694,0.48250902655476335,0.4810003085708047,0.47974724328138246,0.48141749460028704,0.4858943484789053,0.4948934292238242,0.5115757019303859,0.5309770333786833,0.5499477001253452,0.583296325999755,0.658708895488485,0.7789033660356155,0.8943862265071015,0.9587855884057495,0.9723630224946792,0.935270665178518,0.8235616582925219,0.6873196886163061,0.6416482003339917,0.6592984752829935,0.6736992005664074,0.6468984801647925,0.5526105517294239,0.39253289540874875,0.241468255934213,0.19186002362832758,0.2571484617356729,0.3659310226377334,0.4363914718762113,0.4554791970941396,0.4409051730916939,0.4027099861536259,0.3495910209179573,0.3004811756375995,0.2749553375559696,0.28647106037406656,0.37229243232063775,0.6004157951400676,0.7981481813552941,0.7504885070507217,0.5516765211513727,0.29814639511785446,0.10044835151507873,0.02117917723301754,0.004011839184394962,0.0014708899398939493,0.0013576455257199823,0.001618009714563424,0.001893966367909529,0.002063499514572522,0.002068001993439286,0.0019165854703644032,0.0016590081353187371,0.001222030912258576,0.000305483556819164,8.899300941394153e-05,0.0007938083996369393,0.008481155501487788,0.08433015189493327,0.49787891810962237,0.9143496381590848,0.9913723473399463,0.9991834916207178,0.9998883073679449,0.9998448158777613,0.999400079233171,0.9975802239459238,0.990283556144526,0.9618253748135048,0.8616606193453422,0.6062654938043245,0.275704618781611,0.08600814899886762,0.02273416178904763,0.005718007932618516,0.0014196691276411192
24.764705882352942,1.874679361017755e-73,5.320387388557988e-69,1.5099393924414022e-64,4.2852462212092164e-60,1.216163750349672e-55,3.451503699701909e-51,9.795455994186999e-47,2.7799758118544674e-42,7.889644842174144e-38,2.239102748511409e-33,6.354638100446328e-29,0.5009242144177449,0.5009242144177449,0.5009242144177449,0.5009242144177449,0.5009242144177449,0.5009242144177449,0.5009242144177449,0.5009242144177449,9.894591017698664e-06,2.028131530845408e-05,4.15573980102003e-05,8.511332433512428e-05,0.0001742088622274526,0.00035626791314014586,0.0007278080170217281,0.0014848963929195152,0.003025214491212356,0.006154757623349,0.012506316088239412,0.025370788982058086,0.05118626110872352,0.10111203228972333,0.18711623104284195,0.29830717325667516,0.37959988782229054,0.39609807628955335,0.3804447512260004,0.372990026836456,0.3931815687247406,0.43900295322306593,0.4749210101467953,0.4824008359186371,0.4756876482969599,0.46218872737375116,0.44481921729190593,0.4306569379952026,0.4292024366993653,0.445092831093062,0.47329436654227325,0.5020779914911849,0.5242466557011082,0.5444179398194869,0.5822767530416394,0.6663890182336818,0.7954327270811247,0.9103024253579125,0.968050227786684,0.9793339776036524,0.9490700421456005,0.8504970648436743,0.7147785175546575,0.6663389257531852,0.6833005402827238,0.6938291311524484,0.6629459385559462,0.5657358675194203,0.3993113813819273,0.2407403074588251,0.1966948568405429,0.2770924503624552,0.3883739327518578,0.44794062325728895,0.45420637101949324,0.42732907960588185,0.37641232843210487,0.3101842225922637,0.24851336843051675,0.2116304666821249,0.2102599469383908,0.2680921445140206,0.4580519820671334,0.7204402639746005,0.7344769231040509,0.5316961383144228,0.25844156268637564,0.07209980551111905,0.013031577009320502,0.002153772622850626,0.000611653530416958,0.0004941838759726803,0.0005940335456912711,0.0007255893554629145,0.0008354967657460031,0.0008880347751546061,0.0008678466662711438,0.0007849811697652171,0.0006269885993793749,0.0002278298410155693,0.00019809138768583023,0.0020379188831416194,0.02154033476469537,0.19161656184877834,0.7184717626306047,0.9648828437443915,0.9966299752251465,0.9996821036643582,0.9999545862098077,0.999931551058768,0.9997338734633522,0.9989253511654533,0.9956671910318583,0.9827015255751824,0.9335271688209658,0.7763752194918805,0.46186321189286517,0.17503508806204057,0.049837524935815294,0.012800661051529418,0.0031952628228197172
24.915966386554622,4.2268745746401287e-73,1.1995976841925326e-68,3.4044885626761685e-64,9.662024755061471e-60,2.7421071534724774e-55,7.782170007385332e-51,2.208599831942521e-46,6.268063745014918e-42,1.7788931337995191e-37,5.0485476440407414e-33,1.4327925392938693e-28,0.5009242144177449,0.5009242144177449,0.5009242144177449,0.5009242144177449,0.5009242144177449,0.5009242144177449,0.5009242144177449,0.5009242144177449,2.922664477233013e-06,5.990903985373138e-06,1.2276417013424406e-05,2.514603009164583e-05,5.1478980047737095e-05,0.00010531640721734289,0.00021529216124047934,0.00043979024372334545,0.0008980593254767771,0.0018350007841394394,0.0037595247397290213,0.007750293498069624,0.016149523944844726,0.034088937378475376,0.07204220363534707,0.14419573922240553,0.23926687576307587,0.29463390395272615,0.29887772759206604,0.300654363048928,0.33213919767989303,0.4019765967953109,0.46413818486429953,0.47594786300409386,0.4588272327475073,0.43050751622410627,0.3991322117306269,0.37526383870408686,0.3709215814812636,0.39528373168726305,0.44217071410281505,0.48223165839971943,0.5037268674865795,0.5210766388383815,0.5595400174416508,0.6512849087671965,0.7954268856113043,0.9182735958963154,0.9739574491941658,0.9843095286968632,0.9605656527900512,0.8784768797162078,0.755074214033716,0.7080900650149822,0.7205139751025155,0.7235848454838864,0.6866423074861052,0.5850024969009937,0.41151343153554765,0.24686068910299883,0.21127474972342852,0.30604916905557433,0.41625919443889836,0.4647979955628204,0.46089007453332487,0.42608223706632736,0.3690333482378418,0.29847936711722894,0.23336743448878214,0.19426402646641783,0.19678130202586083,0.26641984970203464,0.4472472592591875,0.6943326718005423,0.7488018512238069,0.5272216467605675,0.2178981847084431,0.04936134514766368,0.007899118636833282,0.0011929201568138758,0.0002702475947985403,0.00018019602081001125,0.00021333085988312092,0.0002689772231675828,0.0003250085425156563,0.0003658714240895707,0.0003789196300521868,0.00036081797945940446,0.00030879386680575247,0.00016591593556851194,0.0004743067288622232,0.005220949529498953,0.05361913681455805,0.37891279890985746,0.8678718298647831,0.9860564158190764,0.9986878772555136,0.9998762420392884,0.9999814611994277,0.9999697896926156,0.9998819654405454,0.9995230939741641,0.9980736927729678,0.99225330670841,0.9693858963957157,0.8867225064260408,0.6593010910660132,0.32358845286072063,0.1057564294993452,0.028405659762730632,0.007175650463774441
25.067226890756302,9.530413064569805e-73,2.7047553109088005e-68,7.676163983722836e-64,2.178514784590767e-59,6.1826802972293046e-55,1.7546604471722135e-50,4.979771490145024e-46,1.4132721365297156e-41,4.010904046882535e-37,1.138305697703638e-32,0.5009242144177449,0.5009242144177449,0.5009242144177449,0.5009242144177449,0.5009242144177449,0.5009242144177449,0.5009242144177449,0.5009242144177449,0.5009242144177449,8.632991952696447e-07,1.7696610201649104e-06,3.62656988989274e-06,7.429170698512066e-06,1.5211845966628669e-05,3.113075290937786e-05,6.367506142230033e-05,0.0001302026401760696,0.0002663401635566817,0.0005458740009946031,0.0011243683468384101,0.002339851333059407,0.004959449931124724,0.010813738879197756,0.024419148448933836,0.05616758681485337,0.11911477274496804,0.1890863106959107,0.21874499746051637,0.2353600903471596,0.28153108488802986,0.3767903229084354,0.465618110680039,0.47728640512520965,0.44369482098120305,0.3983442567273598,0.3547184885976017,0.32363266982150557,0.3157879264420238,0.3434713684938282,0.4040784181698322,0.4528309029021633,0.4717605718693955,0.48409955300294866,0.5191254788966944,0.6144245525287904,0.7779323331247225,0.9185444401788104,0.9771728389927317,0.9879035860040728,0.9700919524299969,0.904921318548918,0.8003745490270496,0.7573864957923839,0.7631545001634042,0.7576664592345715,0.7142740319175834,0.6073291448418664,0.4259609522410267,0.2566124761360454,0.232128950127915,0.33996493478754247,0.446723522290068,0.4855870052803429,0.47558035647571406,0.4396298590861075,0.38681230272533074,0.32541347346782207,0.2718731821474601,0.24968620166326905,0.2915462152986684,0.43315984330667556,0.649841640669094,0.8284314552644221,0.8700865782257338,0.6465648087654439,0.21892818133426362,0.03650541950719458,0.004969994792369628,0.0006864560433735742,0.00012826602626369473,6.683802853062129e-05,7.55145443236502e-05,9.714459263573891e-05,0.00012205644377347634,0.00014471651032556076,0.00015893568065569828,0.00016024901950788698,0.00014643940187627035,0.00012625353950039125,0.0011517633122188618,0.01329867732381922,0.12725253374509118,0.6109261630855559,0.9441517876613099,0.9945358693278303,0.999489763963877,0.9999518143891359,0.9999924006666576,0.9999866589348859,0.9999476519212306,0.9997884297061517,0.9991447384212195,0.9965493552091685,0.9861868823921431,0.9463797334871277,0.8135442552645209,0.5189149748774785,0.21051658912611415,0.061842631462973544,0.016034705887996655
25.218487394957982,2.1488400377668422e-72,6.0984623359375445e-68,1.730759039661549e-63,4.91193801882059e-59,1.3940204963021885e-54,3.956265790602649e-50,1.1227984315458007e-45,3.1865313402919385e-41,9.043461527635354e-37,2.5665597327976786e-32,0.5009242144177449,0.5009242144177449,0.5009242144177449,0.5009242144177449,0.5009242144177449,0.5009242144177449,0.5009242144177449,0.5009242144177449,0.5009242144177449,2.5500390303392824e-07,5.227487227376208e-07,1.0713440494140058e-06,2.194951889083319e-06,4.495270165992001e-06,9.202738917462368e-06,1.883478835894011e-05,3.855341305886805e-05,7.900377262077313e-05,0.0001624040874567513,0.0003361714181097853,0.0007052618410253738,0.0015145449938118434,0.003374670482344677,0.007922898634689776,0.019748986993589714,0.049962270028612865,0.10573449302771279,0.15702009239317322,0.2033023412363721,0.2901190509204153,0.43404359957199107,0.5475568844562224,0.5433046352959238,0.4766218597454633,0.4036251456520692,0.3416520973629032,0.29820935423297895,0.2809601713635967,0.3034447022009515,0.36759754713874476,0.41906750533478576,0.43393513087861674,0.44052550680119384,0.46912228756601787,0.5619446413423781,0.7444589308758112,0.9116547986179679,0.9781558253276741,0.9904305655697087,0.9777853910426045,0.9280290472168093,0.8439647870094966,0.806111922986758,0.805324606067513,0.7923539879516391,0.7435288737006963,0.6312872664250124,0.44139945573170847,0.26843122704647904,0.2571846020510086,0.3769178769252736,0.47989440013840556,0.5131239063130105,0.5049380348247247,0.48004434485287484,0.4473485125820838,0.41227131466472977,0.3883777160215464,0.4070535155384657,0.5134848418946714,0.6978248854708138,0.8582683455577691,0.9423767561163199,0.9661929061534156,0.8820608089701466,0.40090692832380626,0.04884614195987714,0.0043931106439800615,0.000466009973355437,6.812285740376548e-05,2.580698949684141e-05,2.654859317296085e-05,3.440708347378192e-05,4.4528251065995194e-05,5.5146904207128676e-05,6.397732714820286e-05,6.845611329950141e-05,6.691952140390658e-05,0.00011161328684414502,0.002743491625264741,0.03340080207596072,0.27283425418596235,0.8016398424806565,0.9775339343364197,0.9978698873060152,0.9998016840483909,0.9999812343141316,0.9999968716206595,0.9999941054846372,0.9999767842899091,0.9999061546923017,0.9996204986488182,0.9984666452560451,0.9938262281029766,0.9754872094854167,0.907730310158098,0.7086262094833823,0.3754774192074292,0.12939715074541042,0.03544071746220021
25.369747899159663,4.845029777858702e-72,1.3750316981484475e-67,3.9023747570158897e-63,1.1075038512033068e-58,3.143124107858371e-54,8.920266655452234e-50,2.5315947337574196e-45,7.184732409607287e-41,2.03904649412178e-36,0.5009242144177449,0.5009242144177449,0.5009242144177449,0.5009242144177449,0.5009242144177449,0.5009242144177449,0.5009242144177449,0.5009242144177449,0.5009242144177449,0.5009242144177449,7.532450677511849e-08,1.5441968855750815e-07,3.1649981432187916e-07,6.485289540592364e-07,1.3285044648901285e-06,2.7208254642937026e-06,5.572443836889964e-06,1.1419835719104624e-05,2.344805696815788e-05,4.8359960859032844e-05,0.00010064003481302052,0.00021292167503119143,0.0004631795119915482,0.0010523876996436814,0.0025493876663226778,0.006747821113352839,0.019696540587993208,0.057759280190671156,0.13509815895551736,0.25354099459183926,0.43310603783839885,0.6342814112512621,0.7468922144462652,0.7289391425446996,0.6356172371839802,0.5275789446283744,0.430805539008757,0.3553319718043133,0.31056208341140007,0.3102276969075712,0.35582888198833595,0.3930633638244186,0.3978422092102536,0.3971101465286974,0.4174222501247765,0.502157112604047,0.698735467239714,0.8985290132891599,0.9773112483797427,0.9920968997373065,0.983779908146568,0.9469669014951331,0.8818690002924052,0.8494591225152756,0.8436095090139756,0.8253473253642363,0.7729525396710665,0.6562804116243778,0.4576529300730967,0.2818816565775847,0.28581571421919666,0.4176192085473487,0.5199369317637588,0.5564452943758226,0.5640117549558163,0.5664212902568605,0.5673860491231071,0.5669368338218557,0.5780470036588115,0.6345931158936471,0.7558694840526221,0.881298146437602,0.9533100551484782,0.982936802238192,0.992122501091121,0.976886881650232,0.7558803236512177,0.1511282298991786,0.010042153042981023,0.0006472028084805135,5.497687355269781e-05,1.1371162443177513e-05,9.381996403731243e-06,1.202212461855114e-05,1.588226197318406e-05,2.0358524322564746e-05,2.4767731274578345e-05,2.8064280287366153e-05,2.9529136957231873e-05,0.00011945563370450604,0.006233383513167482,0.08115368860434477,0.4911865512106569,0.9122910955756696,0.9911496124253082,0.9991713011471811,0.9999229336752864,0.9999926895629219,0.9999987065604463,0.9999973944244502,0.99998970417865,0.9999583761646905,0.9998316501735747,0.99931935444038,0.9972524041292766,0.9889778735965044,0.9568620795795824,0.8457626928061975,0.575477728186077,0.2510022025019699,0.07650673610090244
25.521008403361343,1.0924179158881415e-71,3.1003096647546446e-67,8.798757314373646e-63,2.4971096497471202e-58,7.086860783904824e-54,2.011269258182118e-49,5.708034294876124e-45,1.6199552141166146e-40,0.5009242144177449,0.5009242144177449,0.5009242144177449,0.5009242144177449,0.5009242144177449,0.5009242144177449,0.5009242144177449,0.5009242144177449,0.5009242144177449,0.5009242144177449,0.5009242144177449,2.225001782334069e-08,4.5616322512807795e-08,9.3504290771235e-08,1.9162714838941237e-07,3.926540897072276e-07,8.045486419029764e-07,1.6490965629036283e-06,3.3841607931875853e-06,6.9644639012475126e-06,1.441771524516321e-05,3.0185380522844296e-05,6.44617209541322e-05,0.00014220444044868812,0.0003299844769315905,0.000828866417340964,0.002385756308693105,0.008773730833521154,0.04273026200847427,0.18263328881229696,0.4387483237841116,0.6856463626037146,0.8454489083355305,0.9092915423421016,0.9005494197468562,0.84268287225614,0.7568067742824678,0.6579814282157063,0.5596831710265522,0.4818653220270089,0.4434990083888299,0.43401530230770485,0.41114587346222387,0.3796639179112278,0.36175636340293604,0.37027692978515986,0.44254976138900315,0.6456371183883224,0.8803304539870003,0.9750014937596422,0.993070351606419,0.9882791639621981,0.9617175447825931,0.9126363805907853,0.8855173583148388,0.8765122018315054,0.8553445423943633,0.8015409369306434,0.6820027670188705,0.47502533837378413,0.29732133126831667,0.3193594024879284,0.466932556706422,0.5770881459061079,0.6306665600039966,0.6666825619873727,0.6992007055794097,0.7247439950118167,0.7438319490002412,0.7705476810565963,0.8266388762514363,0.9035352762853716,0.9595590669092583,0.9853568124578546,0.9949210559410876,0.9979867562436247,0.9957379346051844,0.9417433288456518,0.46295780452252494,0.04241603477936373,0.002289369305439649,0.00012619734067502696,9.776568222666747e-06,3.57348127146429e-06,4.1748439960161895e-06,5.571296169726524e-06,7.327436993668386e-06,9.265077296862421e-06,1.1050572689534696e-05,1.2714529064921837e-05,0.00014372472818956517,0.013083817721655233,0.1833057453909517,0.712897959516434,0.9639899558772398,0.9965426198247177,0.9996778596805879,0.9999700536948564,0.9999971510964029,0.9999994628797991,0.9999988477820951,0.999995433944952,0.9999815388350386,0.9999253274498581,0.9996980095692821,0.998779535824306,0.9950813599615483,0.9803971357476194,0.9251709015767638,0.7534803563334166,0.43039270231733173,0.1573923753520665
25.672268907563023,2.463095085329052e-71,6.990326140611062e-67,1.98387226204908e-62,5.630279848113291e-58,1.597887777176948e-53,4.534846556542977e-49,1.287001248895363e-44,0.5009242144177449,0.5009242144177449,0.5009242144177449,0.5009242144177449,0.5009242144177449,0.5009242144177449,0.5009242144177449,0.5009242144177449,0.5009242144177449,0.5009242144177449,0.5009242144177449,0.5009242144177449,6.572485503538843e-09,1.347556041705934e-08,2.7625175852552403e-08,5.662539233441221e-08,1.1606538779620855e-07,2.379478164615137e-07,4.881786742414285e-07,1.0033796593108992e-06,2.0703308251805296e-06,4.304390451913651e-06,9.073621640063274e-06,1.9582782290106405e-05,4.3911013868262204e-05,0.00010489727690027354,0.0002839398342300246,0.001034582039503266,0.006381922985093044,0.05537803373462136,0.3209388531919135,0.6914011114673375,0.8759330361709499,0.9493763545133048,0.9734927978176777,0.9713345115861955,0.9506814349853743,0.9148694470911961,0.8651455956483265,0.8047951919361691,0.7475869768710202,0.7093774983807799,0.6635579171729624,0.5554031674554479,0.43038604866886854,0.356264182063338,0.33678420759092387,0.3895245709824221,0.5900441769491085,0.8582159675894454,0.9714991727065094,0.9934689306481873,0.991507963937664,0.9727323482939516,0.9364256294812762,0.9141913665793869,0.9037396277997155,0.8817135064125433,0.8285468082314691,0.7081661254200032,0.4939660739832777,0.31602337372656547,0.3629257827206747,0.5363181116548422,0.6653412680400348,0.741003012086737,0.7946245983031258,0.8334763403603326,0.8588490762377159,0.8768985108967446,0.8986114790805496,0.9319701973193603,0.9662908786276602,0.98682697626797,0.9953988895158709,0.9984467654773934,0.9994365824314927,0.9991666964566819,0.9882455846710105,0.8135043875026077,0.18024885077378522,0.010902453019580724,0.0005547775925159961,2.9082529469443546e-05,2.5351960418899464e-06,1.500378083759968e-06,1.9339520888029477e-06,2.5870327105992977e-06,3.3695294926069024e-06,4.195496966020714e-06,5.520852524125317e-06,0.00017745428191807947,0.024523693761497458,0.36066564274913876,0.864566194398241,0.9856931419297426,0.9986538453898055,0.9998748130695745,0.9999883637333273,0.9999988893150833,0.999999775976099,0.999999490293151,0.9999979750065716,0.9999918121364061,0.9999668802801885,0.9998660404100199,0.9994583387918785,0.9978125253012337,0.9912099611584221,0.9653701930346721,0.8732811251877177,0.630130358103929,0.29635116575433285
25.823529411764703,5.553586510956578e-71,1.576121899827133e-66,4.473073885983125e-62,1.2694697344091071e-57,3.6027875191760024e-53,0.5009242144177449,0.5009242144177449,0.5009242144177449,0.5009242144177449,0.5009242144177449,0.5009242144177449,0.5009242144177449,0.5009242144177449,0.5009242144177449,0.5009242144177449,0.5009242144177449,0.5009242144177449,0.5009242144177449,0.5009242144177449,1.9414883592935508e-09,3.9809207186025315e-09,8.16198877336135e-09,1.6733830833072387e-08,3.431205478716842e-08,7.038806147354261e-08,1.4456423382329926e-07,2.9766726368257003e-07,6.160406002163536e-07,1.2870869288756988e-06,2.7344578313837274e-06,5.976281729452567e-06,1.3724462122628272e-05,3.5141528839314646e-05,0.00012254038650255606,0.0008011821639713207,0.008667293059891687,0.0967280756316383,0.5199451417826739,0.866580622091531,0.9585597609175954,0.984805444242614,0.9926090810212065,0.9921684436999378,0.9860301894169399,0.9747823972673447,0.9581173119985489,0.9367296085099774,0.9164893839795901,0.9039076965576262,0.8812135041995287,0.7979818820250851,0.6278845060549526,0.4477136509936583,0.3473680054297735,0.3546041372696319,0.5370608732188757,0.8330487456045248,0.9666654476751168,0.9929275588560196,0.9931178397262308,0.9800379491973871,0.9537629552109441,0.9361485699555941,0.9256279052447153,0.9042704062158583,0.8534208728933428,0.7344057807754253,0.5149550595738767,0.34120344614054915,0.42900521212195414,0.6406771781641347,0.7819053631896207,0.8562003371978127,0.8988472503677729,0.923953089732577,0.9388036625434246,0.9495124819355232,0.9614604643097165,0.9762359431245308,0.9888823368903052,0.9957613444475383,0.9985374512193765,0.9995128538027379,0.9998320354128383,0.999824498828972,0.9976881997256587,0.95671793856728,0.5255780143574493,0.052381435205573965,0.002747610615020061,0.0001376159543865055,7.221826326864963e-06,8.288037978151697e-07,6.801674515647616e-07,9.012903957349594e-07,1.198916395279486e-06,1.545250027720086e-06,2.609554213338331e-06,0.00021439097148578088,0.040111404360470296,0.581208784675235,0.9425133754537106,0.9943917049612635,0.9994765415643445,0.9999513569557527,0.9999954784829569,0.9999995667810165,0.9999999061580508,0.9999997744499769,0.9999991019330087,0.9999963685531953,0.9999853106599734,0.9999405825754585,0.9997596930677166,0.9990286412333401,0.9960823285715037,0.9843393895347342,0.9395345057928737,0.7934423445918722,0.48707560849859577
25.974789915966383,1.2521775279213764e-70,3.553711508231403e-66,1.0085523348164046e-61,0.5009242144177449,0.5009242144177449,0.5009242144177449,0.5009242144177449,0.5009242144177449,0.5009242144177449,0.5009242144177449,0.5009242144177449,0.5009242144177449,0.5009242144177449,0.5009242144177449,0.5009242144177449,0.5009242144177449,0.5009242144177449,0.5009242144177449,0.5009242144177449,5.735173933540911e-10,1.176065935216168e-09,2.4116075528521226e-09,4.945536093141066e-09,1.0144923054413093e-08,2.0826456341942304e-08,4.2826350249093505e-08,8.836483903638389e-08,1.8350546045729218e-07,3.855601670462295e-07,8.268992800583501e-07,1.842078641835925e-06,4.500371760800553e-06,1.4895606194413247e-05,9.850285797171845e-05,0.0011532620413588755,0.01556761966090891,0.17443835175848754,0.7066753552915627,0.946961345929656,0.9867166197235817,0.9955230292095313,0.9979392895084265,0.9978500300825675,0.9960969415337639,0.9928469014684863,0.9880088547845487,0.9819865617780577,0.9769911818200766,0.9747726963822443,0.9690147590527497,0.9413872938048966,0.8580835788506266,0.6878068201486663,0.48336031260677165,0.3777164558734941,0.4970581106274421,0.8031782141392525,0.9547599711226001,0.9832118542279625,0.982769444158323,0.972832838129106,0.9580068033282891,0.9497891477216435,0.9421912711939578,0.9230018282325795,0.8757816056545112,0.7602867056523666,0.5386243190809366,0.38083230320545314,0.5379045280141219,0.7737253842659438,0.8885652216630721,0.9354703768768922,0.9578006032001413,0.9696405616738356,0.9765659564857347,0.981715694254488,0.9869354504064283,0.9923338338755873,0.9964645625160973,0.9986457518597676,0.9995309326737579,0.9998443093037666,0.9999478080193991,0.9999600788682697,0.9995442543938589,0.9911335255284166,0.8481833159974919,0.2178257421313251,0.013678124279305124,0.0006896464444054921,3.4420732865461106e-05,1.867096466861143e-06,3.10612517734693e-07,3.144371561125836e-07,4.198714318482739e-07,5.563430125386948e-07,1.5036401136647695e-06,0.00024975516965870765,0.05731238245737381,0.7661267389653033,0.9767578262482642,0.9978130924511696,0.9997965524018598,0.9999810999746394,0.9999982430538971,0.9999998309345367,0.9999999605228457,0.9999999001643787,0.9999996017127268,0.9999983893998361,0.9999934850143866,0.9999736466505529,0.9998934061820597,0.999568955486224,0.9982586603132404,0.9929932318208723,0.9722489144308215,0.8964907051816934,0.6816394106271719
26.126050420168067,0.5009242144177449,0.5009242144177449,0.5009242144177449,0.5009242144177449,0.5009242144177449,0.5009242144177449,0.5009242144177449,0.5009242144177449,0.5009242144177449,0.5009242144177449,0.5009242144177449,0.5009242144177449,0.5009242144177449,0.5009242144177449,0.5009242144177449,0.5009242144177449,0.5009242144177449,0.5009242144177449,0.5009242144177449,1.6942048720167196e-10,3.474503695285446e-10,7.125897620571453e-10,1.46173846853801e-09,2.999966395569051e-09,6.163730597518787e-09,1.2692610728314475e-08,2.625112571183798e-08,5.4731662756945535e-08,1.1578888019731142e-07,2.52029279616801e-07,5.918248379142223e-07,1.8471465906695491e-06,1.1969689703922924e-05,0.00014626025668216242,0.002113990298351884,0.02965438458335874,0.29563812421855745,0.8371570363213173,0.9785801617672072,0.9956712752991168,0.9986753927110843,0.9994200259738004,0.9994003722158658,0.9989012461771726,0.9979820164082783,0.9966417949652876,0.9950919164439428,0.9940639617128109,0.9938718113188438,0.9926753665688948,0.9858302162046144,0.9622726364757617,0.8956255044234918,0.7476801396537686,0.546744197915641,0.502514756756775,0.7300034870659213,0.8478838109571672,0.844437336734197,0.8148732548441586,0.7957798453510154,0.8349809904284087,0.9108395335571141,0.9424988463107639,0.9356478639763691,0.8949515503724466,0.785291031447513,0.5662653123835835,0.45227745559938415,0.6937831130967349,0.8897558166997039,0.9535997061655103,0.97497514439202,0.9842838974803639,0.9890946961658283,0.9919682168763034,0.9940887286783452,0.9959878796710177,0.9976869428644503,0.9989135888520893,0.9995721513254435,0.9998491264823032,0.9999496441641186,0.9999833450364416,0.999990178781883,0.999909597517884,0.998231644683701,0.9657144893667488,0.5839228546178599,0.06532184794703126,0.0034662288713010847,0.00017295842240094088,8.640798573213496e-06,5.01889166169961e-07,1.2710319419228965e-07,1.4621896745633827e-07,1.9774878180335922e-07,1.1161957664969437e-06,0.0002805564491598653,0.0732134001648985,0.8775164774679292,0.9907646738941397,0.9991488769384385,0.999920942854647,0.9999926566128403,0.999999317286608,0.9999999339818116,0.9999999833239792,0.9999999557988097,0.9999998233610389,0.9999992856758053,0.9999971105002324,0.9999883117409795,0.9999527213118365,0.9998087797215588,0.9992269418120607,0.996880233552776,0.9874989415416705,0.9512861590051196,0.8284016195483724
26.277310924369747,0.5009242144177449,0.5009242144177449,0.5009242144177449,0.5009242144177449,0.5009242144177449,0.5009242144177449,0.5009242144177449,0.5009242144177449,0.5009242144177449,0.5009242144177449,0.5009242144177449,0.5009242144177449,0.5009242144177449,0.5009242144177449,0.5009242144177449,0.5009242144177449,0.5009242144177449,0.5009242144177449,0.5009242144177449,0.5009242144177449,1.0265227751106742e-10,2.1057063411133615e-10,4.320851834647806e-10,8.872751211765069e-10,1.8247299794168313e-09,3.763629437689696e-09,7.805397878295602e-09,1.6353501138244785e-08,3.498395155398779e-08,7.949744812406516e-08,2.3299373989099275e-07,1.4358573677732872e-06,1.7903693052421612e-05,0.00027073875540195005,0.004081097791904924,0.05638578321354042,0.4536326708346379,0.9139855238704683,0.9908914798953815,0.9985235811947791,0.9996023367821416,0.9998350919015851,0.9998301901035582,0.9996875173203243,0.9994291072542689,0.9990657477152991,0.9986877879852716,0.998510855145184,0.9985512254041021,0.998315333209103,0.9967419847758721,0.9911488987535518,0.973842177956659,0.9246316747404685,0.8023663749005834,0.5672821002258229,0.3734095494450093,0.2993387456716248,0.24662879329521978,0.2061281482065084,0.19028224618673575,0.24976442147164893,0.4771412458519201,0.7680418413823196,0.8993525855291223,0.9016799073383738,0.8074890622567831,0.6009715383475525,0.5785772246660372,0.8460041112420125,0.9565756804043375,0.9831435538786607,0.9912503834223941,0.994695808169413,0.9964756209377705,0.9975387310085166,0.9982819660869584,0.998870534517584,0.9993437474387687,0.9996785931377854,0.9998672951051373,0.9999516730592644,0.999983625697382,0.9999945980887882,0.9999973931232233,0.9999819419656389,0.999649058441913,0.9930058195842819,0.8761069745405893,0.2604462969318648,0.01723088263910868,0.0008715994380536653,4.3368807267686436e-05,2.1758963376614183e-06,1.423636292909945e-07,5.5038891043929454e-08,7.069654688514688e-08,9.974324488471832e-07,0.0003055197328319441,0.08621622338061471,0.9325596286012079,0.996329844292887,0.9996689076927857,0.9999692812980319,0.9999971468287329,0.9999997347071863,0.9999999742030938,0.9999999929274626,0.9999999804261879,0.9999999216608761,0.9999996831871306,0.9999987184634658,0.9999948160561412,0.9999790306735068,0.9999151820444202,0.9996569900691985,0.9986139325754643,0.9944167609783784,0.9777927067500659,0.5009242144177449
26.428571428571427,0.5009242144177449,0.5009242144177449,0.5009242144177449,0.5009242144177449,0.5009242144177449,0.5009242144177449,0.5009242144177449,0.5009242144177449,0.5009242144177449,0.5009242144177449,0.5009242144177449,0.5009242144177449,0.5009242144177449,0.5009242144177449,0.5009242144177449,0.5009242144177449,0.5009242144177449,0.5009242144177449,0.5009242144177449,0.5009242144177449,3.032921009951324e-11,6.222784108005782e-11,1.2773747307368222e-10,2.6247296106525584e-10,5.403790517134244e-10,1.116660058336373e-09,2.3237842255586994e-09,4.908624823257034e-09,1.0863994066885742e-08,2.990075346908529e-08,1.706052958610621e-07,2.1234909599503045e-06,3.324563083010246e-05,0.0005244694318112416,0.007939632010537687,0.10476230757539763,0.6206184139835184,0.9555665473709826,0.9959115239312839,0.9994633226495709,0.9998776864574122,0.9999526308885501,0.9999513009638296,0.999910363312361,0.9998379997635819,0.9997412738215252,0.9996540380016969,0.9996331688011486,0.9996622691743882,0.9996167447862689,0.9992637057562657,0.9980065960887244,0.9940649322201223,0.9812894970977224,0.9165015019076986,0.48445208072754903,0.0753616064376971,0.026842139616167708,0.01887494264676098,0.01492693091382171,0.013541519368085715,0.019150381742790913,0.0515686049054528,0.1772688012229623,0.4776604538100604,0.762195958934893,0.7986524846024053,0.6472869221446916,0.7482441572794389,0.9397414605653175,0.9851702290758912,0.9944718221545075,0.9972269294348443,0.9983882109983079,0.9989793021661741,0.9993209013854708,0.9995436341568755,0.9997038499262869,0.9998238362414501,0.9999087996924625,0.9999599058200616,0.9999846993194382,0.9999946806434749,0.9999982328727751,0.9999992599609598,0.9999963609016355,0.9999304131769038,0.9986045543716652,0.9726999062151983,0.639556351595714,0.08118347921523413,0.004378967243320884,0.00021872383338053528,1.0874288676274848e-05,5.505411676119266e-07,4.354764874936726e-08,2.730980291454586e-08,9.71781715812005e-07,0.0003246653048420137,0.5009242144177449,0.5009242144177449,0.9985184165368156,0.999871149072258,0.999988063850125,0.9999988914410605,0.9999998969089758,0.9999999899120032,0.9999999969889253,0.9999999913304091,0.9999999652565603,0.9999998594890346,0.9999994316198113,0.999997700840081,0.999990699695088,0.9999623802472436,0.999847841142873,0.9993847847296519,0.997516035935785,0.5009242144177449,0.5009242144177449
26.57983193277311,0.5009242144177449,0.5009242144177449,0.5009242144177449,0.5009242144177449,0.5009242144177449,0.5009242144177449,0.5009242144177449,0.5009242144177449,0.5009242144177449,0.5009242144177449,0.5009242144177449,0.5009242144177449,0.5009242144177449,0.5009242144177449,0.5009242144177449,0.5009242144177449,0.5009242144177449,0.5009242144177449,0.5009242144177449,0.5009242144177449,8.9613325431061e-12,1.8390955354554916e-11,3.7767941754969305e-11,7.766184624383677e-11,1.6009336737485064e-10,3.316065092866799e-10,6.941623637495549e-10,1.5051997420874672e-09,3.90700186373506e-09,2.020940356825019e-08,2.4541522059081407e-07,3.937547042315243e-06,6.44660157434718e-05,0.001023986693407868,0.015415162890879346,0.18643571686940888,0.7627429144993595,0.9772525327207477,0.9980832029026663,0.9997902506478243,0.9999609805883325,0.9999862400544163,0.9999858938925151,0.9999741250317984,0.9999539699996284,0.9999287906558716,0.9999101010697823,0.9999111040729969,0.9999222487651159,0.9999138940121223,0.9998369687706793,0.9995644198349835,0.9986094091448909,0.9922305129320257,0.9020701875840765,0.3395195114819723,0.03127721444347177,0.003406100170795925,0.0012466289952870661,0.0008931842126700911,0.00080213336583522,0.0011396660853420402,0.00316473890961954,0.012439565442633032,0.051987866111133485,0.19498321675811925,0.4888725279614181,0.6699977677544964,0.8883938193671539,0.9802033352213867,0.9954637980002659,0.9983623457249151,0.9992095877749888,0.9995597951014201,0.9997321924090231,0.9998276237235975,0.9998865010090247,0.9999263246474333,0.9999548655978637,0.9999752076957655,0.9999882834077635,0.9999952488924065,0.999998284568549,0.9999994206091241,0.9999997784696949,0.9999992572074592,0.9999862059986728,0.9997228799275376,0.994460712318072,0.8993894389516295,0.30804707117306024,0.021686367259383985,0.0011020221990355255,5.4854853436570024e-05,2.726890348093629e-06,1.4050792167363202e-07,1.7310157690777e-08,9.748123809677063e-07,0.5009242144177449,0.5009242144177449,0.5009242144177449,0.5009242144177449,0.9999497794387313,0.9999953618271047,0.9999995692844585,0.9999999599386297,0.9999999960516304,0.9999999987133825,0.9999999961594482,0.9999999845912083,0.9999999376814104,0.9999997479151764,0.999998980288369,0.9999958751603295,0.9999833147519839,0.99993250965467,0.9997270497766052,0.5009242144177449,0.5009242144177449,0.5009242144177449
26.73109243697479,0.5009242144177449,0.5009242144177449,0.5009242144177449,0.5009242144177449,0.5009242144177449,0.5009242144177449,0.5009242144177449,0.5009242144177449,0.5009242144177449,0.5009242144177449,0.5009242144177449,0.5009242144177449,0.5009242144177449,0.5009242144177449,0.5009242144177449,0.5009242144177449,0.5009242144177449,0.5009242144177449,0.5009242144177449,0.5009242144177449,0.5009242144177449,5.435769646556665e-12,1.1168449773412713e-11,2.2985229851668046e-11,4.745897082804463e-11,9.871846829947021e-11,2.1077644275822125e-10,5.197026280261916e-10,2.4043534154519486e-09,2.7827955276522325e-08,4.5265916313977437e-07,7.635000602878301e-06,0.00012593852243423495,0.0020010986449819105,0.02972622097764424,0.30971074973834667,0.8631694706873204,0.9883934527716322,0.9990734532416353,0.9999120439251267,0.9999869025922078,0.999995946473087,0.9999958822276208,0.9999925004486276,0.9999869343572448,0.9999805765637754,0.9999770334292634,0.9999788611201271,0.9999824556490239,0.999981227229281,0.9999652791645182,0.999896862738239,0.9993240639880289,0.9900989472102166,0.8547722941938557,0.27130711127236123,0.024698850676989164,0.001862354776975795,0.00019370386397178145,6.112166970947313e-05,4.7610258833466934e-05,6.677584151255682e-05,0.00018541312340393507,0.0007335427675245204,0.0031781307368405213,0.014000555830032568,0.06253664171344275,0.4050606345112763,0.9516021517705907,0.9942352657304963,0.998755129034749,0.9995642451857343,0.9997967420809437,0.9998901924511205,0.9999347192316418,0.9999586385922206,0.999972949470607,0.9999823149832785,0.9999888526476797,0.9999935288095242,0.9999967047310463,0.999998564185472,0.9999994545094911,0.9999998106912805,0.9999999311843947,0.9999998454006052,0.999997266759102,0.9999450350733357,0.9988958934910863,0.9782782356584792,0.691627092084798,0.10047308146030859,0.005530358350607641,0.00027663361748218065,1.375381681419767e-05,6.840520897282764e-07,3.914212778434889e-08,0.5009242144177449,0.5009242144177449,0.5009242144177449,0.5009242144177449,0.5009242144177449,0.5009242144177449,0.9999981974593819,0.9999998326504558,0.9999999844316803,0.9999999984531325,0.9999999994483415,0.9999999982984228,0.999999993166144,0.9999999723608279,0.9999998881967588,0.9999995477430422,0.9999981705703777,0.9999925997850154,0.9999700659417655,0.5009242144177449,0.5009242144177449,0.5009242144177449,0.5009242144177449
26.88235294117647,0.5009242144177449,0.5009242144177449,0.5009242144177449,0.5009242144177449,0.5009242144177449,0.5009242144177449,0.5009242144177449,0.5009242144177449,0.5009242144177449,0.5009242144177449,0.5009242144177449,0.5009242144177449,0.5009242144177449,0.5009242144177449,0.5009242144177449,0.5009242144177449,0.5009242144177449,0.5009242144177449,0.5009242144177449,0.5009242144177449,0.5009242144177449,1.6067961430806703e-12,3.3032531537953796e-12,6.8057726596774755e-12,1.40943304785747e-11,2.975243467206787e-11,7.027852763577566e-11,2.892350142960201e-10,3.1173937251453585e-09,5.085148132242032e-08,8.770672180968438e-07,1.4916538178255915e-05,0.00024632506858458526,0.0039078975636204225,0.056562150758220124,0.467612740795721,0.9251948252149607,0.9940845274938421,0.9995432091330532,0.999960869122056,0.999995313053633,0.9999987828400175,0.9999987907527282,0.9999978221234618,0.9999963050630083,0.9999947709900309,0.9999942667957626,0.9999951294113696,0.9999962291944742,0.9999961797724253,0.9999917978040465,0.9999414959237438,0.9991220824365352,0.9861194931577482,0.8252631835370882,0.24805291354120196,0.023153899628819953,0.0017290654041679419,0.00013058422805650854,1.2369007250658749e-05,3.4365210861351455e-06,3.9567492014618056e-06,1.0846059129705229e-05,4.2834721746351266e-05,0.00018548122175182603,0.0008242107211401723,0.004182159954958522,0.09224611302415872,0.9291685973197544,0.9981991636369835,0.9996920554143189,0.9998948717843886,0.9999518403869015,0.99997428588381,0.9999848064059974,0.9999904000792368,0.9999937132485149,0.9999958511720665,0.9999973207356078,0.9999983700300555,0.9999991096356617,0.9999995805486666,0.9999998301753337,0.9999999387155031,0.9999999781472884,0.9999999668653288,0.9999994587614204,0.9999891063116605,0.9997807636145007,0.9956123848049203,0.9186915269102539,0.3600933531443535,0.027259774947351444,0.0013931175002074437,6.939162286391871e-05,3.4479045736380865e-06,0.5009242144177449,0.5009242144177449,0.5009242144177449,0.5009242144177449,0.5009242144177449,0.5009242144177449,0.5009242144177449,0.5009242144177449,0.9999999349775404,0.9999999939497917,0.9999999993933159,0.9999999997627039,0.9999999992460109,0.9999999969691508,0.9999999877416372,0.99999995041366,0.9999997994175167,0.9999991886209559,0.9999967178852358,0.5009242144177449,0.5009242144177449,0.5009242144177449,0.5009242144177449,0.5009242144177449
27.03361344537815,0.5009242144177449,0.5009242144177449,0.5009242144177449,0.5009242144177449,0.5009242144177449,0.5009242144177449,0.5009242144177449,0.5009242144177449,0.5009242144177449,0.5009242144177449,0.5009242144177449,0.5009242144177449,0.5009242144177449,0.5009242144177449,0.5009242144177449,0.5009242144177449,0.5009242144177449,0.5009242144177449,0.5009242144177449,0.5009242144177449,0.5009242144177449,4.750221354332204e-13,9.772837584162523e-13,2.017772509242405e-12,4.224392797284504e-12,9.640328583611469e-12,3.5366389168429294e-11,3.4720009955125977e-10,5.6174903505900584e-09,9.838780565868648e-08,1.713378385053343e-06,2.9178600070419055e-05,0.0004818390124146174,0.007618115718192266,0.10500364183688353,0.6322663758978013,0.9603774771317609,0.9969860775093972,0.9997720926491187,0.9999818108791907,0.9999981999005827,0.9999996246410607,0.9999996432577876,0.999999367708903,0.9999989629880673,0.9999986223252215,0.999998628056529,0.9999989580497926,0.9999992812166258,0.9999991845939024,0.9999949624392404,0.9999261200660181,0.9988762081040763,0.9839422275541886,0.8137387847304304,0.24081839535549823,0.022716579563795976,0.0017083687923630554,0.00012643053379661885,9.498883805422974e-06,8.496815519507553e-07,2.796490901791417e-07,6.381665749691847e-07,2.5028521787641116e-06,1.0814965546228983e-05,4.8257726305014194e-05,0.0003052450198596925,0.017415576131673126,0.7626499313811125,0.9981589566377639,0.9999242840096786,0.9999763910447261,0.9999891810665893,0.9999941969332682,0.9999965521306509,0.9999978111879844,0.9999985592237226,0.9999990404333098,0.999999368374617,0.9999996012280401,0.999999768500919,0.9999998821001183,0.9999999486086343,0.9999999804656187,0.9999999929959319,0.9999999925968995,0.9999998929193229,0.9999978429699073,0.9999565158719896,0.9991262312009068,0.982735457895791,0.7392327410450312,0.12372242240340597,0.006981713824974982,0.5009242144177449,0.5009242144177449,0.5009242144177449,0.5009242144177449,0.5009242144177449,0.5009242144177449,0.5009242144177449,0.5009242144177449,0.5009242144177449,0.5009242144177449,0.5009242144177449,0.5009242144177449,0.9999999997617661,0.9999999998976202,0.9999999996658611,0.9999999986557997,0.999999994563243,0.9999999780077483,0.9999999110387882,0.5009242144177449,0.5009242144177449,0.5009242144177449,0.5009242144177449,0.5009242144177449,0.5009242144177449,0.5009242144177449
27.18487394957983,0.5009242144177449,0.5009242144177449,0.5009242144177449,0.5009242144177449,0.5009242144177449,0.5009242144177449,0.5009242144177449,0.5009242144177449,0.5009242144177449,0.5009242144177449,0.5009242144177449,0.5009242144177449,0.5009242144177449,0.5009242144177449,0.5009242144177449,0.5009242144177449,0.5009242144177449,0.5009242144177449,0.5009242144177449,0.5009242144177449,0.5009242144177449,0.5009242144177449,2.8940694495131816e-13,6.023234249137827e-13,1.3380331928474683e-12,4.410490183065534e-12,3.866142120683336e-11,6.134466808251537e-10,1.084439339313618e-08,1.9216414126120477e-07,3.351576630587563e-06,5.708795852253373e-05,0.0009423543787809398,0.0147987217248959,0.1867223492221361,0.7709392411703401,0.9793777135053684,0.9984646075273732,0.999885506730443,0.999991293481527,0.9999992603511889,0.9999998799569872,0.9999998943984851,0.9999998170349496,0.9999997135667715,0.9999996534135721,0.9999997034862631,0.9999998137102099,0.9999998781943734,0.9999995604365223,0.9999939988818681,0.9999122807790977,0.9987611073556653,0.9831303860626031,0.809934424404631,0.23859378471080928,0.02258451566904581,0.0017031661551008773,0.00012604315414906528,9.325574927516806e-06,6.979611646291308e-07,6.429739747613111e-08,4.0903193618319153e-08,1.4661758899977142e-07,6.31665852252783e-07,2.8782501104630273e-06,3.109492687231281e-05,0.0037494688942664874,0.4360888232967378,0.9940326161619456,0.9999592195921779,0.9999948262002553,0.9999976381147375,0.999998714246566,0.9999992270232372,0.9999995052724135,0.9999996722549325,0.9999997799716923,0.999999853069071,0.9999999046103993,0.9999999418211335,0.999999968164879,0.9999999849794481,0.999999993910574,0.9999999977583951,0.99999999825506,0.9999999788387338,0.9999995734804582,0.9999913818135553,0.9998265302341579,0.9965252679358568,0.93455800111442,0.5009242144177449,0.5009242144177449,0.5009242144177449,0.5009242144177449,0.5009242144177449,0.5009242144177449,0.5009242144177449,0.5009242144177449,0.5009242144177449,0.5009242144177449,0.5009242144177449,0.5009242144177449,0.5009242144177449,0.5009242144177449,0.5009242144177449,0.5009242144177449,0.5009242144177449,0.5009242144177449,0.5009242144177449,0.5009242144177449,0.5009242144177449,0.5009242144177449,0.5009242144177449,0.5009242144177449,0.5009242144177449,0.5009242144177449,0.5009242144177449,0.5009242144177449
27.33613445378151,0.5009242144177449,0.5009242144177449,0.5009242144177449,0.5009242144177449,0.5009242144177449,0.5009242144177449,0.5009242144177449,0.5009242144177449,0.5009242144177449,0.5009242144177449,0.5009242144177449,0.5009242144177449,0.5009242144177449,0.5009242144177449,0.5009242144177449,0.5009242144177449,0.5009242144177449,0.5009242144177449,0.5009242144177449,0.5009242144177449,0.5009242144177449,0.5009242144177449,0.5009242144177449,1.8744988333442146e-13,5.617930927945112e-13,4.325600599500514e-12,6.650171686416601e-11,1.1803837389828438e-09,2.1173442479767196e-08,3.758856923182149e-07,6.557490254055659e-06,0.00011169359466876696,0.0018422105043032573,0.02855303711069015,0.31001254702452474,0.8682199826178497,0.9893671298712181,0.9992179289155273,0.9999422710347773,0.9999957566612717,0.9999996786290501,0.9999999597792688,0.9999999686778137,0.9999999475863136,0.9999999241045682,0.999999922769559,0.9999999494848597,0.999999974462249,0.9999999581997706,0.9999995188306755,0.9999932241379715,0.9999061416791698,0.9987174201765162,0.9828381748928876,0.8085798446228851,0.23779059057579763,0.02253488399872484,0.0017011872148213877,0.00012595525506629035,9.312851056719521e-06,6.889676340062658e-07,5.16764381645237e-08,5.937399869161257e-09,8.841547574443412e-09,3.700713478094176e-08,1.8314731657812746e-07,5.0070963602472136e-06,0.0009148792263813861,0.167957465050517,0.9786900740096008,0.9999034011190558,0.9999985396550451,0.9999994893110646,0.9999997171991234,0.9999998275426221,0.9999998886009759,0.9999999257261305,0.9999999498082633,0.9999999661267778,0.9999999775579516,0.9999999857829812,0.9999999917274806,0.9999999957782484,0.9999999981563472,0.9999999992903857,0.9999999995631573,0.9999999958234219,0.9999999158350832,0.9999982936174331,0.9999655946592916,0.9993085275575821,0.9862906191414331,0.5009242144177449,0.5009242144177449,0.5009242144177449,0.5009242144177449,0.5009242144177449,0.5009242144177449,0.5009242144177449,0.5009242144177449,0.5009242144177449,0.5009242144177449,0.5009242144177449,0.5009242144177449,0.5009242144177449,0.5009242144177449,0.5009242144177449,0.5009242144177449,0.5009242144177449,0.5009242144177449,0.5009242144177449,0.5009242144177449,0.5009242144177449,0.5009242144177449,0.5009242144177449,0.5009242144177449,0.5009242144177449,0.5009242144177449,0.5009242144177449,0.5009242144177449
27.48739495798319,0.5009242144177449,0.5009242144177449,0.5009242144177449,0.5009242144177449,0.5009242144177449,0.5009242144177449,0.5009242144177449,0.5009242144177449,0.5009242144177449,0.5009242144177449,0.5009242144177449,0.5009242144177449,0.5009242144177449,0.5009242144177449,0.5009242144177449,0.5009242144177449,0.5009242144177449,0.5009242144177449,0.5009242144177449,0.5009242144177449,0.5009242144177449,0.5009242144177449,0.5009242144177449,7.30734322554498e-14,4.884718719494995e-13,7.1803197577931215e-12,1.2737574125431502e-10,2.3035378875263155e-09,4.1414613606836337e-08,7.35432863362863e-07,1.2830399403958343e-05,0.000218520591824104,0.0035982618670403247,0.054385719298280184,0.4678812960123749,0.9280450554049492,0.9945449046644899,0.9996017308699381,0.9999708430526298,0.9999979107834552,0.9999998545928449,0.9999999857741003,0.9999999907249505,0.9999999854595608,0.999999982225534,0.9999999870629813,0.9999999939339764,0.9999999949583447,0.9999999591614317,0.9999994587511362,0.9999927356997742,0.9999024590194081,0.9986898192016608,0.982635684201051,0.8075301442542675,0.2370869072507826,0.022485190407812244,0.0016989351436016093,0.00012585554912093134,9.307903775966679e-06,6.882527890955976e-07,5.0928394449509755e-08,3.889148287004596e-09,7.795166475605018e-10,2.2013148163898274e-09,1.4463636753337734e-08,1.1258620633688752e-06,0.0002431564364216152,0.05289811922647203,0.9288499680151114,0.9996754813172084,0.9999984176617681,0.9999998849396651,0.9999999378683018,0.999999961565496,0.9999999749474917,0.9999999831981057,0.999999988585794,0.9999999922376148,0.9999999947824224,0.9999999966007769,0.9999999979219116,0.9999999988604539,0.9999999994611855,0.9999999997797396,0.9999999998841731,0.9999999991766065,0.9999999834420866,0.9999996626232823,0.9999931812921042,0.9998627415341002,0.5009242144177449,0.5009242144177449,0.5009242144177449,0.5009242144177449,0.5009242144177449,0.5009242144177449,0.5009242144177449,0.5009242144177449,0.5009242144177449,0.5009242144177449,0.5009242144177449,0.5009242144177449,0.5009242144177449,0.5009242144177449,0.5009242144177449,0.5009242144177449,0.5009242144177449,0.5009242144177449,0.5009242144177449,0.5009242144177449,0.5009242144177449,0.5009242144177449,0.5009242144177449,0.5009242144177449,0.5009242144177449,0.5009242144177449,0.5009242144177449,0.5009242144177449,0.5009242144177449
27.63865546218487,0.5009242144177449,0.5009242144177449,0.5009242144177449,0.5009242144177449,0.5009242144177449,0.5009242144177449,0.5009242144177449,0.5009242144177449,0.5009242144177449,0.5009242144177449,0.5009242144177449,0.5009242144177449,0.5009242144177449,0.5009242144177449,0.5009242144177449,0.5009242144177449,0.5009242144177449,0.5009242144177449,0.5009242144177449,0.5009242144177449,0.5009242144177449,0.5009242144177449,0.5009242144177449,0.5009242144177449,7.742121401130511e-13,1.3666092242334688e-11,2.484015914846023e-10,4.505319799407734e-09,8.102846092340662e-08,1.4389536053751173e-06,2.5103993396421895e-05,0.00042747738440489236,0.007016496042025927,0.101157129736991,0.6324590829880214,0.9619047550776426,0.9972087493766534,0.9997972469640836,0.9999852669739191,0.9999989662073349,0.9999999324760283,0.9999999946854271,0.9999999972977811,0.9999999963802538,0.9999999969431662,0.9999999985424906,0.999999999120755,0.9999999953885789,0.9999999473020719,0.9999993568333758,0.999991902570504,0.999895641998835,0.998633959351491,0.9821900781369547,0.8050485582610958,0.23532187321574596,0.022353153436150328,0.001692652325500243,0.00012556801034353265,9.294752369183948e-06,6.876237822907525e-07,5.085774879934925e-08,3.7679292611518455e-09,3.0741979612939464e-10,1.5263733487959447e-10,1.8499357666122132e-09,2.9632084599906344e-07,6.808918126487678e-05,0.015747343051608333,0.7914484859302098,0.9988968163463984,0.9999953436186881,0.9999999572615329,0.9999999862610484,0.9999999914283266,0.9999999943661119,0.9999999962019566,0.9999999974089923,0.9999999982281965,0.9999999987969621,0.9999999992003406,0.9999999994923305,0.9999999997040203,0.9999999998486262,0.9999999999335049,0.9999999999678975,0.999999999837736,0.9999999967569975,0.9999999334375625,0.9999986499498819,0.9999727776613127,0.5009242144177449,0.5009242144177449,0.5009242144177449,0.5009242144177449,0.5009242144177449,0.5009242144177449,0.5009242144177449,0.5009242144177449,0.5009242144177449,0.5009242144177449,0.5009242144177449,0.5009242144177449,0.5009242144177449,0.5009242144177449,0.5009242144177449,0.5009242144177449,0.5009242144177449,0.5009242144177449,0.5009242144177449,0.5009242144177449,0.5009242144177449,0.5009242144177449,0.5009242144177449,0.5009242144177449,0.5009242144177449,0.5009242144177449,0.5009242144177449,0.5009242144177449,0.5009242144177449
27.789915966386552,0.5009242144177449,0.5009242144177449,0.5009242144177449,0.5009242144177449,0.5009242144177449,0.5009242144177449,0.5009242144177449,0.5009242144177449,0.5009242144177449,0.5009242144177449,0.5009242144177449,0.5009242144177449,0.5009242144177449,0.5009242144177449,0.5009242144177449,0.5009242144177449,0.5009242144177449,0.5009242144177449,0.5009242144177449,0.5009242144177449,0.5009242144177449,0.5009242144177449,0.5009242144177449,0.5009242144177449,0.5009242144177449,2.66248413658602e-11,4.857792837355001e-10,8.814643931932478e-09,1.5854069815460454e-07,2.815483756077212e-06,4.9118040726428374e-05,0.0008360801791228938,0.013637558997256405,0.18047657759727265,0.7710487388538019,0.9801729720095491,0.9985738805788851,0.9998968248997518,0.9999925578054151,0.9999994876073648,0.9999999682068882,0.9999999979312705,0.9999999992694238,0.9999999993325214,0.9999999996563803,0.9999999997892606,0.9999999990486863,0.9999999911166759,0.9999999105501464,0.9999990501354287,0.9999893444887911,0.9998742987568557,0.99845623965335,0.9807560448435352,0.7970676712674845,0.22970368183399337,0.02192735601618189,0.0016720990300054187,0.0001246179862330077,9.251102345816136e-06,6.856209504230617e-07,5.0763583127581406e-08,3.7567079089047255e-09,2.7956994982222744e-10,2.948920999302991e-11,3.9046865642892933e-10,8.333216837330221e-08,1.9637964870491053e-05,0.004649825275708768,0.5275822495561835,0.996279777160765,0.9999844493294355,0.9999999303128134,0.9999999967199272,0.9999999980846803,0.999999998732369,0.9999999991416234,0.9999999994124656,0.9999999995966233,0.9999999997241811,0.9999999998140641,0.9999999998786387,0.9999999999256824,0.9999999999591664,0.9999999999806076,0.9999999999908789,0.9999999999679756,0.9999999993689177,0.9999999869090025,0.9999997330879763,0.5009242144177449,0.5009242144177449,0.5009242144177449,0.5009242144177449,0.5009242144177449,0.5009242144177449,0.5009242144177449,0.5009242144177449,0.5009242144177449,0.5009242144177449,0.5009242144177449,0.5009242144177449,0.5009242144177449,0.5009242144177449,0.5009242144177449,0.5009242144177449,0.5009242144177449,0.5009242144177449,0.5009242144177449,0.5009242144177449,0.5009242144177449,0.5009242144177449,0.5009242144177449,0.5009242144177449,0.5009242144177449,0.5009242144177449,0.5009242144177449,0.5009242144177449,0.5009242144177449,0.5009242144177449
27.941176470588236,0.5009242144177449,0.5009242144177449,0.5009242144177449,0.5009242144177449,0.5009242144177449,0.5009242144177449,0.5009242144177449,0.5009242144177449,0.5009242144177449,0.5009242144177449,0.5009242144177449,0.5009242144177449,0.5009242144177449,0.5009242144177449,0.5009242144177449,0.5009242144177449,0.5009242144177449,0.5009242144177449,0.5009242144177449,0.5009242144177449,0.5009242144177449,0.5009242144177449,0.5009242144177449,0.5009242144177449,0.5009242144177449,0.5009242144177449,0.5009242144177449,1.724674367613927e-08,3.1020371047343607e-07,5.508828340518054e-06,9.610138940313457e-05,0.0016346090344983614,0.02634092751032232,0.3011562815555081,0.8682687505500423,0.9897748275736586,0.9992719990695716,0.9999475245588977,0.9999962439961534,0.9999997462537408,0.9999999850144992,0.9999999992019608,0.9999999998459541,0.999999999920407,0.9999999999390589,0.9999999996860705,0.9999999973251322,0.9999999764441871,0.9999997878081341,0.9999980238781746,0.9999807636428525,0.9998025670021219,0.9978584107943134,0.975953068192952,0.7712703032786472,0.21256799824638822,0.02060151907166303,0.0016061764291171565,0.00012150950080830308,9.106463966963777e-06,6.789368216707334e-07,5.0455843427520086e-08,3.742178120813138e-09,2.772995924275019e-10,2.1382828169790445e-11,1.0518539251136195e-10,2.413244724976015e-08,5.753746564508783e-06,0.0013758418643170193,0.24852760075515085,0.9875794950712656,0.9999477404309498,0.9999997818731021,0.9999999984330915,0.9999999995680696,0.9999999997145599,0.9999999998059872,0.9999999998668503,0.99999999990832,0.9999999999370066,0.9999999999571191,0.999999999971452,0.9999999999818514,0.9999999999894014,0.9999999999945611,0.9999999999973975,0.9999999999936469,0.9999999998783189,0.999999997437296,0.9999999473436959,0.5009242144177449,0.5009242144177449,0.5009242144177449,0.5009242144177449,0.5009242144177449,0.5009242144177449,0.5009242144177449,0.5009242144177449,0.5009242144177449,0.5009242144177449,0.5009242144177449,0.5009242144177449,0.5009242144177449,0.5009242144177449,0.5009242144177449,0.5009242144177449,0.5009242144177449,0.5009242144177449,0.5009242144177449,0.5009242144177449,0.5009242144177449,0.5009242144177449,0.5009242144177449,0.5009242144177449,0.5009242144177449,0.5009242144177449,0.5009242144177449,0.5009242144177449,0.5009242144177449,0.5009242144177449
28.092436974789916,0.5009242144177449,0.5009242144177449,0.5009242144177449,0.5009242144177449,0.5009242144177449,0.5009242144177449,0.5009242144177449,0.5009242144177449,0.5009242144177449,0.5009242144177449,0.5009242144177449,0.5009242144177449,0.5009242144177449,0.5009242144177449,0.5009242144177449,0.5009242144177449,0.5009242144177449,0.5009242144177449,0.5009242144177449,0.5009242144177449,0.5009242144177449,0.5009242144177449,0.5009242144177449,0.5009242144177449,0.5009242144177449,0.5009242144177449,0.5009242144177449,0.5009242144177449,6.06951070350135e-07,1.0778654291351798e-05,0.0001880178811607583,0.0031933714488674996,0.05027460951084735,0.4574881927149592,0.9280604670435784,0.9947521009834234,0.9996285919956966,0.9999733274833973,0.9999981071022012,0.999999874889982,0.9999999931235238,0.9999999997382267,0.9999999999784684,0.9999999999803273,0.9999999998788516,0.9999999989839403,0.9999999913936142,0.9999999268219095,0.9999993727987173,0.9999945530157783,0.999951737047589,0.9995599422201162,0.995840699553555,0.9600416607010253,0.69512400118122,0.16971437498777903,0.017101327428578873,0.0014170572395449446,0.0001120479629008833,8.648700593118308e-06,6.572452784252291e-07,4.9441617883356493e-08,3.6951352300698523e-09,2.7503548293841146e-10,2.056697006518e-11,3.1207754888391904e-11,7.079790615111213e-09,1.6985968080279061e-06,0.000408096438728351,0.08944588337649363,0.9594346116052872,0.99982449988519,0.999999271229596,0.9999999968291132,0.9999999998915184,0.9999999999356309,0.9999999999561394,0.9999999999698346,0.9999999999791855,0.9999999999856503,0.9999999999901664,0.9999999999933621,0.9999999999956627,0.9999999999973406,0.999999999998535,0.9999999999992673,0.9999999999987255,0.9999999999768379,0.9999999995017091,0.5009242144177449,0.5009242144177449,0.5009242144177449,0.5009242144177449,0.5009242144177449,0.5009242144177449,0.5009242144177449,0.5009242144177449,0.5009242144177449,0.5009242144177449,0.5009242144177449,0.5009242144177449,0.5009242144177449,0.5009242144177449,0.5009242144177449,0.5009242144177449,0.5009242144177449,0.5009242144177449,0.5009242144177449,0.5009242144177449,0.5009242144177449,0.5009242144177449,0.5009242144177449,0.5009242144177449,0.5009242144177449,0.5009242144177449,0.5009242144177449,0.5009242144177449,0.5009242144177449,0.5009242144177449,0.5009242144177449
28.243697478991596,0.5009242144177449,0.5009242144177449,0.5009242144177449,0.5009242144177449,0.5009242144177449,0.5009242144177449,0.5009242144177449,0.5009242144177449,0.5009242144177449,0.5009242144177449,0.5009242144177449,0.5009242144177449,0.5009242144177449,0.5009242144177449,0.5009242144177449,0.5009242144177449,0.5009242144177449,0.5009242144177449,0.5009242144177449,0.5009242144177449,0.5009242144177449,0.5009242144177449,0.5009242144177449,0.5009242144177449,0.5009242144177449,0.5009242144177449,0.5009242144177449,0.5009242144177449,0.5009242144177449,0.5009242144177449,0.5009242144177449,0.5009242144177449,0.5009242144177449,0.6226701637907975,0.9619055860332836,0.9973134864311769,0.9998106055831631,0.999986453408199,0.9999990485016209,0.999999939278385,0.9999999972073955,0.9999999999437816,0.9999999999927978,0.9999999999516016,0.9999999995932929,0.9999999965827905,0.9999999713089844,0.999999758843312,0.9999979678988292,0.9999828032334988,0.9998534834817436,0.9987394257415242,0.9890699524607734,0.9098235365248555,0.5209855120300078,0.10086880383193574,0.01085655986526661,0.0010131716190564816,8.867188360251064e-05,7.390870343601156e-06,5.930919850278114e-07,4.629129312449043e-08,3.5443602858020437e-09,2.6793451136598074e-10,2.0124553557883484e-11,1.0136230384314459e-11,2.082642169246387e-09,5.022438054097286e-07,0.00012108620518917156,0.02836759641619307,0.8755931234299771,0.9994109262875246,0.9999975547266683,0.9999999898230515,0.9999999999363904,0.9999999999853216,0.9999999999900812,0.9999999999931669,0.9999999999952776,0.9999999999967367,0.9999999999977535,0.9999999999984692,0.99999999999898,0.9999999999993509,0.9999999999996201,0.9999999999997992,0.9999999999997394,0.9999999999956671,0.5009242144177449,0.5009242144177449,0.5009242144177449,0.5009242144177449,0.5009242144177449,0.5009242144177449,0.5009242144177449,0.5009242144177449,0.5009242144177449,0.5009242144177449,0.5009242144177449,0.5009242144177449,0.5009242144177449,0.5009242144177449,0.5009242144177449,0.5009242144177449,0.5009242144177449,0.5009242144177449,0.5009242144177449,0.5009242144177449,0.5009242144177449,0.5009242144177449,0.5009242144177449,0.5009242144177449,0.5009242144177449,0.5009242144177449,0.5009242144177449,0.5009242144177449,0.5009242144177449,0.5009242144177449,0.5009242144177449,0.5009242144177449
28.394957983193276,0.5009242144177449,0.5009242144177449,0.5009242144177449,0.5009242144177449,0.5009242144177449,0.5009242144177449,0.5009242144177449,0.5009242144177449,0.5009242144177449,0.5009242144177449,0.5009242144177449,0.5009242144177449,0.5009242144177449,0.5009242144177449,0.5009242144177449,0.5009242144177449,0.5009242144177449,0.5009242144177449,0.5009242144177449,0.5009242144177449,0.5009242144177449,0.5009242144177449,0.5009242144177449,0.5009242144177449,0.5009242144177449,0.5009242144177449,0.5009242144177449,0.5009242144177449,0.5009242144177449,0.5009242144177449,0.5009242144177449,0.5009242144177449,0.5009242144177449,0.5009242144177449,0.9801689676364254,0.9986266228680117,0.9999034639801072,0.9999931280320999,0.999999525027632,0.999999972344115,0.9999999992139212,0.9999999999904244,0.9999999999805088,0.999999999835668,0.9999999986211745,0.9999999884524732,0.9999999033112659,0.9999991901387167,0.9999932115117414,0.9999430252530613,0.9995209792929157,0.9959714529859628,0.9668149838609361,0.7729394061146767,0.28189647601521495,0.042499815241809735,0.0048546942885479795,0.0005156196109999608,5.1966521196368545e-05,4.952371191137067e-06,4.457768663978356e-07,3.807710141428583e-08,3.114156778261493e-09,2.4641224242539187e-10,1.9054465785021854e-11,3.923026664114478e-12,6.059146876699188e-10,1.4747125136422054e-07,3.576462736831754e-05,0.008579756307267122,0.6764690989945783,0.9980226382243936,0.9999917877366368,0.9999999659414971,0.9999999998539478,0.9999999999961416,0.9999999999977541,0.9999999999984523,0.9999999999989292,0.9999999999992588,0.9999999999994882,0.9999999999996488,0.999999999999763,0.999999999999845,0.9999999999999049,0.9999999999999467,0.9999999999999452,0.9999999999992075,0.5009242144177449,0.5009242144177449,0.5009242144177449,0.5009242144177449,0.5009242144177449,0.5009242144177449,0.5009242144177449,0.5009242144177449,0.5009242144177449,0.5009242144177449,0.5009242144177449,0.5009242144177449,0.5009242144177449,0.5009242144177449,0.5009242144177449,0.5009242144177449,0.5009242144177449,0.5009242144177449,0.5009242144177449,0.5009242144177449,0.5009242144177449,0.5009242144177449,0.5009242144177449,0.5009242144177449,0.5009242144177449,0.5009242144177449,0.5009242144177449,0.5009242144177449,0.5009242144177449,0.5009242144177449,0.5009242144177449,0.5009242144177449
28.546218487394956,0.5009242144177449,0.5009242144177449,0.5009242144177449,0.5009242144177449,0.5009242144177449,0.5009242144177449,0.5009242144177449,0.5009242144177449,0.5009242144177449,0.5009242144177449,0.5009242144177449,0.5009242144177449,0.5009242144177449,0.5009242144177449,0.5009242144177449,0.5009242144177449,0.5009242144177449,0.5009242144177449,0.5009242144177449,0.5009242144177449,0.5009242144177449,0.5009242144177449,0.5009242144177449,0.5009242144177449,0.5009242144177449,0.5009242144177449,0.5009242144177449,0.5009242144177449,0.5009242144177449,0.5009242144177449,0.5009242144177449,0.5009242144177449,0.5009242144177449,0.5009242144177449,0.5009242144177449,0.5009242144177449,0.9999508217441122,0.9999965235802982,0.9999997691950153,0.9999999900165875,0.9999999998708962,0.9999999999914155,0.9999999999335232,0.9999999994421023,0.9999999953299484,0.9999999609266931,0.9999996730973835,0.9999972647258725,0.999977108524689,0.9998083755825982,0.9983968860887436,0.9867129911684921,0.8983770290518376,0.5120936570294964,0.11038664723878427,0.014362255719050171,0.0016905391854016671,0.00019365095028996287,2.1639512803236924e-05,2.3392993693235733e-06,2.421466422577763e-07,2.378682712561779e-08,2.2071561201290957e-09,1.9372779138266953e-10,1.6199648660752184e-11,1.964408449784608e-12,1.6854131084058478e-10,4.2069044161758926e-08,1.037233003933955e-05,0.0025296520136094437,0.3814811687837174,0.9933551142947052,0.99997234406369,0.9999998855038644,0.9999999995245434,0.9999999999972946,0.9999999999994844,0.9999999999996492,0.9999999999997574,0.9999999999998317,0.9999999999998838,0.9999999999999198,0.9999999999999452,0.9999999999999636,0.9999999999999769,0.9999999999999862,0.9999999999999881,0.5009242144177449,0.5009242144177449,0.5009242144177449,0.5009242144177449,0.5009242144177449,0.5009242144177449,0.5009242144177449,0.5009242144177449,0.5009242144177449,0.5009242144177449,0.5009242144177449,0.5009242144177449,0.5009242144177449,0.5009242144177449,0.5009242144177449,0.5009242144177449,0.5009242144177449,0.5009242144177449,0.5009242144177449,0.5009242144177449,0.5009242144177449,0.5009242144177449,0.5009242144177449,0.5009242144177449,0.5009242144177449,0.5009242144177449,0.5009242144177449,0.5009242144177449,0.5009242144177449,0.5009242144177449,0.5009242144177449,0.5009242144177449,0.5009242144177449
28.697478991596636,0.5009242144177449,0.5009242144177449,0.5009242144177449,0.5009242144177449,0.5009242144177449,0.5009242144177449,0.5009242144177449,0.5009242144177449,0.5009242144177449,0.5009242144177449,0.5009242144177449,0.5009242144177449,0.5009242144177449,0.5009242144177449,0.5009242144177449,0.5009242144177449,0.5009242144177449,0.5009242144177449,0.5009242144177449,0.5009242144177449,0.5009242144177449,0.5009242144177449,0.5009242144177449,0.5009242144177449,0.5009242144177449,0.5009242144177449,0.5009242144177449,0.5009242144177449,0.5009242144177449,0.5009242144177449,0.5009242144177449,0.5009242144177449,0.5009242144177449,0.5009242144177449,0.5009242144177449,0.5009242144177449,0.5009242144177449,0.9999982590348241,0.9999998997599316,0.9999999978489608,0.9999999999819342,0.9999999999730496,0.9999999997741873,0.999999998109778,0.9999999841873737,0.9999998677351476,0.999998893681101,0.9999907460592878,0.999922593735647,0.9993527717109616,0.9946098303938623,0.9566062534772297,0.7246973985856986,0.23901081844349328,0.03607570713184154,0.004430749495167809,0.0005271971088512403,6.218547945041145e-05,7.271813842427988e-06,8.395443269143376e-07,9.508821075081135e-08,1.0475923425201542e-08,1.1113210295982041e-09,1.123798120905529e-10,1.0754328778764417e-11,1.1188250085090156e-12,4.112170022121364e-11,1.0970373412414992e-08,2.835520046508217e-06,0.0007149609846985565,0.15081358210727458,0.9775843192011147,0.9999059842266517,0.9999996127505176,0.9999999984004465,0.9999999999932171,0.9999999999998577,0.9999999999999206,0.9999999999999449,0.9999999999999618,0.9999999999999737,0.9999999999999817,0.9999999999999875,0.9999999999999916,0.9999999999999946,0.9999999999999966,0.5009242144177449,0.5009242144177449,0.5009242144177449,0.5009242144177449,0.5009242144177449,0.5009242144177449,0.5009242144177449,0.5009242144177449,0.5009242144177449,0.5009242144177449,0.5009242144177449,0.5009242144177449,0.5009242144177449,0.5009242144177449,0.5009242144177449,0.5009242144177449,0.5009242144177449,0.5009242144177449,0.5009242144177449,0.5009242144177449,0.5009242144177449,0.5009242144177449,0.5009242144177449,0.5009242144177449,0.5009242144177449,0.5009242144177449,0.5009242144177449,0.5009242144177449,0.5009242144177449,0.5009242144177449,0.5009242144177449,0.5009242144177449,0.5009242144177449,0.5009242144177449
28.84873949579832,0.5009242144177449,0.5009242144177449,0.5009242144177449,0.5009242144177449,0.5009242144177449,0.5009242144177449,0.5009242144177449,0.5009242144177449,0.5009242144177449,0.5009242144177449,0.5009242144177449,0.5009242144177449,0.5009242144177449,0.5009242144177449,0.5009242144177449,0.5009242144177449,0.5009242144177449,0.5009242144177449,0.5009242144177449,0.5009242144177449,0.5009242144177449,0.5009242144177449,0.5009242144177449,0.5009242144177449,0.5009242144177449,0.5009242144177449,0.5009242144177449,0.5009242144177449,0.5009242144177449,0.5009242144177449,0.5009242144177449,0.5009242144177449,0.5009242144177449,0.5009242144177449,0.5009242144177449,0.5009242144177449,0.5009242144177449,0.5009242144177449,0.5009242144177449,0.9999999997141419,0.9999999999875919,0.9999999999086067,0.999999999234844,0.9999999935992036,0.9999999464630458,0.9999995522241089,0.9999962548807769,0.9999686769442603,0.9997380713478812,0.9978133468560891,0.9819988743936902,0.8670388556003233,0.4380083190681036,0.08519542143905856,0.01100150968541447,0.001326111328177779,0.00015832642441635316,1.8853074422541044e-05,2.2389232458966528e-06,2.6479317202883866e-07,3.11139550572776e-08,3.6191698918300467e-09,4.1452754118051936e-10,4.640625549179303e-11,5.030418350731772e-12,5.46053424172603e-13,7.617256713116653e-12,2.29811816586169e-09,6.601612491040794e-07,0.00018050020975517427,0.045312990484104455,0.9237835190170015,0.9996703968637901,0.9999986643792346,0.999999994541591,0.99999999997753,0.9999999999998815,0.9999999999999817,0.9999999999999876,0.9999999999999913,0.9999999999999941,0.9999999999999959,0.9999999999999971,0.999999999999998,0.9999999999999987,0.5009242144177449,0.5009242144177449,0.5009242144177449,0.5009242144177449,0.5009242144177449,0.5009242144177449,0.5009242144177449,0.5009242144177449,0.5009242144177449,0.5009242144177449,0.5009242144177449,0.5009242144177449,0.5009242144177449,0.5009242144177449,0.5009242144177449,0.5009242144177449,0.5009242144177449,0.5009242144177449,0.5009242144177449,0.5009242144177449,0.5009242144177449,0.5009242144177449,0.5009242144177449,0.5009242144177449,0.5009242144177449,0.5009242144177449,0.5009242144177449,0.5009242144177449,0.5009242144177449,0.5009242144177449,0.5009242144177449,0.5009242144177449,0.5009242144177449,0.5009242144177449,0.5009242144177449
29.0,0.5009242144177449,0.5009242144177449,0.5009242144177449,0.5009242144177449,0.5009242144177449,0.5009242144177449,0.5009242144177449,0.5009242144177449,0.5009242144177449,0.5009242144177449,0.5009242144177449,0.5009242144177449,0.5009242144177449,0.5009242144177449,0.5009242144177449,0.5009242144177449,0.5009242144177449,0.5009242144177449,0.5009242144177449,0.5009242144177449,0.5009242144177449,0.5009242144177449,0.5009242144177449,0.5009242144177449,0.5009242144177449,0.5009242144177449,0.5009242144177449,0.5009242144177449,0.5009242144177449,0.5009242144177449,0.5009242144177449,0.5009242144177449,0.5009242144177449,0.5009242144177449,0.5009242144177449,0.5009242144177449,0.5009242144177449,0.5009242144177449,0.5009242144177449,0.999999999964805,0.9999999999628725,0.999999999690276,0.9999999974089364,0.9999999783282364,0.9999998187428951,0.999998484024436,0.9999873210020693,0.9998939664796872,0.999113853454613,0.9926364627440971,0.9415793915698689,0.6583453048251279,0.18723532120706798,0.026800981633175118,0.003280941731184399,0.0003932347251302651,4.699701235831581e-05,5.612392199000831e-06,6.696904383049412e-07,7.981001882480896e-08,9.492305607195555e-09,1.1253726798010334e-09,1.3274350715102414e-10,1.553316529107693e-11,1.7953291628625855e-12,2.0641131177091875e-13,1.006789219520197e-12,3.4148943557525417e-10,1.1301402961653942e-07,3.540572489083796e-05,0.010367664191491746,0.5009242144177449,0.9987326940212436,0.999995102187838,0.9999999806204356,0.9999999999220035,0.9999999999996766,0.9999999999999944,0.9999999999999972,0.9999999999999981,0.9999999999999987,0.999999999999999,0.9999999999999994,0.5009242144177449,0.5009242144177449,0.5009242144177449,0.5009242144177449,0.5009242144177449,0.5009242144177449,0.5009242144177449,0.5009242144177449,0.5009242144177449,0.5009242144177449,0.5009242144177449,0.5009242144177449,0.5009242144177449,0.5009242144177449,0.5009242144177449,0.5009242144177449,0.5009242144177449,0.5009242144177449,0.5009242144177449,0.5009242144177449,0.5009242144177449,0.5009242144177449,0.5009242144177449,0.5009242144177449,0.5009242144177449,0.5009242144177449,0.5009242144177449,0.5009242144177449,0.5009242144177449,0.5009242144177449,0.5009242144177449,0.5009242144177449,0.5009242144177449,0.5009242144177449,0.5009242144177449,0.5009242144177449,0.5009242144177449
